stage,name,tag,n,avg_R,win_rate,PF,t_stat,trades_per_year,maxDD_R,L_n,L_avg_R,L_win_rate,L_PF,L_t_stat,L_trades_per_year,L_maxDD_R,S_n,S_avg_R,S_win_rate,S_PF,S_t_stat,S_trades_per_year,S_maxDD_R,yrs_pos,L_yrs_pos,S_yrs_pos,params,group,keep,filter,sl_k,tp_r
s02,default,,1828.0,0.0078,0.391,1.015,0.23,230.2,43.5,976.0,-0.0082,0.383,0.985,-0.18,123.0,42.4,852.0,0.0261,0.399,1.048,0.53,107.3,44.6,4,4,4,{},0 base,1.0,,,
s02,comp10<=0.6,,185.0,0.0783,0.314,1.114,0.55,24.5,23.3,94.0,0.1914,0.298,1.273,0.86,12.5,13.3,91.0,-0.0384,0.33,0.943,-0.22,12.1,17.5,4,3,4,"{""comp_n"": 10, ""comp_max"": 0.6}",A comp_max,0.101,,,
s02,comp10<=0.8,,602.0,-0.052,0.326,0.92,-0.79,76.1,51.0,324.0,-0.0565,0.318,0.914,-0.63,41.1,31.0,278.0,-0.0469,0.335,0.927,-0.49,35.1,36.7,3,3,3,"{""comp_n"": 10, ""comp_max"": 0.8}",A comp_max,0.329,,,
s02,comp10<=1.0,,1028.0,-0.0301,0.349,0.951,-0.62,129.5,65.8,543.0,-0.037,0.348,0.94,-0.54,68.6,36.7,485.0,-0.0224,0.351,0.963,-0.32,61.1,45.8,2,2,2,"{""comp_n"": 10, ""comp_max"": 1.0}",A comp_max,0.562,,,
s02,comp10<=1.2,,1319.0,-0.0167,0.363,0.972,-0.39,166.1,53.8,686.0,-0.0314,0.353,0.948,-0.53,86.6,35.6,633.0,-0.0008,0.374,0.999,-0.01,79.8,44.2,3,4,2,"{""comp_n"": 10, ""comp_max"": 1.2}",A comp_max,0.722,,,
s02,comp20<=0.6,,184.0,0.0112,0.288,1.016,0.08,23.3,26.7,103.0,0.0586,0.252,1.079,0.28,13.6,15.9,81.0,-0.0492,0.333,0.926,-0.28,10.2,18.9,5,3,4,"{""comp_n"": 20, ""comp_max"": 0.6}",A comp_max,0.101,,,
s02,comp20<=0.8,,600.0,-0.0477,0.315,0.928,-0.71,75.6,48.2,321.0,-0.0189,0.327,0.971,-0.2,40.6,22.5,279.0,-0.0807,0.301,0.881,-0.82,35.2,39.5,2,3,3,"{""comp_n"": 20, ""comp_max"": 0.8}",A comp_max,0.328,,,
s02,comp20<=1.0,,1038.0,-0.0212,0.343,0.966,-0.43,130.7,55.1,546.0,-0.0191,0.341,0.969,-0.27,68.9,29.1,492.0,-0.0236,0.346,0.962,-0.33,62.0,44.5,2,3,4,"{""comp_n"": 20, ""comp_max"": 1.0}",A comp_max,0.568,,,
s02,comp20<=1.2,,1321.0,-0.0051,0.369,0.991,-0.12,166.4,62.7,681.0,-0.0093,0.366,0.984,-0.15,85.8,35.1,640.0,-0.0007,0.373,0.999,-0.01,80.7,46.6,3,3,3,"{""comp_n"": 20, ""comp_max"": 1.2}",A comp_max,0.723,,,
s02,comp50<=0.6,,202.0,0.0592,0.292,1.082,0.42,26.1,26.3,104.0,0.046,0.25,1.062,0.22,13.8,16.7,98.0,0.0733,0.337,1.105,0.39,12.6,16.8,4,4,5,"{""comp_n"": 50, ""comp_max"": 0.6}",A comp_max,0.111,,,
s02,comp50<=0.8,,603.0,-0.0036,0.325,0.994,-0.05,77.7,52.9,324.0,-0.0249,0.315,0.962,-0.25,41.8,38.0,279.0,0.021,0.337,1.032,0.2,36.0,27.0,3,3,4,"{""comp_n"": 50, ""comp_max"": 0.8}",A comp_max,0.33,,,
s02,comp50<=1.0,,1029.0,-0.0207,0.346,0.967,-0.41,130.3,51.3,549.0,-0.014,0.346,0.978,-0.2,69.5,30.8,480.0,-0.0285,0.346,0.954,-0.4,61.0,35.3,3,3,4,"{""comp_n"": 50, ""comp_max"": 1.0}",A comp_max,0.563,,,
s02,comp50<=1.2,,1289.0,0.0082,0.367,1.014,0.19,163.2,52.3,684.0,0.0092,0.373,1.016,0.15,86.6,33.5,605.0,0.007,0.36,1.012,0.11,76.8,45.8,4,4,4,"{""comp_n"": 50, ""comp_max"": 1.2}",A comp_max,0.705,,,
s02,comp10>=0.8,,1226.0,0.0372,0.423,1.078,0.98,154.4,31.9,652.0,0.0158,0.416,1.034,0.31,82.1,18.7,574.0,0.0614,0.43,1.125,1.09,72.3,20.2,6,4,5,"{""comp_n"": 10, ""comp_min"": 0.8}",A comp_min,0.671,,,
s02,comp10>=1.0,,801.0,0.0551,0.443,1.126,1.27,101.0,19.5,433.0,0.0279,0.427,1.065,0.51,54.6,13.3,368.0,0.0872,0.462,1.193,1.28,46.4,13.9,6,5,6,"{""comp_n"": 10, ""comp_min"": 1.0}",A comp_min,0.438,,,
s02,comp10>=1.2,,509.0,0.0712,0.462,1.185,1.48,64.2,12.6,290.0,0.0467,0.455,1.126,0.79,36.6,11.7,219.0,0.1036,0.47,1.256,1.29,27.6,11.2,5,5,5,"{""comp_n"": 10, ""comp_min"": 1.2}",A comp_min,0.278,,,
s02,comp10>=1.5,,253.0,0.1048,0.486,1.317,1.73,31.9,8.2,150.0,0.0183,0.453,1.053,0.25,19.1,11.8,103.0,0.2306,0.534,1.761,2.27,13.0,4.8,5,4,7,"{""comp_n"": 10, ""comp_min"": 1.5}",A comp_min,0.138,,,
s02,comp20>=0.8,,1228.0,0.0349,0.428,1.073,0.94,154.7,25.1,655.0,-0.0029,0.411,0.994,-0.06,82.6,24.3,573.0,0.0781,0.447,1.165,1.41,72.2,15.1,5,5,6,"{""comp_n"": 20, ""comp_min"": 0.8}",A comp_min,0.672,,,
s02,comp20>=1.0,,791.0,0.0466,0.454,1.11,1.13,99.7,16.2,430.0,0.0057,0.437,1.014,0.11,54.2,16.5,361.0,0.0952,0.474,1.221,1.47,45.6,13.8,5,5,6,"{""comp_n"": 20, ""comp_min"": 1.0}",A comp_min,0.433,,,
s02,comp20>=1.2,,507.0,0.0414,0.446,1.105,0.88,64.0,21.4,295.0,-0.0057,0.424,0.986,-0.1,37.5,15.8,212.0,0.107,0.476,1.27,1.34,26.8,13.0,4,3,4,"{""comp_n"": 20, ""comp_min"": 1.2}",A comp_min,0.277,,,
s02,comp20>=1.5,,259.0,0.0095,0.456,1.027,0.17,33.0,18.4,161.0,-0.0352,0.441,0.905,-0.52,20.6,13.1,98.0,0.0831,0.48,1.25,0.88,12.7,7.1,4,4,6,"{""comp_n"": 20, ""comp_min"": 1.5}",A comp_min,0.142,,,
s02,comp50>=0.8,,1214.0,0.0111,0.423,1.023,0.31,153.7,22.0,649.0,-0.004,0.418,0.992,-0.09,82.3,28.2,565.0,0.0283,0.43,1.058,0.53,71.7,26.0,3,4,5,"{""comp_n"": 50, ""comp_min"": 0.8}",A comp_min,0.664,,,
s02,comp50>=1.0,,790.0,0.0429,0.451,1.102,1.08,100.1,16.1,425.0,-0.0052,0.433,0.987,-0.11,54.1,17.8,365.0,0.0989,0.471,1.231,1.54,46.4,19.6,4,4,6,"{""comp_n"": 50, ""comp_min"": 1.0}",A comp_min,0.432,,,
s02,comp50>=1.2,,528.0,0.0013,0.449,1.003,0.03,67.2,29.7,289.0,-0.0586,0.408,0.858,-1.06,36.8,23.2,239.0,0.0737,0.498,1.196,1.12,30.9,9.5,4,4,6,"{""comp_n"": 50, ""comp_min"": 1.2}",A comp_min,0.289,,,
s02,comp50>=1.5,,279.0,0.0263,0.462,1.076,0.48,35.8,14.3,168.0,-0.0313,0.435,0.918,-0.44,21.5,15.0,111.0,0.1135,0.505,1.379,1.3,14.6,5.8,4,2,6,"{""comp_n"": 50, ""comp_min"": 1.5}",A comp_min,0.153,,,
s02,w_atr>=0.2,,1687.0,-0.0056,0.397,0.989,-0.17,212.5,50.6,902.0,-0.0379,0.388,0.927,-0.87,113.6,44.4,785.0,0.0315,0.406,1.06,0.63,98.9,41.1,4,3,3,"{""min_w_atr"": 0.2}",B min_w_atr,0.923,,,
s02,w_atr>=0.25,,1453.0,0.0212,0.416,1.043,0.61,183.0,30.1,769.0,0.0064,0.414,1.013,0.14,96.9,27.9,684.0,0.0377,0.418,1.074,0.73,86.2,25.6,5,5,4,"{""min_w_atr"": 0.25}",B min_w_atr,0.795,,,
s02,w_atr>=0.3,,1154.0,0.0556,0.433,1.12,1.46,145.4,24.8,615.0,0.0301,0.421,1.066,0.59,77.6,20.5,539.0,0.0847,0.447,1.181,1.48,68.0,13.8,5,5,6,"{""min_w_atr"": 0.3}",B min_w_atr,0.631,,,
s02,w_atr>=0.35,,860.0,0.0752,0.456,1.179,1.86,108.4,12.1,463.0,0.0337,0.438,1.081,0.67,58.4,11.4,397.0,0.1237,0.476,1.289,1.91,50.1,14.0,6,6,6,"{""min_w_atr"": 0.35}",B min_w_atr,0.47,,,
s02,w_atr>=0.4,,617.0,0.0716,0.46,1.181,1.59,77.8,14.7,342.0,0.0409,0.444,1.107,0.74,43.1,10.6,275.0,0.1098,0.48,1.266,1.47,34.7,17.1,5,5,5,"{""min_w_atr"": 0.4}",B min_w_atr,0.338,,,
s02,w_atr>=0.5,,298.0,0.0222,0.45,1.062,0.41,38.0,18.4,176.0,-0.0258,0.42,0.927,-0.39,22.7,12.2,122.0,0.0915,0.492,1.251,0.98,16.0,9.5,3,3,5,"{""min_w_atr"": 0.5}",B min_w_atr,0.163,,,
s02,w_atr<=0.3,,674.0,-0.0741,0.318,0.888,-1.19,84.9,71.7,361.0,-0.0735,0.319,0.889,-0.86,45.6,34.3,313.0,-0.0748,0.316,0.888,-0.83,39.4,48.7,2,3,3,"{""max_w_atr"": 0.3}",B max_w_atr,0.369,,,
s02,w_atr<=0.4,,1211.0,-0.0247,0.355,0.959,-0.55,152.5,68.4,634.0,-0.0347,0.35,0.944,-0.55,80.0,34.1,577.0,-0.0138,0.36,0.977,-0.22,72.7,51.5,4,3,3,"{""max_w_atr"": 0.4}",B max_w_atr,0.662,,,
s02,w_atr<=0.5,,1530.0,0.005,0.379,1.009,0.13,192.7,43.7,800.0,-0.0043,0.375,0.992,-0.08,100.8,36.4,730.0,0.0152,0.384,1.027,0.27,92.0,46.7,3,4,4,"{""max_w_atr"": 0.5}",B max_w_atr,0.837,,,
s02,w_atr<=0.6,,1670.0,-0.0006,0.38,0.999,-0.02,210.3,48.1,878.0,-0.008,0.377,0.986,-0.16,110.6,41.8,792.0,0.0075,0.384,1.013,0.14,99.8,55.9,2,4,4,"{""max_w_atr"": 0.6}",B max_w_atr,0.914,,,
s02,w_atr<=0.8,,1783.0,0.004,0.387,1.007,0.12,224.6,43.7,951.0,-0.0108,0.38,0.98,-0.23,119.8,42.0,832.0,0.0209,0.395,1.038,0.42,104.8,47.3,4,4,4,"{""max_w_atr"": 0.8}",B max_w_atr,0.975,,,
s02,w_atr<=1.0,,1812.0,0.0063,0.389,1.012,0.19,228.2,43.5,967.0,-0.0086,0.382,0.984,-0.19,121.8,42.0,845.0,0.0232,0.398,1.043,0.47,106.5,47.1,4,4,4,"{""max_w_atr"": 1.0}",B max_w_atr,0.991,,,
s02,0.25<=w_atr<=0.6,,1295.0,0.0119,0.405,1.023,0.32,163.1,27.2,671.0,0.0088,0.41,1.017,0.17,84.5,28.8,624.0,0.0153,0.401,1.028,0.27,78.6,34.3,5,5,3,"{""min_w_atr"": 0.25, ""max_w_atr"": 0.6}",B band,0.708,,,
s02,0.25<=w_atr<=0.8,,1408.0,0.0168,0.412,1.033,0.47,177.3,32.7,744.0,0.0036,0.41,1.007,0.08,93.7,27.6,664.0,0.0316,0.414,1.061,0.59,83.7,27.8,5,5,3,"{""min_w_atr"": 0.25, ""max_w_atr"": 0.8}",B band,0.77,,,
s02,0.25<=w_atr<=1.0,,1437.0,0.0194,0.414,1.039,0.56,181.0,30.8,760.0,0.0062,0.412,1.013,0.13,95.8,27.6,677.0,0.0343,0.417,1.067,0.65,85.3,28.1,5,5,4,"{""min_w_atr"": 0.25, ""max_w_atr"": 1.0}",B band,0.786,,,
s02,0.3<=w_atr<=0.6,,996.0,0.0491,0.423,1.1,1.14,125.5,25.2,517.0,0.0377,0.418,1.078,0.64,65.2,21.3,479.0,0.0613,0.428,1.122,0.98,60.5,19.9,5,6,6,"{""min_w_atr"": 0.3, ""max_w_atr"": 0.6}",B band,0.545,,,
s02,0.3<=w_atr<=0.8,,1109.0,0.0514,0.429,1.109,1.3,139.8,24.5,590.0,0.0275,0.417,1.059,0.52,74.4,22.6,519.0,0.0786,0.443,1.164,1.33,65.5,15.8,6,6,6,"{""min_w_atr"": 0.3, ""max_w_atr"": 0.8}",B band,0.607,,,
s02,0.3<=w_atr<=1.0,,1138.0,0.0539,0.431,1.115,1.39,143.4,24.5,606.0,0.0301,0.419,1.065,0.58,76.4,20.2,532.0,0.0809,0.445,1.171,1.4,67.1,16.0,5,5,6,"{""min_w_atr"": 0.3, ""max_w_atr"": 1.0}",B band,0.623,,,
s02,0.35<=w_atr<=0.6,,702.0,0.0704,0.446,1.155,1.49,88.5,15.0,365.0,0.0453,0.438,1.103,0.76,46.0,12.6,337.0,0.0975,0.454,1.208,1.32,42.5,19.8,7,5,6,"{""min_w_atr"": 0.35, ""max_w_atr"": 0.6}",B band,0.384,,,
s02,0.35<=w_atr<=0.8,,815.0,0.0706,0.452,1.163,1.67,102.7,12.2,438.0,0.0303,0.434,1.071,0.58,55.2,14.6,377.0,0.1174,0.472,1.264,1.73,47.6,14.2,6,5,6,"{""min_w_atr"": 0.35, ""max_w_atr"": 0.8}",B band,0.446,,,
s02,0.35<=w_atr<=1.0,,844.0,0.0732,0.454,1.172,1.78,106.4,12.2,454.0,0.0337,0.436,1.08,0.66,57.3,12.1,390.0,0.1193,0.474,1.275,1.81,49.2,13.8,6,6,6,"{""min_w_atr"": 0.35, ""max_w_atr"": 1.0}",B band,0.462,,,
s02,trend20_with,,1050.0,0.0246,0.385,1.045,0.53,132.6,41.0,569.0,0.0289,0.39,1.053,0.46,71.8,20.4,481.0,0.0195,0.378,1.035,0.28,61.1,51.4,5,4,5,"{""trend"": 20}",C trend,0.574,,,
s02,trend20_against,,1048.0,-0.0289,0.378,0.947,-0.67,132.4,49.7,523.0,-0.0918,0.352,0.833,-1.57,66.4,51.4,525.0,0.0337,0.404,1.063,0.54,66.3,31.2,4,2,5,"{""trend"": 20, ""trend_mode"": 1}",C trend,0.573,,,
s02,trend50_with,,1011.0,0.0272,0.388,1.049,0.57,129.6,30.6,521.0,0.0269,0.393,1.05,0.43,66.8,24.8,490.0,0.0275,0.382,1.048,0.38,63.4,43.6,4,4,4,"{""trend"": 50}",C trend,0.553,,,
s02,trend50_against,,1055.0,-0.0255,0.374,0.953,-0.59,135.4,54.6,553.0,-0.0851,0.345,0.849,-1.41,71.5,63.8,502.0,0.0401,0.406,1.077,0.64,64.4,28.3,3,3,6,"{""trend"": 50, ""trend_mode"": 1}",C trend,0.577,,,
s02,trend100_with,,1001.0,0.029,0.395,1.054,0.63,131.6,39.9,558.0,0.0135,0.394,1.026,0.23,74.2,23.3,443.0,0.0485,0.395,1.087,0.66,58.6,41.9,4,5,4,"{""trend"": 100}",C trend,0.548,,,
s02,trend100_against,,1007.0,-0.0233,0.368,0.958,-0.51,132.4,42.1,488.0,-0.0646,0.346,0.886,-0.98,64.5,49.3,519.0,0.0155,0.389,1.029,0.24,68.9,23.1,4,2,5,"{""trend"": 100, ""trend_mode"": 1}",C trend,0.551,,,
s02,trend200_with,,941.0,0.0278,0.393,1.051,0.59,130.2,42.9,537.0,0.0141,0.395,1.027,0.23,77.3,31.9,404.0,0.0461,0.391,1.083,0.6,56.1,36.3,4,4,3,"{""trend"": 200}",C trend,0.515,,,
s02,trend200_against,,963.0,-0.0156,0.374,0.971,-0.34,133.3,37.7,445.0,-0.0653,0.348,0.883,-1.01,61.8,41.2,518.0,0.0271,0.396,1.051,0.42,74.5,37.2,3,1,4,"{""trend"": 200, ""trend_mode"": 1}",C trend,0.527,,,
s02,no_Mon,,1477.0,-0.0104,0.381,0.981,-0.27,186.0,55.2,811.0,-0.0228,0.374,0.959,-0.44,102.2,40.7,666.0,0.0047,0.389,1.008,0.08,83.9,43.0,3,3,3,"{""dow_mask"": [0, 1, 1, 1, 1]}",D dow_excl,0.808,,,
s02,no_Tue,,1450.0,0.0019,0.388,1.003,0.05,182.6,58.6,773.0,-0.0045,0.383,0.992,-0.09,97.4,28.7,677.0,0.0091,0.393,1.017,0.17,85.3,45.1,5,5,4,"{""dow_mask"": [1, 0, 1, 1, 1]}",D dow_excl,0.793,,,
s02,no_Wed,,1458.0,0.0261,0.396,1.049,0.7,183.7,40.9,769.0,0.0178,0.391,1.034,0.35,96.9,31.7,689.0,0.0355,0.402,1.066,0.64,86.9,31.6,6,5,4,"{""dow_mask"": [1, 1, 0, 1, 1]}",D dow_excl,0.798,,,
s02,no_Thu,,1458.0,-0.0066,0.392,0.988,-0.18,183.6,50.8,780.0,-0.0441,0.383,0.917,-0.95,98.5,41.6,678.0,0.0365,0.403,1.068,0.65,85.5,41.6,4,4,5,"{""dow_mask"": [1, 1, 1, 0, 1]}",D dow_excl,0.798,,,
s02,no_Fri,,1469.0,0.028,0.396,1.054,0.76,185.1,34.3,771.0,0.0139,0.385,1.027,0.27,97.2,34.4,698.0,0.0436,0.408,1.084,0.84,87.9,51.7,4,3,6,"{""dow_mask"": [1, 1, 1, 1, 0]}",D dow_excl,0.804,,,
s02,only_Mon,,351.0,0.0842,0.433,1.192,1.24,44.3,16.7,165.0,0.0634,0.43,1.156,0.71,21.1,11.0,186.0,0.1027,0.435,1.22,1.01,23.5,13.8,4,4,3,"{""dow_mask"": [1, 0, 0, 0, 0]}",D dow_only,0.192,,,
s02,only_Tue,,378.0,0.0305,0.402,1.057,0.42,47.8,21.2,203.0,-0.0223,0.384,0.959,-0.23,26.0,20.0,175.0,0.0917,0.423,1.178,0.84,22.2,16.0,4,4,4,"{""dow_mask"": [0, 1, 0, 0, 0]}",D dow_only,0.207,,,
s02,only_Wed,,370.0,-0.0646,0.368,0.886,-0.9,46.6,58.0,207.0,-0.1046,0.353,0.82,-1.08,26.3,31.5,163.0,-0.0137,0.387,0.975,-0.13,20.5,31.1,2,4,3,"{""dow_mask"": [0, 0, 1, 0, 0]}",D dow_only,0.202,,,
s02,only_Thu,,370.0,0.0646,0.384,1.119,0.78,46.6,26.2,196.0,0.1349,0.383,1.248,1.05,24.8,15.3,174.0,-0.0145,0.385,0.973,-0.15,22.0,18.4,6,4,5,"{""dow_mask"": [0, 0, 0, 1, 0]}",D dow_only,0.202,,,
s02,only_Fri,,359.0,-0.0749,0.368,0.875,-0.98,45.2,41.6,205.0,-0.0913,0.376,0.838,-1.04,26.0,26.9,154.0,-0.0531,0.357,0.917,-0.39,19.6,26.7,2,2,2,"{""dow_mask"": [0, 0, 0, 0, 1]}",D dow_only,0.196,,,
s02,Tue-Thu,,1118.0,0.0103,0.385,1.019,0.24,140.9,56.7,606.0,0.0004,0.373,1.001,0.01,76.4,36.2,512.0,0.0221,0.398,1.041,0.36,64.5,44.4,3,5,4,"{""dow_mask"": [0, 1, 1, 1, 0]}",D dow,0.612,,,
s02,no_Wed_Fri(data-mined),,1099.0,0.0592,0.406,1.117,1.37,138.5,26.1,564.0,0.0574,0.397,1.114,0.93,71.1,21.2,535.0,0.061,0.415,1.12,1.02,67.5,27.8,6,5,5,"{""dow_mask"": [1, 1, 0, 1, 0]}",D dow,0.601,,,
s02,skip_nfp,,1750.0,0.009,0.394,1.017,0.27,220.4,40.2,940.0,-0.0041,0.383,0.992,-0.09,118.4,43.0,810.0,0.0242,0.406,1.046,0.5,102.1,44.7,4,4,5,"{""skip_nfp"": true}",E nfp,0.957,,,
s02,atr_rank250<=0.2,posthoc,460.0,0.1137,0.417,1.216,1.6,61.5,14.7,233.0,0.1014,0.416,1.201,1.07,31.2,17.1,227.0,0.1262,0.419,1.229,1.19,30.4,22.6,7,6,4,default + custom mask atr_rank250<=0.2,F atr_rank250,0.252,,,
s02,atr_rank250<=0.33,posthoc,681.0,0.0685,0.408,1.128,1.22,91.0,20.8,361.0,0.0433,0.399,1.083,0.59,48.3,24.1,320.0,0.097,0.419,1.176,1.13,42.8,20.3,7,5,5,default + custom mask atr_rank250<=0.33,F atr_rank250,0.373,,,
s02,atr_rank250<=0.5,posthoc,939.0,0.0346,0.396,1.064,0.73,125.5,29.1,509.0,0.0057,0.383,1.011,0.09,68.0,33.4,430.0,0.0687,0.412,1.125,0.94,57.6,24.4,4,4,4,default + custom mask atr_rank250<=0.5,F atr_rank250,0.514,,,
s02,atr/mean20<=0.9,posthoc,434.0,0.0933,0.408,1.177,1.25,56.1,20.5,248.0,0.0877,0.407,1.168,0.91,32.1,12.2,186.0,0.1007,0.409,1.187,0.85,24.1,15.4,6,4,6,default + custom mask atr/mean20<=0.9,F atr_vs_mean,0.237,,,
s02,atr/mean20<=1.0,posthoc,1017.0,0.0851,0.41,1.162,1.79,129.4,21.2,538.0,0.0609,0.4,1.116,0.93,68.4,21.8,479.0,0.1123,0.422,1.215,1.63,61.1,19.9,7,4,5,default + custom mask atr/mean20<=1.0,F atr_vs_mean,0.556,,,
s02,atr/mean20<=1.1,posthoc,1474.0,0.0355,0.397,1.066,0.93,187.1,40.4,789.0,0.0371,0.395,1.071,0.71,100.2,28.6,685.0,0.0337,0.399,1.061,0.6,87.0,37.3,6,5,3,default + custom mask atr/mean20<=1.1,F atr_vs_mean,0.806,,,
s02,atr/mean50<=0.9,posthoc,581.0,0.0686,0.392,1.127,1.04,75.2,37.9,312.0,0.0807,0.407,1.158,0.91,40.4,20.0,269.0,0.0545,0.375,1.095,0.55,34.8,20.1,5,5,6,default + custom mask atr/mean50<=0.9,F atr_vs_mean,0.318,,,
s02,atr/mean50<=1.0,posthoc,1054.0,0.0551,0.402,1.103,1.2,134.7,34.4,556.0,0.0516,0.403,1.1,0.83,71.8,17.6,498.0,0.059,0.402,1.107,0.86,63.6,25.5,7,5,5,default + custom mask atr/mean50<=1.0,F atr_vs_mean,0.577,,,
s02,atr/mean50<=1.1,posthoc,1398.0,0.0359,0.396,1.067,0.91,178.6,37.7,749.0,0.0268,0.394,1.05,0.5,95.9,27.6,649.0,0.0465,0.399,1.085,0.8,82.9,34.3,6,5,3,default + custom mask atr/mean50<=1.1,F atr_vs_mean,0.765,,,
s02,atr/mean100<=0.9,posthoc,636.0,0.109,0.396,1.202,1.69,82.5,25.9,344.0,0.1095,0.407,1.213,1.29,45.2,16.7,292.0,0.1083,0.384,1.189,1.1,37.9,25.7,7,5,6,default + custom mask atr/mean100<=0.9,F atr_vs_mean,0.348,,,
s02,atr/mean100<=1.0,posthoc,1050.0,0.0199,0.388,1.037,0.44,136.1,32.4,563.0,0.0204,0.387,1.038,0.33,73.2,21.6,487.0,0.0194,0.388,1.035,0.28,63.2,34.4,5,4,3,default + custom mask atr/mean100<=1.0,F atr_vs_mean,0.574,,,
s02,atr/mean100<=1.1,posthoc,1338.0,0.0313,0.395,1.058,0.78,173.5,26.9,720.0,0.0016,0.386,1.003,0.03,93.6,27.0,618.0,0.0659,0.406,1.121,1.09,80.2,22.7,6,4,4,default + custom mask atr/mean100<=1.1,F atr_vs_mean,0.732,,,
s02,prevday_rng/atr<=0.8,posthoc,715.0,0.0821,0.415,1.156,1.44,90.2,28.8,391.0,0.0746,0.404,1.142,0.96,49.3,30.8,324.0,0.0912,0.429,1.172,1.09,41.2,35.2,5,7,6,default + custom mask prevday_rng/atr<=0.8,F prevday,0.391,,,
s02,prevday_rng/atr<=1.0,posthoc,1097.0,0.0407,0.399,1.075,0.9,138.3,22.1,588.0,0.0133,0.391,1.025,0.22,74.2,32.7,509.0,0.0724,0.409,1.132,1.06,64.4,34.4,6,5,5,default + custom mask prevday_rng/atr<=1.0,F prevday,0.6,,,
s03,default|net,,1828.0,0.0078,0.391,1.015,0.23,230.2,43.5,976.0,-0.0082,0.383,0.985,-0.18,123.0,42.4,852.0,0.0261,0.399,1.048,0.53,107.3,44.6,4,4,4,{},,,,,
s03,default|gross,,1787.0,0.0988,0.418,1.2,2.88,225.1,27.7,905.0,0.0843,0.411,1.172,1.75,114.0,32.0,882.0,0.1137,0.425,1.227,2.31,111.1,32.5,6,7,6,"{""commission"": 0.0, ""slip"": 0.0}",,,,,
s03,w_atr>=0.35|net,,860.0,0.0752,0.456,1.179,1.86,108.4,12.1,463.0,0.0337,0.438,1.081,0.67,58.4,11.4,397.0,0.1237,0.476,1.289,1.91,50.1,14.0,6,6,6,"{""min_w_atr"": 0.35}",,,,,
s03,w_atr>=0.35|gross,,837.0,0.1453,0.477,1.374,3.5,105.5,7.9,435.0,0.1015,0.457,1.266,1.93,54.9,9.3,402.0,0.1927,0.498,1.485,2.96,50.7,9.6,8,8,7,"{""min_w_atr"": 0.35, ""commission"": 0.0, ""slip"": 0.0}",,,,,
s03,w_atr<0.35|net,,968.0,-0.0521,0.333,0.918,-1.01,121.9,80.8,513.0,-0.046,0.333,0.928,-0.63,64.8,39.5,455.0,-0.0591,0.332,0.907,-0.82,57.3,52.1,3,4,3,"{""max_w_atr"": 0.35}",,,,,
s03,w_atr<0.35|gross,,950.0,0.0579,0.366,1.098,1.09,119.7,47.0,470.0,0.0684,0.368,1.116,0.87,59.5,32.7,480.0,0.0476,0.365,1.081,0.66,60.5,40.1,5,5,5,"{""max_w_atr"": 0.35, ""commission"": 0.0, ""slip"": 0.0}",,,,,
s03,atr/mean20<=1|net,,1017.0,0.0851,0.41,1.162,1.79,129.4,21.2,538.0,0.0609,0.4,1.116,0.93,68.4,21.8,479.0,0.1123,0.422,1.215,1.63,61.1,19.9,7,4,5,custom atr/mean20<=1 {},,,,,
s03,atr/mean20<=1|gross,,997.0,0.188,0.441,1.392,3.84,126.8,14.7,502.0,0.1587,0.428,1.329,2.28,63.9,17.9,495.0,0.2178,0.455,1.456,3.15,63.1,13.2,8,6,7,"custom atr/mean20<=1 {'commission': 0.0, 'slip': 0.0}",,,,,
s03,atr/mean20>1|net,,800.0,-0.0941,0.366,0.829,-2.08,102.2,81.3,435.0,-0.0998,0.363,0.815,-1.68,55.7,49.7,365.0,-0.0874,0.37,0.845,-1.26,46.7,53.6,3,2,1,custom atr/mean20>1 {},,,,,
s03,atr/mean20>1|gross,,779.0,-0.0185,0.389,0.964,-0.4,99.5,36.7,401.0,-0.0179,0.389,0.964,-0.28,51.3,27.7,378.0,-0.0193,0.389,0.964,-0.28,48.4,30.1,3,3,3,"custom atr/mean20>1 {'commission': 0.0, 'slip': 0.0}",,,,,
s03,atr_rank250<=0.2|net,,460.0,0.1137,0.417,1.216,1.6,61.5,14.7,233.0,0.1014,0.416,1.201,1.07,31.2,17.1,227.0,0.1262,0.419,1.229,1.19,30.4,22.6,7,6,4,custom atr_rank250<=0.2 {},,,,,
s03,atr_rank250<=0.2|gross,,450.0,0.2557,0.46,1.548,3.47,60.2,13.1,215.0,0.2326,0.456,1.525,2.3,28.8,14.0,235.0,0.2769,0.464,1.567,2.6,31.5,11.9,7,7,7,"custom atr_rank250<=0.2 {'commission': 0.0, 'slip': 0.0}",,,,,
s04,w>=0.0|none,,1828.0,0.0078,0.391,1.015,0.23,230.2,43.5,976.0,-0.0082,0.383,0.985,-0.18,123.0,42.4,852.0,0.0261,0.399,1.048,0.53,107.3,44.6,4,4,4,{},grid,1.0,,,
s04,w>=0.0|atr/mean20<=0.9,posthoc,434.0,0.0933,0.408,1.177,1.25,56.1,20.5,248.0,0.0877,0.407,1.168,0.91,32.1,12.2,186.0,0.1007,0.409,1.187,0.85,24.1,15.4,6,4,6,{'custom': 'atr/mean20<=0.9'},grid,0.237,,,
s04,w>=0.0|atr/mean20<=1.0,posthoc,1017.0,0.0851,0.41,1.162,1.79,129.4,21.2,538.0,0.0609,0.4,1.116,0.93,68.4,21.8,479.0,0.1123,0.422,1.215,1.63,61.1,19.9,7,4,5,{'custom': 'atr/mean20<=1.0'},grid,0.556,,,
s04,w>=0.0|atr/mean20<=1.1,posthoc,1474.0,0.0355,0.397,1.066,0.93,187.1,40.4,789.0,0.0371,0.395,1.071,0.71,100.2,28.6,685.0,0.0337,0.399,1.061,0.6,87.0,37.3,6,5,3,{'custom': 'atr/mean20<=1.1'},grid,0.806,,,
s04,w>=0.0|atr/mean50<=0.9,posthoc,581.0,0.0686,0.392,1.127,1.04,75.2,37.9,312.0,0.0807,0.407,1.158,0.91,40.4,20.0,269.0,0.0545,0.375,1.095,0.55,34.8,20.1,5,5,6,{'custom': 'atr/mean50<=0.9'},grid,0.318,,,
s04,w>=0.0|atr/mean50<=1.0,posthoc,1054.0,0.0551,0.402,1.103,1.2,134.7,34.4,556.0,0.0516,0.403,1.1,0.83,71.8,17.6,498.0,0.059,0.402,1.107,0.86,63.6,25.5,7,5,5,{'custom': 'atr/mean50<=1.0'},grid,0.577,,,
s04,w>=0.0|atr/mean50<=1.1,posthoc,1398.0,0.0359,0.396,1.067,0.91,178.6,37.7,749.0,0.0268,0.394,1.05,0.5,95.9,27.6,649.0,0.0465,0.399,1.085,0.8,82.9,34.3,6,5,3,{'custom': 'atr/mean50<=1.1'},grid,0.765,,,
s04,w>=0.25|none,,1453.0,0.0212,0.416,1.043,0.61,183.0,30.1,769.0,0.0064,0.414,1.013,0.14,96.9,27.9,684.0,0.0377,0.418,1.074,0.73,86.2,25.6,5,5,4,"{""min_w_atr"": 0.25}",grid,0.795,,,
s04,w>=0.25|atr/mean20<=0.9,posthoc,355.0,0.0623,0.431,1.126,0.86,45.9,10.6,196.0,0.0581,0.444,1.124,0.66,25.4,8.5,159.0,0.0675,0.415,1.128,0.56,20.6,11.7,6,5,6,"{'min_w_atr': 0.25, 'custom': 'atr/mean20<=0.9'}",grid,0.194,,,
s04,w>=0.25|atr/mean20<=1.0,posthoc,821.0,0.0927,0.434,1.192,1.9,104.4,14.5,425.0,0.1014,0.442,1.217,1.51,54.1,12.8,396.0,0.0833,0.424,1.166,1.17,50.5,16.1,8,5,5,"{'min_w_atr': 0.25, 'custom': 'atr/mean20<=1.0'}",grid,0.449,,,
s04,w>=0.25|atr/mean20<=1.1,posthoc,1179.0,0.0498,0.422,1.1,1.25,149.6,23.7,627.0,0.05,0.426,1.105,0.94,79.6,19.7,552.0,0.0496,0.417,1.095,0.83,70.1,23.6,6,7,4,"{'min_w_atr': 0.25, 'custom': 'atr/mean20<=1.1'}",grid,0.645,,,
s04,w>=0.25|atr/mean50<=0.9,posthoc,485.0,0.1027,0.416,1.205,1.49,62.8,18.5,255.0,0.1585,0.455,1.354,1.71,33.0,11.1,230.0,0.0409,0.374,1.073,0.4,29.8,18.8,5,8,5,"{'min_w_atr': 0.25, 'custom': 'atr/mean50<=0.9'}",grid,0.265,,,
s04,w>=0.25|atr/mean50<=1.0,posthoc,857.0,0.0868,0.432,1.178,1.81,109.5,17.0,451.0,0.0919,0.443,1.199,1.45,58.3,9.9,406.0,0.0811,0.419,1.157,1.11,51.9,16.7,8,7,5,"{'min_w_atr': 0.25, 'custom': 'atr/mean50<=1.0'}",grid,0.469,,,
s04,w>=0.25|atr/mean50<=1.1,posthoc,1119.0,0.0447,0.418,1.089,1.09,143.0,23.0,595.0,0.0441,0.425,1.091,0.8,76.2,20.3,524.0,0.0453,0.41,1.087,0.73,67.0,21.8,7,5,4,"{'min_w_atr': 0.25, 'custom': 'atr/mean50<=1.1'}",grid,0.612,,,
s04,w>=0.3|none,,1154.0,0.0556,0.433,1.12,1.46,145.4,24.8,615.0,0.0301,0.421,1.066,0.59,77.6,20.5,539.0,0.0847,0.447,1.181,1.48,68.0,13.8,5,5,6,"{""min_w_atr"": 0.3}",grid,0.631,,,
s04,w>=0.3|atr/mean20<=0.9,posthoc,286.0,0.0864,0.451,1.187,1.1,37.0,7.9,158.0,0.0466,0.456,1.105,0.52,20.5,8.4,128.0,0.1357,0.445,1.28,0.99,16.6,9.0,6,4,5,"{'min_w_atr': 0.3, 'custom': 'atr/mean20<=0.9'}",grid,0.156,,,
s04,w>=0.3|atr/mean20<=1.0,posthoc,655.0,0.1128,0.45,1.249,2.12,83.4,12.1,339.0,0.1235,0.451,1.278,1.65,43.2,9.7,316.0,0.1013,0.449,1.219,1.33,40.3,11.3,8,7,6,"{'min_w_atr': 0.3, 'custom': 'atr/mean20<=1.0'}",grid,0.358,,,
s04,w>=0.3|atr/mean20<=1.1,posthoc,934.0,0.0793,0.438,1.17,1.8,118.6,20.2,496.0,0.0729,0.433,1.161,1.23,63.0,16.2,438.0,0.0866,0.443,1.18,1.32,55.7,14.1,6,6,5,"{'min_w_atr': 0.3, 'custom': 'atr/mean20<=1.1'}",grid,0.511,,,
s04,w>=0.3|atr/mean50<=0.9,posthoc,384.0,0.1188,0.43,1.249,1.54,49.7,17.5,207.0,0.1972,0.473,1.472,1.91,26.8,9.5,177.0,0.0271,0.379,1.05,0.23,22.9,17.1,5,7,3,"{'min_w_atr': 0.3, 'custom': 'atr/mean50<=0.9'}",grid,0.21,,,
s04,w>=0.3|atr/mean50<=1.0,posthoc,687.0,0.1109,0.448,1.242,2.11,87.8,16.4,362.0,0.1299,0.461,1.305,1.85,46.9,13.8,325.0,0.0897,0.434,1.182,1.13,41.5,12.2,7,7,6,"{'min_w_atr': 0.3, 'custom': 'atr/mean50<=1.0'}",grid,0.376,,,
s04,w>=0.3|atr/mean50<=1.1,posthoc,887.0,0.081,0.437,1.173,1.77,113.4,20.5,472.0,0.0846,0.441,1.187,1.38,60.5,15.4,415.0,0.0769,0.434,1.158,1.13,53.0,12.5,6,6,6,"{'min_w_atr': 0.3, 'custom': 'atr/mean50<=1.1'}",grid,0.485,,,
s04,w>=0.35|none,,860.0,0.0752,0.456,1.179,1.86,108.4,12.1,463.0,0.0337,0.438,1.081,0.67,58.4,11.4,397.0,0.1237,0.476,1.289,1.91,50.1,14.0,6,6,6,"{""min_w_atr"": 0.35}",grid,0.47,,,
s04,w>=0.35|atr/mean20<=0.9,posthoc,216.0,0.1598,0.491,1.392,1.83,27.9,8.5,121.0,0.1138,0.488,1.289,1.12,15.7,7.0,95.0,0.2183,0.495,1.514,1.44,12.3,5.1,6,6,5,"{'min_w_atr': 0.35, 'custom': 'atr/mean20<=0.9'}",grid,0.118,,,
s04,w>=0.35|atr/mean20<=1.0,posthoc,491.0,0.1386,0.483,1.345,2.55,62.5,8.5,254.0,0.1535,0.488,1.402,2.12,32.3,9.1,237.0,0.1226,0.477,1.291,1.5,30.2,8.3,7,6,5,"{'min_w_atr': 0.35, 'custom': 'atr/mean20<=1.0'}",grid,0.269,,,
s04,w>=0.35|atr/mean20<=1.1,posthoc,683.0,0.1035,0.464,1.249,2.23,86.7,10.6,365.0,0.0821,0.455,1.205,1.42,46.4,9.3,318.0,0.128,0.475,1.295,1.73,40.4,10.5,7,7,6,"{'min_w_atr': 0.35, 'custom': 'atr/mean20<=1.1'}",grid,0.374,,,
s04,w>=0.35|atr/mean50<=0.9,posthoc,290.0,0.1328,0.462,1.307,1.72,37.5,12.5,159.0,0.1747,0.497,1.464,1.9,20.6,6.0,131.0,0.0819,0.42,1.164,0.63,17.0,16.6,6,8,4,"{'min_w_atr': 0.35, 'custom': 'atr/mean50<=0.9'}",grid,0.159,,,
s04,w>=0.35|atr/mean50<=1.0,posthoc,516.0,0.1225,0.469,1.295,2.24,65.9,10.3,279.0,0.1296,0.477,1.338,1.93,36.1,7.6,237.0,0.114,0.46,1.252,1.28,30.3,8.7,7,6,5,"{'min_w_atr': 0.35, 'custom': 'atr/mean50<=1.0'}",grid,0.282,,,
s04,w>=0.35|atr/mean50<=1.1,posthoc,653.0,0.0957,0.462,1.227,2.01,83.5,11.1,348.0,0.0723,0.457,1.177,1.23,44.6,10.9,305.0,0.1224,0.469,1.279,1.6,39.0,10.8,7,6,6,"{'min_w_atr': 0.35, 'custom': 'atr/mean50<=1.1'}",grid,0.357,,,
s04,w>=0.4|none,,617.0,0.0716,0.46,1.181,1.59,77.8,14.7,342.0,0.0409,0.444,1.107,0.74,43.1,10.6,275.0,0.1098,0.48,1.266,1.47,34.7,17.1,5,5,5,"{""min_w_atr"": 0.4}",grid,0.338,,,
s04,w>=0.4|atr/mean20<=0.9,posthoc,159.0,0.1906,0.516,1.536,1.99,20.6,10.0,91.0,0.1525,0.505,1.451,1.4,11.8,10.0,68.0,0.2416,0.529,1.639,1.42,8.8,7.0,6,5,4,"{'min_w_atr': 0.4, 'custom': 'atr/mean20<=0.9'}",grid,0.087,,,
s04,w>=0.4|atr/mean20<=1.0,posthoc,343.0,0.1158,0.481,1.3,1.88,43.7,11.4,182.0,0.1415,0.495,1.406,1.8,23.2,7.6,161.0,0.0867,0.466,1.203,0.89,20.6,13.8,6,6,4,"{'min_w_atr': 0.4, 'custom': 'atr/mean20<=1.0'}",grid,0.188,,,
s04,w>=0.4|atr/mean20<=1.1,posthoc,484.0,0.0772,0.465,1.195,1.51,61.5,10.3,269.0,0.0715,0.461,1.194,1.16,34.2,8.8,215.0,0.0844,0.47,1.195,0.98,27.3,13.4,5,5,5,"{'min_w_atr': 0.4, 'custom': 'atr/mean20<=1.1'}",grid,0.265,,,
s04,w>=0.4|atr/mean50<=0.9,posthoc,208.0,0.1055,0.466,1.259,1.22,26.9,11.6,117.0,0.1631,0.513,1.5,1.71,15.2,5.7,91.0,0.0314,0.407,1.061,0.2,11.8,14.3,5,7,4,"{'min_w_atr': 0.4, 'custom': 'atr/mean50<=0.9'}",grid,0.114,,,
s04,w>=0.4|atr/mean50<=1.0,posthoc,368.0,0.1035,0.476,1.264,1.71,47.0,10.6,203.0,0.1208,0.488,1.351,1.7,26.3,6.3,165.0,0.0822,0.461,1.183,0.8,21.1,12.0,6,7,5,"{'min_w_atr': 0.4, 'custom': 'atr/mean50<=1.0'}",grid,0.201,,,
s04,w>=0.4|atr/mean50<=1.1,posthoc,465.0,0.0608,0.462,1.15,1.17,59.4,13.0,257.0,0.0486,0.459,1.128,0.78,32.9,10.0,208.0,0.076,0.466,1.174,0.87,26.6,13.2,6,5,5,"{'min_w_atr': 0.4, 'custom': 'atr/mean50<=1.1'}",grid,0.254,,,
s04,w>=0.0|none|trend20,,1050.0,0.0246,0.385,1.045,0.53,132.6,41.0,569.0,0.0289,0.39,1.053,0.46,71.8,20.4,481.0,0.0195,0.378,1.035,0.28,61.1,51.4,5,4,5,"{""trend"": 20}",trend,0.574,,,
s04,w>=0.0|none|trend50,,1011.0,0.0272,0.388,1.049,0.57,129.6,30.6,521.0,0.0269,0.393,1.05,0.43,66.8,24.8,490.0,0.0275,0.382,1.048,0.38,63.4,43.6,4,4,4,"{""trend"": 50}",trend,0.553,,,
s04,w>=0.0|none|trend100,,1001.0,0.029,0.395,1.054,0.63,131.6,39.9,558.0,0.0135,0.394,1.026,0.23,74.2,23.3,443.0,0.0485,0.395,1.087,0.66,58.6,41.9,4,5,4,"{""trend"": 100}",trend,0.548,,,
s04,w>=0.0|atr/mean20<=1.0|trend20,posthoc,609.0,0.1061,0.407,1.194,1.61,77.5,19.3,313.0,0.0598,0.393,1.106,0.67,39.8,16.9,296.0,0.1552,0.422,1.292,1.59,38.4,21.6,6,4,6,"{'trend': 20, 'custom': 'atr/mean20<=1.0'}",trend,0.333,,,
s04,w>=0.0|atr/mean20<=1.0|trend50,posthoc,583.0,0.1147,0.412,1.211,1.73,75.3,15.2,268.0,0.0798,0.407,1.149,0.91,34.7,18.7,315.0,0.1443,0.416,1.263,1.48,40.8,20.6,8,4,5,"{'trend': 50, 'custom': 'atr/mean20<=1.0'}",trend,0.319,,,
s04,w>=0.0|atr/mean20<=1.0|trend100,posthoc,576.0,0.1172,0.418,1.219,1.8,75.7,19.0,312.0,0.0334,0.397,1.062,0.41,41.7,17.7,264.0,0.2163,0.443,1.41,2.07,34.9,24.9,6,3,5,"{'trend': 100, 'custom': 'atr/mean20<=1.0'}",trend,0.315,,,
s04,w>=0.3|none|trend20,,610.0,0.0275,0.423,1.058,0.53,77.3,33.6,348.0,0.0074,0.425,1.015,0.11,44.1,17.3,262.0,0.0543,0.42,1.115,0.69,33.9,18.5,4,5,4,"{""min_w_atr"": 0.3, ""trend"": 20}",trend,0.334,,,
s04,w>=0.3|none|trend50,,580.0,-0.0094,0.41,0.981,-0.18,74.4,18.7,314.0,-0.0283,0.424,0.94,-0.45,40.3,20.1,266.0,0.0129,0.395,1.025,0.16,34.7,17.9,3,4,4,"{""min_w_atr"": 0.3, ""trend"": 50}",trend,0.317,,,
s04,w>=0.3|none|trend100,,592.0,0.0314,0.439,1.068,0.64,78.0,20.5,339.0,0.0101,0.44,1.022,0.16,45.1,14.3,253.0,0.06,0.439,1.126,0.75,33.5,10.2,4,4,4,"{""min_w_atr"": 0.3, ""trend"": 100}",trend,0.324,,,
s04,w>=0.3|atr/mean20<=1.0|trend20,posthoc,359.0,0.1433,0.462,1.314,1.9,45.7,11.8,195.0,0.1443,0.462,1.307,1.35,24.8,8.5,164.0,0.142,0.463,1.324,1.35,21.4,8.3,7,7,6,"{'min_w_atr': 0.3, 'trend': 20, 'custom': 'atr/mean20<=1.0'}",trend,0.196,,,
s04,w>=0.3|atr/mean20<=1.0|trend50,posthoc,340.0,0.1064,0.45,1.225,1.45,44.1,11.9,162.0,0.1104,0.463,1.243,1.13,21.0,7.9,178.0,0.1028,0.438,1.21,0.95,23.2,10.8,7,6,4,"{'min_w_atr': 0.3, 'trend': 50, 'custom': 'atr/mean20<=1.0'}",trend,0.186,,,
s04,w>=0.3|atr/mean20<=1.0|trend100,posthoc,346.0,0.1221,0.471,1.27,1.75,45.6,11.7,190.0,0.0614,0.453,1.132,0.68,25.4,11.2,156.0,0.196,0.494,1.452,1.79,20.7,8.0,7,4,6,"{'min_w_atr': 0.3, 'trend': 100, 'custom': 'atr/mean20<=1.0'}",trend,0.189,,,
s04,w>=0.35|none|trend20,,446.0,0.0341,0.444,1.077,0.62,56.5,20.8,266.0,-0.028,0.436,0.938,-0.44,33.7,16.0,180.0,0.1259,0.456,1.289,1.28,23.3,12.8,5,2,6,"{""min_w_atr"": 0.35, ""trend"": 20}",trend,0.244,,,
s04,w>=0.35|none|trend50,,418.0,0.0087,0.431,1.019,0.15,53.6,17.0,238.0,-0.006,0.441,0.986,-0.09,30.5,13.5,180.0,0.0282,0.417,1.058,0.29,23.5,22.1,4,5,5,"{""min_w_atr"": 0.35, ""trend"": 50}",trend,0.229,,,
s04,w>=0.35|none|trend100,,431.0,0.0158,0.457,1.037,0.31,56.8,14.1,261.0,0.013,0.456,1.031,0.2,34.7,11.3,170.0,0.0202,0.459,1.045,0.24,22.5,12.5,5,4,3,"{""min_w_atr"": 0.35, ""trend"": 100}",trend,0.236,,,
s04,w>=0.35|atr/mean20<=1.0|trend20,posthoc,272.0,0.1405,0.485,1.331,1.84,34.6,8.7,150.0,0.0984,0.487,1.231,1.06,19.1,6.9,122.0,0.1922,0.484,1.457,1.52,15.9,8.5,7,5,5,"{'min_w_atr': 0.35, 'trend': 20, 'custom': 'atr/mean20<=1.0'}",trend,0.149,,,
s04,w>=0.35|atr/mean20<=1.0|trend50,posthoc,252.0,0.1229,0.472,1.277,1.5,32.7,10.0,123.0,0.1526,0.496,1.368,1.41,16.5,6.3,129.0,0.0946,0.45,1.2,0.77,16.9,16.1,6,4,3,"{'min_w_atr': 0.35, 'trend': 50, 'custom': 'atr/mean20<=1.0'}",trend,0.138,,,
s04,w>=0.35|atr/mean20<=1.0|trend100,posthoc,258.0,0.1137,0.5,1.273,1.56,34.0,8.3,146.0,0.1064,0.5,1.26,1.11,19.5,9.0,112.0,0.1231,0.5,1.29,1.08,14.9,9.7,6,4,4,"{'min_w_atr': 0.35, 'trend': 100, 'custom': 'atr/mean20<=1.0'}",trend,0.141,,,
s04,w>=0.0|none|noFri,,1469.0,0.028,0.396,1.054,0.76,185.1,34.3,771.0,0.0139,0.385,1.027,0.27,97.2,34.4,698.0,0.0436,0.408,1.084,0.84,87.9,51.7,4,3,6,"{""dow_mask"": [1, 1, 1, 1, 0]}",noFri,0.804,,,
s04,w>=0.0|atr/mean20<=1.0|noFri,posthoc,819.0,0.1138,0.416,1.224,2.15,104.2,20.0,427.0,0.1065,0.407,1.208,1.39,54.4,16.2,392.0,0.1217,0.426,1.241,1.68,50.0,15.2,5,6,5,"{'dow_mask': (1, 1, 1, 1, 0), 'custom': 'atr/mean20<=1.0'}",noFri,0.448,,,
s04,w>=0.3|none|noFri,,949.0,0.0689,0.433,1.151,1.63,119.6,16.6,496.0,0.0515,0.423,1.115,0.88,62.6,13.6,453.0,0.0878,0.444,1.19,1.44,57.2,21.4,6,5,6,"{""min_w_atr"": 0.3, ""dow_mask"": [1, 1, 1, 1, 0]}",noFri,0.519,,,
s04,w>=0.3|atr/mean20<=1.0|noFri,posthoc,542.0,0.1427,0.456,1.324,2.41,69.0,10.5,277.0,0.1676,0.466,1.395,1.98,35.3,6.9,265.0,0.1167,0.445,1.255,1.42,33.8,8.7,8,8,7,"{'min_w_atr': 0.3, 'dow_mask': (1, 1, 1, 1, 0), 'custom': 'atr/mean20<=1.0'}",noFri,0.296,,,
s04,w>=0.35|none|noFri,,706.0,0.0933,0.456,1.225,2.07,89.0,11.7,371.0,0.0626,0.442,1.155,1.1,46.8,7.8,335.0,0.1272,0.472,1.299,1.8,42.3,13.6,6,7,6,"{""min_w_atr"": 0.35, ""dow_mask"": [1, 1, 1, 1, 0]}",noFri,0.386,,,
s04,w>=0.35|atr/mean20<=1.0|noFri,posthoc,407.0,0.166,0.484,1.421,2.72,51.8,6.9,209.0,0.1909,0.498,1.517,2.38,26.6,5.4,198.0,0.1397,0.47,1.332,1.51,25.2,8.4,7,7,7,"{'min_w_atr': 0.35, 'dow_mask': (1, 1, 1, 1, 0), 'custom': 'atr/mean20<=1.0'}",noFri,0.223,,,
s05,none|sl0.5|tp0.0,,1828.0,-0.0376,0.243,0.952,-0.72,230.2,128.3,976.0,-0.0257,0.251,0.967,-0.36,123.0,96.2,852.0,-0.0512,0.234,0.936,-0.66,107.3,111.5,4,3,3,"{""sl_k"": 0.5}",,,none,0.5,0.0
s05,none|sl0.5|tp1.0,,1828.0,-0.1171,0.46,0.791,-5.0,230.2,216.7,976.0,-0.1237,0.457,0.78,-3.87,123.0,126.2,852.0,-0.1096,0.462,0.803,-3.19,107.3,102.6,0,1,2,"{""sl_k"": 0.5, ""tp_r"": 1.0}",,,none,0.5,1.0
s05,none|sl0.5|tp2.0,,1828.0,-0.0934,0.329,0.865,-2.92,230.2,177.2,976.0,-0.0757,0.338,0.889,-1.73,123.0,84.3,852.0,-0.1137,0.319,0.839,-2.42,107.3,112.2,0,2,1,"{""sl_k"": 0.5, ""tp_r"": 2.0}",,,none,0.5,2.0
s05,none|sl0.5|tp3.0,,1828.0,-0.0873,0.277,0.883,-2.31,230.2,173.2,976.0,-0.0783,0.284,0.894,-1.53,123.0,89.3,852.0,-0.0975,0.269,0.871,-1.75,107.3,109.5,0,2,2,"{""sl_k"": 0.5, ""tp_r"": 3.0}",,,none,0.5,3.0
s05,none|sl0.75|tp0.0,,1828.0,-0.0184,0.327,0.972,-0.45,230.2,60.6,976.0,-0.0501,0.32,0.922,-0.92,123.0,68.3,852.0,0.0179,0.336,1.028,0.29,107.3,53.8,5,3,5,"{""sl_k"": 0.75}",,,none,0.75,0.0
s05,none|sl0.75|tp1.0,,1828.0,-0.0626,0.474,0.877,-2.75,230.2,114.5,976.0,-0.0924,0.458,0.822,-2.99,123.0,95.1,852.0,-0.0286,0.493,0.943,-0.85,107.3,43.2,1,2,3,"{""sl_k"": 0.75, ""tp_r"": 1.0}",,,none,0.75,1.0
s05,none|sl0.75|tp2.0,,1828.0,-0.0429,0.37,0.929,-1.43,230.2,93.1,976.0,-0.062,0.364,0.897,-1.54,123.0,70.3,852.0,-0.021,0.377,0.965,-0.47,107.3,54.0,1,2,3,"{""sl_k"": 0.75, ""tp_r"": 2.0}",,,none,0.75,2.0
s05,none|sl0.75|tp3.0,,1828.0,-0.0338,0.342,0.946,-1.0,230.2,78.8,976.0,-0.0497,0.338,0.921,-1.09,123.0,59.4,852.0,-0.0155,0.346,0.976,-0.31,107.3,73.1,3,3,3,"{""sl_k"": 0.75, ""tp_r"": 3.0}",,,none,0.75,3.0
s05,none|sl1.0|tp0.0,,1828.0,0.0078,0.391,1.015,0.23,230.2,43.5,976.0,-0.0082,0.383,0.985,-0.18,123.0,42.4,852.0,0.0261,0.399,1.048,0.53,107.3,44.6,4,4,4,{},,,none,1.0,0.0
s05,none|sl1.0|tp1.0,,1828.0,-0.037,0.484,0.92,-1.7,230.2,79.5,976.0,-0.0522,0.473,0.887,-1.78,123.0,59.3,852.0,-0.0195,0.495,0.958,-0.61,107.3,49.1,1,2,2,"{""tp_r"": 1.0}",,,none,1.0,1.0
s05,none|sl1.0|tp2.0,,1828.0,-0.018,0.409,0.965,-0.66,230.2,63.5,976.0,-0.0309,0.404,0.94,-0.85,123.0,40.6,852.0,-0.0033,0.415,0.994,-0.08,107.3,60.1,3,3,3,"{""tp_r"": 2.0}",,,none,1.0,2.0
s05,none|sl1.0|tp3.0,,1828.0,0.0079,0.398,1.015,0.26,230.2,40.6,976.0,-0.0085,0.392,0.984,-0.21,123.0,32.6,852.0,0.0267,0.404,1.05,0.58,107.3,46.8,4,4,3,"{""tp_r"": 3.0}",,,none,1.0,3.0
s05,w>=0.3|sl0.5|tp0.0,,1154.0,0.0734,0.295,1.103,1.15,145.4,69.9,615.0,0.0756,0.298,1.108,0.86,77.6,41.9,539.0,0.071,0.291,1.099,0.77,68.0,41.7,6,5,3,"{""sl_k"": 0.5, ""min_w_atr"": 0.3}",,,w>=0.3,0.5,0.0
s05,w>=0.3|sl0.5|tp1.0,,1154.0,-0.0819,0.472,0.848,-2.79,145.4,99.3,615.0,-0.0786,0.475,0.853,-1.96,77.6,55.0,539.0,-0.0856,0.469,0.842,-1.99,68.0,59.6,0,3,2,"{""sl_k"": 0.5, ""tp_r"": 1.0, ""min_w_atr"": 0.3}",,,w>=0.3,0.5,1.0
s05,w>=0.3|sl0.5|tp2.0,,1154.0,-0.029,0.354,0.956,-0.72,145.4,43.3,615.0,-0.0229,0.359,0.964,-0.42,77.6,29.7,539.0,-0.0361,0.347,0.946,-0.61,68.0,40.2,3,3,2,"{""sl_k"": 0.5, ""tp_r"": 2.0, ""min_w_atr"": 0.3}",,,w>=0.3,0.5,2.0
s05,w>=0.3|sl0.5|tp3.0,,1154.0,-0.0174,0.31,0.975,-0.37,145.4,52.0,615.0,-0.0269,0.314,0.961,-0.43,77.6,42.0,539.0,-0.0065,0.306,0.991,-0.09,68.0,44.1,3,3,4,"{""sl_k"": 0.5, ""tp_r"": 3.0, ""min_w_atr"": 0.3}",,,w>=0.3,0.5,3.0
s05,w>=0.3|sl0.75|tp0.0,,1154.0,0.0396,0.372,1.069,0.84,145.4,35.2,615.0,0.0099,0.363,1.017,0.16,77.6,24.2,539.0,0.0734,0.382,1.127,1.04,68.0,21.1,4,5,5,"{""sl_k"": 0.75, ""min_w_atr"": 0.3}",,,w>=0.3,0.75,0.0
s05,w>=0.3|sl0.75|tp1.0,,1154.0,-0.0513,0.472,0.896,-1.82,145.4,61.1,615.0,-0.0748,0.459,0.849,-1.96,77.6,51.4,539.0,-0.0244,0.488,0.95,-0.58,68.0,26.9,3,2,4,"{""sl_k"": 0.75, ""tp_r"": 1.0, ""min_w_atr"": 0.3}",,,w>=0.3,0.75,1.0
s05,w>=0.3|sl0.75|tp2.0,,1154.0,-0.0152,0.391,0.973,-0.42,145.4,38.8,615.0,-0.0429,0.382,0.923,-0.89,77.6,29.8,539.0,0.0164,0.401,1.029,0.3,68.0,22.8,4,2,4,"{""sl_k"": 0.75, ""tp_r"": 2.0, ""min_w_atr"": 0.3}",,,w>=0.3,0.75,2.0
s05,w>=0.3|sl0.75|tp3.0,,1154.0,-0.0027,0.376,0.995,-0.07,145.4,38.3,615.0,-0.0162,0.371,0.971,-0.3,77.6,25.6,539.0,0.0128,0.382,1.022,0.21,68.0,32.2,3,2,4,"{""sl_k"": 0.75, ""tp_r"": 3.0, ""min_w_atr"": 0.3}",,,w>=0.3,0.75,3.0
s05,w>=0.3|sl1.0|tp0.0,,1154.0,0.0556,0.433,1.12,1.46,145.4,24.8,615.0,0.0301,0.421,1.066,0.59,77.6,20.5,539.0,0.0847,0.447,1.181,1.48,68.0,13.8,5,5,6,"{""min_w_atr"": 0.3}",,,w>=0.3,1.0,0.0
s05,w>=0.3|sl1.0|tp1.0,,1154.0,-0.0085,0.49,0.98,-0.32,145.4,27.5,615.0,-0.0193,0.48,0.954,-0.54,77.6,18.4,539.0,0.0038,0.503,1.009,0.1,68.0,16.7,6,4,5,"{""tp_r"": 1.0, ""min_w_atr"": 0.3}",,,w>=0.3,1.0,1.0
s05,w>=0.3|sl1.0|tp2.0,,1154.0,0.0159,0.44,1.035,0.5,145.4,23.7,615.0,0.0036,0.431,1.008,0.08,77.6,15.7,539.0,0.0299,0.451,1.064,0.62,68.0,24.4,4,4,5,"{""tp_r"": 2.0, ""min_w_atr"": 0.3}",,,w>=0.3,1.0,2.0
s05,w>=0.3|sl1.0|tp3.0,,1154.0,0.0326,0.433,1.07,0.94,145.4,27.0,615.0,0.0065,0.421,1.014,0.14,77.6,20.5,539.0,0.0623,0.447,1.133,1.19,68.0,15.0,5,4,5,"{""tp_r"": 3.0, ""min_w_atr"": 0.3}",,,w>=0.3,1.0,3.0
s05,w>=0.3&a20<=1|sl0.5|tp0.0,posthoc,655.0,0.1452,0.304,1.207,1.63,83.4,33.9,339.0,0.1864,0.31,1.267,1.43,43.2,18.8,316.0,0.1011,0.297,1.143,0.84,40.3,27.0,6,6,4,"{'sl_k': 0.5, 'tp_r': 0.0, 'min_w_atr': 0.3, 'custom': 'w>=0.3&a20<=1'}",,,w>=0.3&a20<=1,0.5,0.0
s05,w>=0.3&a20<=1|sl0.5|tp1.0,posthoc,655.0,-0.0577,0.484,0.89,-1.48,83.4,40.7,339.0,-0.0424,0.493,0.919,-0.78,43.2,20.9,316.0,-0.0742,0.475,0.861,-1.32,40.3,33.9,1,3,2,"{'sl_k': 0.5, 'tp_r': 1.0, 'min_w_atr': 0.3, 'custom': 'w>=0.3&a20<=1'}",,,w>=0.3&a20<=1,0.5,1.0
s05,w>=0.3&a20<=1|sl0.5|tp2.0,posthoc,655.0,0.0175,0.368,1.027,0.32,83.4,24.2,339.0,0.0383,0.378,1.06,0.51,43.2,19.7,316.0,-0.0049,0.358,0.992,-0.06,40.3,18.1,4,3,4,"{'sl_k': 0.5, 'tp_r': 2.0, 'min_w_atr': 0.3, 'custom': 'w>=0.3&a20<=1'}",,,w>=0.3&a20<=1,0.5,2.0
s05,w>=0.3&a20<=1|sl0.5|tp3.0,posthoc,655.0,0.048,0.324,1.07,0.75,83.4,25.2,339.0,0.072,0.333,1.106,0.81,43.2,20.1,316.0,0.0223,0.313,1.032,0.24,40.3,28.9,6,5,4,"{'sl_k': 0.5, 'tp_r': 3.0, 'min_w_atr': 0.3, 'custom': 'w>=0.3&a20<=1'}",,,w>=0.3&a20<=1,0.5,3.0
s05,w>=0.3&a20<=1|sl0.75|tp0.0,posthoc,655.0,0.1099,0.388,1.195,1.65,83.4,14.5,339.0,0.1151,0.389,1.207,1.23,43.2,12.7,316.0,0.1043,0.386,1.183,1.1,40.3,13.9,8,7,6,"{'sl_k': 0.75, 'tp_r': 0.0, 'min_w_atr': 0.3, 'custom': 'w>=0.3&a20<=1'}",,,w>=0.3&a20<=1,0.75,0.0
s05,w>=0.3&a20<=1|sl0.75|tp1.0,posthoc,655.0,-0.0033,0.496,0.993,-0.09,83.4,19.1,339.0,-0.0184,0.49,0.962,-0.35,43.2,18.3,316.0,0.0129,0.503,1.028,0.24,40.3,14.0,4,4,4,"{'sl_k': 0.75, 'tp_r': 1.0, 'min_w_atr': 0.3, 'custom': 'w>=0.3&a20<=1'}",,,w>=0.3&a20<=1,0.75,1.0
s05,w>=0.3&a20<=1|sl0.75|tp2.0,posthoc,655.0,0.042,0.409,1.077,0.85,83.4,16.9,339.0,0.0542,0.416,1.101,0.8,43.2,14.4,316.0,0.029,0.402,1.052,0.41,40.3,16.1,5,5,4,"{'sl_k': 0.75, 'tp_r': 2.0, 'min_w_atr': 0.3, 'custom': 'w>=0.3&a20<=1'}",,,w>=0.3&a20<=1,0.75,2.0
s05,w>=0.3&a20<=1|sl0.75|tp3.0,posthoc,655.0,0.0617,0.394,1.11,1.12,83.4,15.4,339.0,0.0778,0.401,1.142,1.03,43.2,14.9,316.0,0.0444,0.386,1.078,0.56,40.3,17.1,5,5,3,"{'sl_k': 0.75, 'tp_r': 3.0, 'min_w_atr': 0.3, 'custom': 'w>=0.3&a20<=1'}",,,w>=0.3&a20<=1,0.75,3.0
s05,w>=0.3&a20<=1|sl1.0|tp0.0,posthoc,655.0,0.1128,0.45,1.249,2.12,83.4,12.1,339.0,0.1235,0.451,1.278,1.65,43.2,9.7,316.0,0.1013,0.449,1.219,1.33,40.3,11.3,8,7,6,"{'sl_k': 1.0, 'tp_r': 0.0, 'min_w_atr': 0.3, 'custom': 'w>=0.3&a20<=1'}",,,w>=0.3&a20<=1,1.0,0.0
s05,w>=0.3&a20<=1|sl1.0|tp1.0,posthoc,655.0,0.0282,0.511,1.069,0.8,83.4,11.7,339.0,0.0358,0.516,1.089,0.74,43.2,10.5,316.0,0.0201,0.506,1.048,0.39,40.3,8.9,5,5,5,"{'sl_k': 1.0, 'tp_r': 1.0, 'min_w_atr': 0.3, 'custom': 'w>=0.3&a20<=1'}",,,w>=0.3&a20<=1,1.0,1.0
s05,w>=0.3&a20<=1|sl1.0|tp2.0,posthoc,655.0,0.0672,0.458,1.15,1.54,83.4,12.9,339.0,0.0905,0.466,1.21,1.5,43.2,9.6,316.0,0.0422,0.449,1.091,0.67,40.3,17.9,6,5,4,"{'sl_k': 1.0, 'tp_r': 2.0, 'min_w_atr': 0.3, 'custom': 'w>=0.3&a20<=1'}",,,w>=0.3&a20<=1,1.0,2.0
s05,w>=0.3&a20<=1|sl1.0|tp3.0,posthoc,655.0,0.0833,0.45,1.184,1.76,83.4,16.1,339.0,0.0862,0.451,1.194,1.33,43.2,9.7,316.0,0.0802,0.449,1.173,1.15,40.3,11.9,7,6,6,"{'sl_k': 1.0, 'tp_r': 3.0, 'min_w_atr': 0.3, 'custom': 'w>=0.3&a20<=1'}",,,w>=0.3&a20<=1,1.0,3.0
s05,w>=0.35&a20<=1|sl0.5|tp0.0,posthoc,491.0,0.199,0.342,1.303,2.18,62.5,22.2,254.0,0.2182,0.343,1.332,1.7,32.3,19.1,237.0,0.1784,0.342,1.272,1.37,30.2,23.5,5,6,5,"{'sl_k': 0.5, 'tp_r': 0.0, 'min_w_atr': 0.35, 'custom': 'w>=0.35&a20<=1'}",,,w>=0.35&a20<=1,0.5,0.0
s05,w>=0.35&a20<=1|sl0.5|tp1.0,posthoc,491.0,0.0002,0.511,1.0,0.0,62.5,23.2,254.0,0.0165,0.52,1.034,0.26,32.3,12.8,237.0,-0.0173,0.502,0.965,-0.27,30.2,17.7,4,5,4,"{'sl_k': 0.5, 'tp_r': 1.0, 'min_w_atr': 0.35, 'custom': 'w>=0.35&a20<=1'}",,,w>=0.35&a20<=1,0.5,1.0
s05,w>=0.35&a20<=1|sl0.5|tp2.0,posthoc,491.0,0.0922,0.397,1.152,1.46,62.5,22.4,254.0,0.1113,0.406,1.185,1.26,32.3,15.2,237.0,0.0717,0.388,1.118,0.8,30.2,11.9,7,6,6,"{'sl_k': 0.5, 'tp_r': 2.0, 'min_w_atr': 0.35, 'custom': 'w>=0.35&a20<=1'}",,,w>=0.35&a20<=1,0.5,2.0
s05,w>=0.35&a20<=1|sl0.5|tp3.0,posthoc,491.0,0.1394,0.36,1.218,1.87,62.5,21.1,254.0,0.1503,0.366,1.235,1.46,32.3,14.9,237.0,0.1278,0.354,1.199,1.19,30.2,16.7,7,6,4,"{'sl_k': 0.5, 'tp_r': 3.0, 'min_w_atr': 0.35, 'custom': 'w>=0.35&a20<=1'}",,,w>=0.35&a20<=1,0.5,3.0
s05,w>=0.35&a20<=1|sl0.75|tp0.0,posthoc,491.0,0.1645,0.43,1.324,2.38,62.5,10.6,254.0,0.1542,0.429,1.308,1.68,32.3,10.7,237.0,0.1756,0.43,1.34,1.68,30.2,9.9,7,5,5,"{'sl_k': 0.75, 'tp_r': 0.0, 'min_w_atr': 0.35, 'custom': 'w>=0.35&a20<=1'}",,,w>=0.35&a20<=1,0.75,0.0
s05,w>=0.35&a20<=1|sl0.75|tp1.0,posthoc,491.0,0.0641,0.527,1.148,1.49,62.5,9.8,254.0,0.0612,0.528,1.142,1.03,32.3,10.7,237.0,0.0673,0.527,1.155,1.08,30.2,8.6,6,5,6,"{'sl_k': 0.75, 'tp_r': 1.0, 'min_w_atr': 0.35, 'custom': 'w>=0.35&a20<=1'}",,,w>=0.35&a20<=1,0.75,1.0
s05,w>=0.35&a20<=1|sl0.75|tp2.0,posthoc,491.0,0.1299,0.45,1.264,2.31,62.5,11.9,254.0,0.1368,0.457,1.284,1.77,32.3,11.0,237.0,0.1224,0.443,1.243,1.49,30.2,9.8,7,6,6,"{'sl_k': 0.75, 'tp_r': 2.0, 'min_w_atr': 0.35, 'custom': 'w>=0.35&a20<=1'}",,,w>=0.35&a20<=1,0.75,2.0
s05,w>=0.35&a20<=1|sl0.75|tp3.0,posthoc,491.0,0.1381,0.436,1.274,2.23,62.5,13.9,254.0,0.1517,0.441,1.308,1.78,32.3,11.4,237.0,0.1236,0.43,1.239,1.37,30.2,11.9,6,6,5,"{'sl_k': 0.75, 'tp_r': 3.0, 'min_w_atr': 0.35, 'custom': 'w>=0.35&a20<=1'}",,,w>=0.35&a20<=1,0.75,3.0
s05,w>=0.35&a20<=1|sl1.0|tp0.0,posthoc,491.0,0.1386,0.483,1.345,2.55,62.5,8.5,254.0,0.1535,0.488,1.402,2.12,32.3,9.1,237.0,0.1226,0.477,1.291,1.5,30.2,8.3,7,6,5,"{'sl_k': 1.0, 'tp_r': 0.0, 'min_w_atr': 0.35, 'custom': 'w>=0.35&a20<=1'}",,,w>=0.35&a20<=1,1.0,0.0
s05,w>=0.35&a20<=1|sl1.0|tp1.0,posthoc,491.0,0.0789,0.534,1.214,2.0,62.5,8.9,254.0,0.1096,0.551,1.316,2.02,32.3,8.8,237.0,0.046,0.515,1.117,0.8,30.2,8.8,8,7,6,"{'sl_k': 1.0, 'tp_r': 1.0, 'min_w_atr': 0.35, 'custom': 'w>=0.35&a20<=1'}",,,w>=0.35&a20<=1,1.0,1.0
s05,w>=0.35&a20<=1|sl1.0|tp2.0,posthoc,491.0,0.1136,0.489,1.286,2.36,62.5,8.5,254.0,0.1519,0.5,1.406,2.28,32.3,7.1,237.0,0.0725,0.477,1.172,1.04,30.2,10.6,6,7,4,"{'sl_k': 1.0, 'tp_r': 2.0, 'min_w_atr': 0.35, 'custom': 'w>=0.35&a20<=1'}",,,w>=0.35&a20<=1,1.0,2.0
s05,w>=0.35&a20<=1|sl1.0|tp3.0,posthoc,491.0,0.1277,0.483,1.318,2.47,62.5,8.5,254.0,0.1435,0.488,1.375,2.04,32.3,9.1,237.0,0.1108,0.477,1.263,1.45,30.2,8.3,7,7,5,"{'sl_k': 1.0, 'tp_r': 3.0, 'min_w_atr': 0.35, 'custom': 'w>=0.35&a20<=1'}",,,w>=0.35&a20<=1,1.0,3.0
s05,w>=0.3&a50<=1|sl0.5|tp0.0,posthoc,687.0,0.1503,0.295,1.212,1.69,87.8,45.8,362.0,0.1949,0.315,1.284,1.58,46.9,23.2,325.0,0.1005,0.274,1.137,0.79,41.5,36.5,6,6,4,"{'sl_k': 0.5, 'tp_r': 0.0, 'min_w_atr': 0.3, 'custom': 'w>=0.3&a50<=1'}",,,w>=0.3&a50<=1,0.5,0.0
s05,w>=0.3&a50<=1|sl0.5|tp1.0,posthoc,687.0,-0.0679,0.479,0.873,-1.77,87.8,49.5,362.0,-0.027,0.5,0.947,-0.51,46.9,17.9,325.0,-0.1134,0.455,0.797,-2.04,41.5,46.7,1,3,3,"{'sl_k': 0.5, 'tp_r': 1.0, 'min_w_atr': 0.3, 'custom': 'w>=0.3&a50<=1'}",,,w>=0.3&a50<=1,0.5,1.0
s05,w>=0.3&a50<=1|sl0.5|tp2.0,posthoc,687.0,0.0035,0.361,1.005,0.07,87.8,28.0,362.0,0.0533,0.384,1.085,0.73,46.9,18.7,325.0,-0.0519,0.335,0.923,-0.68,41.5,36.0,5,5,3,"{'sl_k': 0.5, 'tp_r': 2.0, 'min_w_atr': 0.3, 'custom': 'w>=0.3&a50<=1'}",,,w>=0.3&a50<=1,0.5,2.0
s05,w>=0.3&a50<=1|sl0.5|tp3.0,posthoc,687.0,0.0463,0.314,1.067,0.73,87.8,33.9,362.0,0.0965,0.337,1.144,1.11,46.9,20.9,325.0,-0.0096,0.289,0.987,-0.1,41.5,45.8,6,6,3,"{'sl_k': 0.5, 'tp_r': 3.0, 'min_w_atr': 0.3, 'custom': 'w>=0.3&a50<=1'}",,,w>=0.3&a50<=1,0.5,3.0
s05,w>=0.3&a50<=1|sl0.75|tp0.0,posthoc,687.0,0.0998,0.377,1.173,1.51,87.8,22.8,362.0,0.1185,0.392,1.216,1.34,46.9,14.6,325.0,0.079,0.36,1.13,0.8,41.5,18.4,6,6,5,"{'sl_k': 0.75, 'tp_r': 0.0, 'min_w_atr': 0.3, 'custom': 'w>=0.3&a50<=1'}",,,w>=0.3&a50<=1,0.75,0.0
s05,w>=0.3&a50<=1|sl0.75|tp1.0,posthoc,687.0,-0.041,0.482,0.917,-1.11,87.8,33.3,362.0,-0.0204,0.492,0.957,-0.41,46.9,16.3,325.0,-0.0638,0.471,0.877,-1.17,41.5,28.3,4,3,3,"{'sl_k': 0.75, 'tp_r': 1.0, 'min_w_atr': 0.3, 'custom': 'w>=0.3&a50<=1'}",,,w>=0.3&a50<=1,0.75,1.0
s05,w>=0.3&a50<=1|sl0.75|tp2.0,posthoc,687.0,0.0274,0.397,1.049,0.57,87.8,23.7,362.0,0.0667,0.417,1.126,1.01,46.9,12.7,325.0,-0.0163,0.375,0.973,-0.23,41.5,31.6,4,6,3,"{'sl_k': 0.75, 'tp_r': 2.0, 'min_w_atr': 0.3, 'custom': 'w>=0.3&a50<=1'}",,,w>=0.3&a50<=1,0.75,2.0
s05,w>=0.3&a50<=1|sl0.75|tp3.0,posthoc,687.0,0.0385,0.381,1.067,0.72,87.8,24.3,362.0,0.0847,0.401,1.156,1.15,46.9,16.4,325.0,-0.0129,0.36,0.979,-0.16,41.5,32.7,3,6,3,"{'sl_k': 0.75, 'tp_r': 3.0, 'min_w_atr': 0.3, 'custom': 'w>=0.3&a50<=1'}",,,w>=0.3&a50<=1,0.75,3.0
s05,w>=0.3&a50<=1|sl1.0|tp0.0,posthoc,687.0,0.1109,0.448,1.242,2.11,87.8,16.4,362.0,0.1299,0.461,1.305,1.85,46.9,13.8,325.0,0.0897,0.434,1.182,1.13,41.5,12.2,7,7,6,"{'sl_k': 1.0, 'tp_r': 0.0, 'min_w_atr': 0.3, 'custom': 'w>=0.3&a50<=1'}",,,w>=0.3&a50<=1,1.0,0.0
s05,w>=0.3&a50<=1|sl1.0|tp1.0,posthoc,687.0,0.0184,0.509,1.044,0.53,87.8,12.8,362.0,0.0516,0.525,1.133,1.1,46.9,9.8,325.0,-0.0185,0.492,0.959,-0.36,41.5,18.0,5,7,2,"{'sl_k': 1.0, 'tp_r': 1.0, 'min_w_atr': 0.3, 'custom': 'w>=0.3&a50<=1'}",,,w>=0.3&a50<=1,1.0,1.0
s05,w>=0.3&a50<=1|sl1.0|tp2.0,posthoc,687.0,0.0597,0.456,1.132,1.4,87.8,16.7,362.0,0.1028,0.472,1.246,1.78,46.9,8.9,325.0,0.0117,0.437,1.024,0.19,41.5,25.2,7,7,4,"{'sl_k': 1.0, 'tp_r': 2.0, 'min_w_atr': 0.3, 'custom': 'w>=0.3&a50<=1'}",,,w>=0.3&a50<=1,1.0,2.0
s05,w>=0.3&a50<=1|sl1.0|tp3.0,posthoc,687.0,0.0825,0.448,1.18,1.77,87.8,20.6,362.0,0.1063,0.461,1.249,1.72,46.9,13.8,325.0,0.0559,0.434,1.114,0.79,41.5,13.1,7,6,4,"{'sl_k': 1.0, 'tp_r': 3.0, 'min_w_atr': 0.3, 'custom': 'w>=0.3&a50<=1'}",,,w>=0.3&a50<=1,1.0,3.0
s06,default|slip0.10,,1828.0,-0.0109,0.387,0.98,-0.33,230.2,60.5,976.0,-0.0259,0.38,0.952,-0.57,123.0,44.0,852.0,0.0063,0.396,1.011,0.13,107.3,51.0,3,4,4,"{""slip"": 0.1}",,,,,
s06,default|spread+0.10,,1842.0,-0.0145,0.383,0.973,-0.44,232.0,63.5,1004.0,-0.0331,0.374,0.939,-0.75,126.5,46.0,838.0,0.0078,0.395,1.014,0.16,105.6,52.8,3,4,3,{},,,,,
s06,default|both,,1842.0,-0.0321,0.38,0.942,-0.98,232.0,83.6,1004.0,-0.0496,0.372,0.911,-1.12,126.5,59.4,838.0,-0.0111,0.39,0.98,-0.23,105.6,61.3,2,4,3,"{""slip"": 0.1}",,,,,
s06,F4 w>=0.35|slip0.10,,860.0,0.0628,0.453,1.147,1.56,108.4,12.9,463.0,0.0202,0.434,1.048,0.4,58.4,13.3,397.0,0.1125,0.476,1.26,1.73,50.1,15.3,6,6,6,"{""min_w_atr"": 0.35, ""slip"": 0.1}",,,,,
s06,F4 w>=0.35|spread+0.10,,871.0,0.0566,0.449,1.131,1.41,109.8,17.0,476.0,0.0061,0.426,1.014,0.12,60.0,15.6,395.0,0.1174,0.476,1.272,1.81,49.9,16.0,6,5,6,"{""min_w_atr"": 0.35}",,,,,
s06,F4 w>=0.35|both,,871.0,0.0455,0.447,1.104,1.14,109.8,18.7,476.0,-0.0048,0.424,0.989,-0.1,60.0,17.5,395.0,0.1062,0.473,1.244,1.64,49.9,17.3,6,4,5,"{""min_w_atr"": 0.35, ""slip"": 0.1}",,,,,
s06,F5 a20<=1|slip0.10,posthoc,1017.0,0.0639,0.407,1.119,1.35,129.4,22.7,538.0,0.0428,0.398,1.08,0.65,68.4,22.2,479.0,0.0875,0.418,1.164,1.27,61.1,20.8,6,4,5,F5 a20<=1|slip0.10,,,,,
s06,F5 a20<=1|spread+0.10,posthoc,1027.0,0.059,0.4,1.11,1.25,130.7,21.3,560.0,0.0253,0.386,1.047,0.4,71.2,23.3,467.0,0.0994,0.418,1.189,1.42,59.6,20.4,6,4,5,F5 a20<=1|spread+0.10,,,,,
s06,F5 a20<=1|both,posthoc,1027.0,0.0415,0.398,1.076,0.88,130.7,24.2,560.0,0.0095,0.386,1.017,0.15,71.2,23.8,467.0,0.0799,0.413,1.149,1.15,59.6,21.3,6,3,5,F5 a20<=1|both,,,,,
s06,F1 w>=0.3&a20<=1|slip0.10,posthoc,655.0,0.0984,0.449,1.214,1.85,83.4,14.4,339.0,0.1076,0.448,1.238,1.44,43.2,11.6,316.0,0.0887,0.449,1.189,1.17,40.3,12.1,7,7,6,F1 w>=0.3&a20<=1|slip0.10,,,,,
s06,F1 w>=0.3&a20<=1|spread+0.10,posthoc,664.0,0.0893,0.441,1.192,1.69,84.5,14.6,354.0,0.0872,0.435,1.188,1.19,45.1,13.8,310.0,0.0917,0.448,1.197,1.2,39.5,11.8,7,5,6,F1 w>=0.3&a20<=1|spread+0.10,,,,,
s06,F1 w>=0.3&a20<=1|both,posthoc,664.0,0.0738,0.438,1.156,1.4,84.5,16.7,354.0,0.0746,0.435,1.159,1.03,45.1,14.6,310.0,0.0728,0.442,1.153,0.96,39.5,12.5,6,5,5,F1 w>=0.3&a20<=1|both,,,,,
s06,F2 w>=0.35&a20<=1|slip0.10,posthoc,491.0,0.1244,0.481,1.305,2.29,62.5,8.6,254.0,0.1372,0.484,1.351,1.9,32.3,9.3,237.0,0.1107,0.477,1.26,1.35,30.2,8.9,7,6,4,F2 w>=0.35&a20<=1|slip0.10,,,,,
s06,F2 w>=0.35&a20<=1|spread+0.10,posthoc,499.0,0.1144,0.473,1.276,2.12,63.5,8.5,264.0,0.1119,0.47,1.276,1.58,33.6,9.1,235.0,0.1172,0.477,1.276,1.42,30.0,8.7,7,6,4,F2 w>=0.35&a20<=1|spread+0.10,,,,,
s06,F2 w>=0.35&a20<=1|both,posthoc,499.0,0.1025,0.471,1.245,1.91,63.5,8.7,264.0,0.1001,0.47,1.244,1.42,33.6,9.3,235.0,0.1053,0.472,1.245,1.28,30.0,9.3,7,6,4,F2 w>=0.35&a20<=1|both,,,,,
s06,F3 w>=0.3&a50<=1|slip0.10,posthoc,687.0,0.0966,0.445,1.208,1.84,87.8,19.4,362.0,0.1142,0.456,1.263,1.63,46.9,15.8,325.0,0.077,0.434,1.155,0.97,41.5,12.8,7,7,6,F3 w>=0.3&a50<=1|slip0.10,,,,,
s06,F3 w>=0.3&a50<=1|spread+0.10,posthoc,697.0,0.0892,0.44,1.191,1.72,89.1,18.9,377.0,0.0956,0.446,1.214,1.4,48.8,17.9,320.0,0.0816,0.434,1.165,1.03,40.9,12.6,7,7,5,F3 w>=0.3&a50<=1|spread+0.10,,,,,
s06,F3 w>=0.3&a50<=1|both,posthoc,697.0,0.0737,0.436,1.155,1.42,89.1,21.4,377.0,0.083,0.443,1.184,1.21,48.8,18.9,320.0,0.0628,0.428,1.125,0.79,40.9,13.2,6,7,5,F3 w>=0.3&a50<=1|both,,,,,
s06,F6 F1+noFri|slip0.10,posthoc,542.0,0.128,0.454,1.285,2.17,69.0,11.2,277.0,0.1509,0.462,1.348,1.78,35.3,7.0,265.0,0.104,0.445,1.224,1.27,33.8,9.5,8,8,6,F6 F1+noFri|slip0.10,,,,,
s06,F6 F1+noFri|spread+0.10,posthoc,548.0,0.1173,0.447,1.259,2.01,69.7,12.2,289.0,0.1209,0.446,1.27,1.47,36.8,10.0,259.0,0.1133,0.448,1.248,1.37,33.0,9.2,8,6,7,F6 F1+noFri|spread+0.10,,,,,
s06,F6 F1+noFri|both,posthoc,548.0,0.1011,0.443,1.22,1.73,69.7,13.2,289.0,0.1083,0.446,1.239,1.32,36.8,10.1,259.0,0.093,0.44,1.199,1.12,33.0,10.0,7,6,5,F6 F1+noFri|both,,,,,
s06,asia0-8/ee13|none,,1745.0,0.0097,0.405,1.02,0.31,219.8,38.0,919.0,-0.0007,0.412,0.999,-0.02,115.8,41.2,826.0,0.0212,0.397,1.043,0.46,104.1,18.5,4,6,6,"{""range_end"": 8.0, ""entry_end"": 13.0}",,,,,
s06,asia0-8/ee13|a20<=1,posthoc,976.0,0.0767,0.429,1.162,1.79,124.2,14.6,508.0,0.0512,0.429,1.109,0.9,64.6,17.6,468.0,0.1042,0.429,1.22,1.61,59.7,13.1,8,4,6,asia0-8/ee13|a20<=1,,,,,
s06,asia0-8/ee13|w>=0.3,,1287.0,0.0196,0.427,1.045,0.61,162.2,39.2,674.0,0.0428,0.447,1.103,0.98,84.9,21.6,613.0,-0.006,0.406,0.987,-0.13,77.4,26.4,6,6,2,"{""range_end"": 8.0, ""entry_end"": 13.0, ""min_w_atr"": 0.3}",,,,,
s06,asia0-8/ee13|w>=0.3&a20<=1,posthoc,731.0,0.0827,0.453,1.195,1.88,93.0,15.9,380.0,0.1186,0.474,1.293,1.94,48.3,9.6,351.0,0.0438,0.43,1.099,0.69,44.8,10.1,7,7,6,asia0-8/ee13|w>=0.3&a20<=1,,,,,
s06,asia1-7|none,,1857.0,0.0023,0.376,1.004,0.07,233.9,64.7,985.0,-0.0175,0.368,0.969,-0.37,124.1,48.0,872.0,0.0248,0.386,1.044,0.49,109.9,57.9,3,4,4,"{""range_start"": 1.0}",,,,,
s06,asia1-7|a20<=1,posthoc,1034.0,0.0627,0.392,1.113,1.28,131.5,26.0,543.0,0.0379,0.379,1.068,0.55,69.1,27.5,491.0,0.0901,0.405,1.163,1.28,62.6,27.1,6,4,5,asia1-7|a20<=1,,,,,
s06,asia1-7|w>=0.3,,1056.0,0.053,0.425,1.112,1.28,133.1,19.9,577.0,0.0303,0.414,1.064,0.55,72.8,18.8,479.0,0.0804,0.438,1.169,1.29,60.5,18.8,6,6,6,"{""range_start"": 1.0, ""min_w_atr"": 0.3}",,,,,
s06,asia1-7|w>=0.3&a20<=1,posthoc,597.0,0.1119,0.444,1.242,1.95,76.0,10.9,318.0,0.1172,0.443,1.256,1.48,40.5,9.7,279.0,0.1059,0.444,1.226,1.26,35.6,14.8,7,8,7,asia1-7|w>=0.3&a20<=1,,,,,
s06,ldn7-8|none,,2013.0,-0.0396,0.248,0.949,-0.78,253.5,159.8,1075.0,-0.0253,0.262,0.967,-0.37,135.5,92.4,938.0,-0.056,0.231,0.929,-0.74,118.1,141.2,3,4,4,"{""range_start"": 7.0, ""range_end"": 8.0}",,,,,
s06,ldn7-8|a20<=1,posthoc,1117.0,0.0173,0.244,1.022,0.24,142.1,90.2,601.0,-0.0489,0.248,0.937,-0.55,76.5,69.0,516.0,0.0945,0.24,1.121,0.81,65.8,71.6,4,3,4,ldn7-8|a20<=1,,,,,
s06,ldn7-8|w>=0.3,,194.0,0.0502,0.407,1.096,0.48,24.8,26.3,98.0,0.1471,0.429,1.285,0.89,12.6,13.2,96.0,-0.0486,0.385,0.909,-0.37,12.5,24.5,4,5,2,"{""range_start"": 7.0, ""range_end"": 8.0, ""min_w_atr"": 0.3}",,,,,
s06,ldn7-8|w>=0.3&a20<=1,posthoc,111.0,0.1204,0.414,1.233,0.82,14.5,10.2,55.0,0.4049,0.473,1.85,1.63,7.2,5.2,56.0,-0.159,0.357,0.715,-1.03,7.7,20.1,5,6,2,ldn7-8|w>=0.3&a20<=1,,,,,
s06,ldn8-13/ee17|none,,1954.0,-0.0394,0.398,0.914,-1.42,246.1,98.3,1050.0,-0.0413,0.396,0.912,-1.05,132.2,49.4,904.0,-0.0372,0.399,0.918,-0.96,114.1,64.1,1,3,4,"{""range_start"": 8.0, ""range_end"": 13.0, ""entry_end"": 17.0}",,,,,
s06,ldn8-13/ee17|a20<=1,posthoc,1095.0,-0.0012,0.407,0.997,-0.03,139.3,47.9,582.0,0.0,0.402,1.0,0.0,74.0,23.5,513.0,-0.0026,0.413,0.994,-0.05,65.4,38.0,4,4,4,ldn8-13/ee17|a20<=1,,,,,
s06,ldn8-13/ee17|w>=0.3,,1339.0,-0.044,0.43,0.888,-1.72,168.7,70.1,716.0,-0.0571,0.432,0.857,-1.64,90.2,46.5,623.0,-0.0288,0.429,0.925,-0.77,78.7,28.9,2,2,2,"{""range_start"": 8.0, ""range_end"": 13.0, ""entry_end"": 17.0, ""min_w_atr"": 0.3}",,,,,
s06,ldn8-13/ee17|w>=0.3&a20<=1,posthoc,769.0,-0.0549,0.434,0.867,-1.58,97.9,46.7,405.0,-0.0576,0.435,0.863,-1.18,51.5,31.6,364.0,-0.0519,0.434,0.872,-1.04,46.4,21.3,2,1,2,ldn8-13/ee17|w>=0.3&a20<=1,,,,,
s08,NY-ATR w>=0.35,posthoc,846.0,0.0678,0.453,1.161,1.68,106.6,13.8,459.0,0.0283,0.434,1.068,0.56,57.9,11.4,387.0,0.1147,0.475,1.268,1.77,48.8,13.7,6,6,6,NY-ATR w>=0.35,,,,,
s08,NY-ATR a20<=1,posthoc,1016.0,0.0819,0.409,1.156,1.72,129.3,21.6,542.0,0.0534,0.397,1.1,0.82,69.0,21.8,474.0,0.1145,0.424,1.22,1.65,60.4,19.4,7,4,6,NY-ATR a20<=1,,,,,
s08,NY-ATR w>=0.3&a20<=1,posthoc,644.0,0.128,0.46,1.286,2.38,82.0,12.1,334.0,0.1305,0.455,1.294,1.72,42.5,10.6,310.0,0.1253,0.465,1.279,1.64,39.5,10.2,8,7,7,NY-ATR w>=0.3&a20<=1,,,,,
s08,NY-ATR w>=0.35&a20<=1,posthoc,477.0,0.1441,0.486,1.362,2.62,60.7,8.5,251.0,0.1627,0.49,1.427,2.23,32.0,9.0,226.0,0.1235,0.482,1.297,1.48,28.8,8.3,7,5,5,NY-ATR w>=0.35&a20<=1,,,,,
s08,NY-ATR w>=0.3&a50<=1,posthoc,669.0,0.1176,0.447,1.255,2.18,85.6,16.7,350.0,0.1291,0.451,1.297,1.78,45.3,12.2,319.0,0.105,0.442,1.214,1.3,40.8,12.0,7,6,6,NY-ATR w>=0.3&a50<=1,,,,,
