k,side,fair,P_dir,z_vs_fair,P_mirror,n,n_unresolved
0.25,all,0.8,0.821,2.35,0.769,1785,43
0.25,long,0.8,0.817,1.38,0.773,952,24
0.25,short,0.8,0.826,1.97,0.764,833,19
0.5,all,0.667,0.698,2.79,0.647,1696,132
0.5,long,0.667,0.687,1.31,0.657,896,80
0.5,short,0.667,0.71,2.7,0.637,800,52
0.75,all,0.571,0.605,2.77,0.539,1601,227
0.75,long,0.571,0.596,1.48,0.549,840,136
0.75,short,0.571,0.615,2.47,0.528,761,91
1.0,all,0.5,0.53,2.3,0.47,1507,321
1.0,long,0.5,0.511,0.64,0.489,786,190
1.0,short,0.5,0.549,2.66,0.451,721,131
1.5,all,0.4,0.404,0.33,0.343,1303,525
1.5,long,0.4,0.394,-0.33,0.367,678,298
1.5,short,0.4,0.416,0.81,0.318,625,227
2.0,all,0.333,0.298,-2.65,0.234,1149,679
2.0,long,0.333,0.284,-2.69,0.262,599,377
2.0,short,0.333,0.313,-1.04,0.203,550,302
3.0,all,0.25,0.17,-6.67,0.121,992,836
3.0,long,0.25,0.158,-5.75,0.139,519,457
3.0,short,0.25,0.184,-3.71,0.103,473,379
4.0,all,0.2,0.088,-11.87,0.072,907,921
4.0,long,0.2,0.094,-7.96,0.083,487,489
4.0,short,0.2,0.081,-8.94,0.061,420,432
