h,side,mean,t,n,p_pos
1,all,0.0162,6.1,1828,0.514
1,long,0.0145,4.37,976,0.505
1,short,0.0183,4.27,852,0.525
5,all,0.0212,5.02,1828,0.498
5,long,0.0178,3.37,976,0.488
5,short,0.0252,3.72,852,0.509
15,all,0.0188,3.22,1828,0.49
15,long,0.0139,1.89,976,0.495
15,short,0.0243,2.63,852,0.485
30,all,0.0255,3.49,1828,0.498
30,long,0.0256,2.67,976,0.508
30,short,0.0254,2.27,852,0.487
60,all,0.0398,3.99,1828,0.519
60,long,0.041,3.14,976,0.525
60,short,0.0385,2.5,852,0.512
120,all,0.0441,3.33,1828,0.513
120,long,0.0449,2.5,976,0.505
120,short,0.0432,2.21,852,0.521
240,all,0.0264,1.44,1828,0.505
240,long,0.0204,0.79,976,0.509
240,short,0.0334,1.29,852,0.5
exit,all,0.0691,1.61,1828,0.508
exit,long,0.0617,1.05,976,0.498
exit,short,0.0776,1.23,852,0.519
