stop,family,spec,mode,n,avg_R,win_rate,PF,t_stat,maxDD_R,yrs_pos,L_avg_R,L_t,S_avg_R,S_t,skew
W1.0,hold,{'mh': 15},net,1828.0,-0.0717,0.315,0.44,-12.57,131.3,0,-0.0767,-10.38,-0.0661,-7.47,1.2
W1.0,hold,{'mh': 15},gross,1787.0,0.0212,0.492,1.289,3.63,5.5,7,0.0175,2.27,0.0249,2.85,1.46
W1.0,hold,{'mh': 30},net,1828.0,-0.0652,0.354,0.552,-9.07,120.1,0,-0.0662,-7.16,-0.064,-5.71,0.87
W1.0,hold,{'mh': 30},gross,1787.0,0.0239,0.486,1.251,3.29,7.5,8,0.0223,2.3,0.0256,2.35,1.04
W1.0,hold,{'mh': 60},net,1828.0,-0.0525,0.411,0.703,-5.41,97.4,0,-0.0477,-3.76,-0.0581,-3.88,0.83
W1.0,hold,{'mh': 60},gross,1787.0,0.039,0.509,1.298,3.91,7.7,7,0.0472,3.49,0.0305,2.08,0.96
W1.0,hold,{'mh': 120},net,1828.0,-0.0471,0.443,0.792,-3.65,91.5,0,-0.0398,-2.3,-0.0555,-2.88,1.01
W1.0,hold,{'mh': 120},gross,1787.0,0.0362,0.511,1.193,2.7,11.5,7,0.0454,2.44,0.0269,1.39,1.01
W1.0,hold,{'mh': 180},net,1828.0,-0.0481,0.437,0.818,-3.16,91.7,0,-0.0392,-1.89,-0.0582,-2.6,1.18
W1.0,hold,{'mh': 180},gross,1787.0,0.0341,0.499,1.151,2.16,11.8,7,0.0414,1.88,0.0265,1.17,1.12
W1.0,hold,{'mh': 240},net,1828.0,-0.0587,0.449,0.808,-3.45,109.6,0,-0.0493,-2.13,-0.0694,-2.77,1.21
W1.0,hold,{'mh': 240},gross,1787.0,0.0301,0.495,1.113,1.68,15.5,6,0.0407,1.63,0.0192,0.75,1.24
W1.0,hold,{'mh': 360},net,1828.0,-0.0329,0.44,0.916,-1.45,73.3,3,-0.0433,-1.46,-0.0209,-0.6,1.39
W1.0,hold,{'mh': 360},gross,1787.0,0.0606,0.476,1.172,2.55,18.7,6,0.0594,1.85,0.0617,1.76,1.33
W1.0,tstop,"{'tsm': 15, 'tst': 0.0}",net,1828.0,-0.0501,0.162,0.821,-2.35,120.1,2,-0.0342,-1.13,-0.0683,-2.31,3.93
W1.0,tstop,"{'tsm': 15, 'tst': 0.0}",gross,1787.0,0.0499,0.237,1.171,1.95,24.0,5,0.0625,1.69,0.0369,1.04,3.01
W1.0,tstop,"{'tsm': 15, 'tst': 0.25}",net,1828.0,-0.0644,0.282,0.591,-4.67,127.2,1,-0.0581,-2.86,-0.0715,-3.9,8.98
W1.0,tstop,"{'tsm': 15, 'tst': 0.25}",gross,1787.0,0.0238,0.441,1.204,1.55,19.4,5,0.0322,1.4,0.0152,0.75,7.43
W1.0,tstop,"{'tsm': 30, 'tst': 0.0}",net,1828.0,-0.0242,0.185,0.921,-1.01,71.2,2,-0.0084,-0.25,-0.0423,-1.26,3.53
W1.0,tstop,"{'tsm': 30, 'tst': 0.0}",gross,1787.0,0.0656,0.243,1.217,2.42,27.8,6,0.0625,1.65,0.0687,1.78,3.01
W1.0,tstop,"{'tsm': 30, 'tst': 0.25}",net,1828.0,-0.07,0.299,0.643,-4.44,134.6,0,-0.0591,-2.57,-0.0825,-3.89,6.44
W1.0,tstop,"{'tsm': 30, 'tst': 0.25}",gross,1787.0,0.0284,0.415,1.18,1.56,20.0,6,0.0362,1.36,0.0204,0.83,5.39
W1.0,tstop,"{'tsm': 60, 'tst': 0.0}",net,1828.0,-0.0272,0.219,0.924,-1.04,76.5,2,-0.0236,-0.66,-0.0313,-0.81,3.2
W1.0,tstop,"{'tsm': 60, 'tst': 0.0}",gross,1787.0,0.0871,0.272,1.266,3.03,29.3,6,0.089,2.23,0.0852,2.07,2.82
W1.0,tstop,"{'tsm': 60, 'tst': 0.25}",net,1828.0,-0.0588,0.334,0.761,-3.12,109.3,1,-0.0481,-1.83,-0.0711,-2.63,4.01
W1.0,tstop,"{'tsm': 60, 'tst': 0.25}",gross,1787.0,0.0332,0.411,1.155,1.59,24.1,5,0.0518,1.72,0.0141,0.49,3.56
W1.0,tstop,"{'tsm': 120, 'tst': 0.0}",net,1828.0,-0.0137,0.253,0.965,-0.5,65.7,3,0.0064,0.17,-0.0366,-0.93,2.81
W1.0,tstop,"{'tsm': 120, 'tst': 0.0}",gross,1787.0,0.0765,0.294,1.213,2.64,28.2,6,0.0868,2.11,0.0659,1.61,2.61
W1.0,tstop,"{'tsm': 120, 'tst': 0.25}",net,1828.0,-0.0395,0.347,0.87,-1.74,86.2,2,-0.0271,-0.89,-0.0538,-1.58,3.13
W1.0,tstop,"{'tsm': 120, 'tst': 0.25}",gross,1787.0,0.0496,0.398,1.179,1.98,20.5,6,0.0611,1.71,0.0378,1.07,3.35
W1.0,hold+trail2,"{'mh': 120, 'tr': 2.0}",net,1828.0,-0.0475,0.443,0.79,-3.69,92.0,0,-0.0399,-2.31,-0.0562,-2.92,1.02
W1.0,hold+trail2,"{'mh': 120, 'tr': 2.0}",gross,1787.0,0.0359,0.51,1.192,2.69,11.5,7,0.0452,2.43,0.0264,1.37,1.02
W1.0,hold+trail2,"{'mh': 240, 'tr': 2.0}",net,1828.0,-0.0586,0.449,0.807,-3.46,109.5,0,-0.0487,-2.1,-0.0701,-2.82,1.2
W1.0,hold+trail2,"{'mh': 240, 'tr': 2.0}",gross,1787.0,0.0319,0.495,1.121,1.79,15.1,7,0.0425,1.7,0.0211,0.83,1.23
ATR0.75,hold,{'mh': 15},net,1828.0,-0.0279,0.315,0.498,-10.55,51.0,0,-0.0298,-9.29,-0.0257,-5.96,2.41
ATR0.75,hold,{'mh': 15},gross,1787.0,0.0121,0.492,1.374,4.43,1.9,8,0.0111,3.23,0.0131,3.08,2.43
ATR0.75,hold,{'mh': 30},net,1828.0,-0.0251,0.354,0.608,-7.42,46.3,0,-0.027,-6.53,-0.023,-4.17,2.05
ATR0.75,hold,{'mh': 30},gross,1787.0,0.0138,0.486,1.325,3.94,3.1,8,0.0126,2.82,0.015,2.78,2.01
ATR0.75,hold,{'mh': 60},net,1828.0,-0.02,0.411,0.743,-4.54,38.2,0,-0.0174,-3.09,-0.0231,-3.33,1.26
ATR0.75,hold,{'mh': 60},gross,1787.0,0.0193,0.51,1.331,4.22,3.0,7,0.024,3.87,0.0145,2.15,1.38
ATR0.75,hold,{'mh': 120},net,1828.0,-0.0162,0.444,0.836,-2.74,33.4,1,-0.0128,-1.61,-0.0202,-2.27,1.46
ATR0.75,hold,{'mh': 120},gross,1787.0,0.021,0.513,1.259,3.47,4.5,6,0.025,2.96,0.0168,1.94,1.54
ATR0.75,hold,{'mh': 180},net,1828.0,-0.0157,0.439,0.866,-2.21,34.0,3,-0.0122,-1.28,-0.0197,-1.84,1.53
ATR0.75,hold,{'mh': 180},gross,1787.0,0.0217,0.503,1.221,3.0,5.0,6,0.0244,2.44,0.0189,1.8,1.6
ATR0.75,hold,{'mh': 240},net,1828.0,-0.0217,0.453,0.841,-2.66,41.9,2,-0.0206,-1.86,-0.023,-1.89,1.56
ATR0.75,hold,{'mh': 240},gross,1787.0,0.0185,0.501,1.158,2.2,6.6,7,0.0199,1.69,0.0171,1.42,1.62
ATR0.75,hold,{'mh': 360},net,1828.0,-0.0086,0.463,0.952,-0.78,27.1,3,-0.0173,-1.19,0.0013,0.08,1.02
ATR0.75,hold,{'mh': 360},gross,1787.0,0.0368,0.503,1.233,3.25,5.9,8,0.0322,2.09,0.0415,2.49,1.01
ATR0.75,tstop,"{'tsm': 15, 'tst': 0.0}",net,1828.0,-0.0099,0.183,0.925,-0.9,46.0,2,-0.008,-0.54,-0.0121,-0.74,2.77
ATR0.75,tstop,"{'tsm': 15, 'tst': 0.0}",gross,1787.0,0.0339,0.275,1.24,2.6,14.3,6,0.0323,1.77,0.0356,1.9,1.94
ATR0.75,tstop,"{'tsm': 15, 'tst': 0.25}",net,1828.0,-0.0269,0.308,0.544,-6.57,49.4,0,-0.0324,-7.96,-0.0205,-2.77,7.27
ATR0.75,tstop,"{'tsm': 15, 'tst': 0.25}",gross,1787.0,0.018,0.484,1.5,3.49,2.7,6,0.0128,2.17,0.0232,2.74,7.74
ATR0.75,tstop,"{'tsm': 30, 'tst': 0.0}",net,1828.0,-0.0037,0.21,0.974,-0.31,30.6,3,-0.0043,-0.27,-0.0031,-0.17,2.67
ATR0.75,tstop,"{'tsm': 30, 'tst': 0.0}",gross,1787.0,0.0338,0.277,1.229,2.53,15.3,5,0.0306,1.7,0.0372,1.88,2.09
ATR0.75,tstop,"{'tsm': 30, 'tst': 0.25}",net,1828.0,-0.0219,0.347,0.679,-4.03,41.2,1,-0.0305,-6.02,-0.012,-1.19,7.55
ATR0.75,tstop,"{'tsm': 30, 'tst': 0.25}",gross,1787.0,0.0192,0.475,1.398,2.99,5.1,7,0.0121,1.51,0.0265,2.62,8.19
ATR0.75,tstop,"{'tsm': 60, 'tst': 0.0}",net,1828.0,-0.0046,0.247,0.972,-0.37,33.6,3,-0.0046,-0.27,-0.0046,-0.25,2.17
ATR0.75,tstop,"{'tsm': 60, 'tst': 0.0}",gross,1787.0,0.0412,0.306,1.258,2.99,17.7,7,0.0399,2.09,0.0425,2.13,1.95
ATR0.75,tstop,"{'tsm': 60, 'tst': 0.25}",net,1828.0,-0.0165,0.391,0.81,-2.35,41.0,1,-0.0154,-1.7,-0.0178,-1.62,5.08
ATR0.75,tstop,"{'tsm': 60, 'tst': 0.25}",gross,1787.0,0.0223,0.485,1.317,2.96,7.4,7,0.0205,2.07,0.0241,2.11,4.25
ATR0.75,tstop,"{'tsm': 120, 'tst': 0.0}",net,1828.0,0.0046,0.276,1.026,0.35,28.1,3,0.0082,0.47,0.0005,0.02,2.07
ATR0.75,tstop,"{'tsm': 120, 'tst': 0.0}",gross,1787.0,0.0436,0.326,1.259,3.15,11.9,6,0.0455,2.37,0.0416,2.08,1.87
ATR0.75,tstop,"{'tsm': 120, 'tst': 0.25}",net,1828.0,-0.0187,0.408,0.838,-2.13,52.5,3,-0.0236,-1.99,-0.0132,-1.0,3.58
ATR0.75,tstop,"{'tsm': 120, 'tst': 0.25}",gross,1787.0,0.0201,0.473,1.203,2.16,11.9,7,0.0132,1.02,0.0272,2.01,3.38
ATR0.75,hold+trail2,"{'mh': 120, 'tr': 2.0}",net,1828.0,-0.0162,0.444,0.836,-2.74,33.4,1,-0.0128,-1.61,-0.0202,-2.27,1.46
ATR0.75,hold+trail2,"{'mh': 120, 'tr': 2.0}",gross,1787.0,0.021,0.513,1.259,3.47,4.5,6,0.025,2.96,0.0168,1.94,1.54
ATR0.75,hold+trail2,"{'mh': 240, 'tr': 2.0}",net,1828.0,-0.0217,0.453,0.841,-2.66,41.9,2,-0.0206,-1.86,-0.023,-1.89,1.56
ATR0.75,hold+trail2,"{'mh': 240, 'tr': 2.0}",gross,1787.0,0.0185,0.501,1.158,2.2,6.6,7,0.0199,1.69,0.0171,1.42,1.62
