cfg,cost,n,avg_R,win_rate,PF,t_stat,trades_per_year,maxDD_R,yrs_pos,L_n,L_avg_R,L_t,S_n,S_avg_R,S_t,skew
F0_default,base,1828.0,0.0078,0.391,1.015,0.23,230.2,43.5,4,976,-0.0082,-0.18,852,0.0261,0.53,2.03
F0_default,slip0.10,1828.0,-0.0109,0.387,0.98,-0.33,230.2,60.5,3,976,-0.0259,-0.57,852,0.0063,0.13,2.03
F0_default,spread+0.10,1842.0,-0.0145,0.383,0.973,-0.44,232.0,63.5,3,1004,-0.0331,-0.75,838,0.0078,0.16,2.04
F0_default,both,1842.0,-0.0321,0.38,0.942,-0.98,232.0,83.6,2,1004,-0.0496,-1.12,838,-0.0111,-0.23,2.05
F1_W1_trail2,base,1828.0,0.0226,0.394,1.044,0.7,230.2,32.1,5,976,0.0047,0.11,852,0.043,0.9,2.07
F1_W1_trail2,slip0.10,1828.0,0.005,0.39,1.01,0.15,230.2,45.3,4,976,-0.0119,-0.27,852,0.0243,0.51,2.08
F1_W1_trail2,spread+0.10,1842.0,-0.0003,0.385,0.999,-0.01,232.0,47.2,3,1004,-0.0218,-0.51,838,0.0255,0.53,2.11
F1_W1_trail2,both,1842.0,-0.0183,0.382,0.965,-0.57,232.0,62.9,2,1004,-0.0382,-0.9,838,0.0057,0.12,2.11
F2_ATR0.75_BE1_trail1.5_x21,base,1828.0,0.0115,0.467,1.042,0.67,230.2,27.7,5,976,-0.0023,-0.1,852,0.0273,1.06,0.95
F2_ATR0.75_BE1_trail1.5_x21,slip0.10,1828.0,0.0029,0.463,1.01,0.17,230.2,33.7,4,976,-0.0103,-0.45,852,0.0179,0.69,0.95
F2_ATR0.75_BE1_trail1.5_x21,spread+0.10,1842.0,-0.0008,0.46,0.997,-0.05,232.0,37.5,5,1004,-0.0165,-0.73,838,0.0178,0.68,0.95
F2_ATR0.75_BE1_trail1.5_x21,both,1842.0,-0.0084,0.457,0.97,-0.49,232.0,44.5,3,1004,-0.0244,-1.08,838,0.0109,0.42,0.95
F3_ATR1.5_timeexit,base,1828.0,0.0034,0.478,1.024,0.38,230.2,16.3,4,976,-0.0015,-0.13,852,0.0089,0.66,0.58
F3_ATR1.5_timeexit,slip0.10,1828.0,-0.0008,0.475,0.994,-0.09,230.2,18.8,4,976,-0.0057,-0.48,852,0.0047,0.35,0.58
F3_ATR1.5_timeexit,spread+0.10,1842.0,-0.0025,0.472,0.983,-0.28,232.0,22.1,3,1004,-0.0077,-0.66,838,0.0038,0.28,0.56
F3_ATR1.5_timeexit,both,1842.0,-0.0066,0.467,0.954,-0.75,232.0,27.4,3,1004,-0.0119,-1.01,838,-0.0004,-0.03,0.56
