date,avg_R_100
2015-07-21,0.32822743722112563
2015-07-22,0.2786459154819949
2015-07-23,0.23844492795891473
2015-07-30,0.21866689905553396
2015-08-10,0.22787446061040875
2015-08-11,0.2122255731798299
2015-08-12,0.22587231875832717
2015-08-13,0.24570365651351658
2015-08-20,0.2501430643160595
2015-08-21,0.25658733860327226
2015-08-24,0.2566558551405694
2015-08-26,0.2552364277339061
2015-08-28,0.24393996218259836
2015-09-01,0.23580855562821712
2015-09-18,0.2575370378839814
2015-09-24,0.29335868823617745
2015-09-25,0.2773424757933722
2015-09-30,0.28773408751157037
2015-10-09,0.27186860140681435
2015-10-14,0.2460709112047454
2015-10-19,0.24604801935005635
2015-11-18,0.2552049620806944
2015-11-25,0.25752815384889244
2015-11-27,0.2500114846249584
2015-12-08,0.24994966465531265
2015-12-11,0.23999374614459956
2015-12-14,0.2581269522514695
2015-12-17,0.2703260052293331
2015-12-21,0.2916327304190365
2015-12-29,0.26409729932678633
2016-01-05,0.2537552995009862
2016-01-08,0.2623787797476602
2016-01-11,0.2784910908961817
2016-01-12,0.27853652322214423
2016-01-13,0.2784184325413739
2016-01-15,0.29299862307544083
2016-01-20,0.29738423707649486
2016-01-26,0.29919256777727926
2016-01-28,0.2729453550060868
2016-02-01,0.2605445083037706
2016-02-02,0.24438974393555798
2016-02-11,0.25861918739532386
2016-02-12,0.25447153426879143
2016-02-15,0.2668873447862664
2016-02-16,0.2741804418700612
2016-02-17,0.2592284641430712
2016-02-22,0.25688873396474116
2016-02-25,0.2628148927437988
2016-03-07,0.23681676792561707
2016-03-09,0.2309369717101877
2016-03-11,0.24846890661646817
2016-03-18,0.2548577372298043
2016-03-23,0.2714528970715867
2016-04-05,0.28285938553691903
2016-04-11,0.29852046689021294
2016-04-14,0.28871973259440453
2016-04-18,0.2543754969307881
2016-04-19,0.27747362102891254
2016-04-20,0.2856101853450934
2016-04-21,0.29274372352764433
2016-04-28,0.2796035000309646
2016-05-03,0.2734945095387945
2016-05-04,0.241349217331002
2016-05-16,0.23319332589234357
2016-05-17,0.19651998164588555
2016-05-24,0.1977096875282392
2016-05-25,0.20502086914374273
2016-05-27,0.2050227127718184
2016-05-30,0.1793517106002152
2016-05-31,0.1154554507082409
2016-06-01,0.091350069951287
2016-06-06,0.08882177248741409
2016-06-08,0.11564041542965249
2016-06-09,0.09737114117328942
2016-06-13,0.09257928076463008
2016-06-16,0.07418028054569989
2016-06-17,0.09143151229046945
2016-06-20,0.09620719310279265
2016-06-21,0.12351607858411792
2016-06-23,0.09634940100569973
2016-06-27,0.06461421638433935
2016-06-28,0.043622853574501255
2016-07-01,0.05981397576657674
2016-07-06,0.05848567000310081
2016-07-11,0.0774591022504918
2016-07-13,0.08981616244934401
2016-07-14,0.10492987759559287
2016-07-15,0.09537733340394818
2016-07-20,0.10297343730005207
2016-07-22,0.11428657938185091
2016-07-26,0.121653359537403
2016-08-02,0.1473569820604322
2016-08-04,0.13039993982989137
2016-08-08,0.11272562840069986
2016-08-10,0.10341262133624574
2016-08-11,0.10343083864268685
2016-08-12,0.09377206229407847
2016-08-16,0.10612824793139669
2016-08-19,0.1200675257397244
2016-08-31,0.11282805789050021
2016-09-01,0.11059484007183712
2016-09-07,0.10173817984017701
2016-09-08,0.10172400484233787
2016-09-14,0.09767151326020171
2016-09-19,0.07791227479326931
2016-09-27,0.08888441615814147
2016-09-30,0.0691529824568059
2016-10-03,0.06677809351596034
2016-10-04,0.12348620997278516
2016-10-05,0.11710061897917225
2016-10-10,0.12048481787616369
2016-10-18,0.1170124880885533
2016-10-28,0.11684699889851993
2016-11-02,0.12534313446300419
2016-11-03,0.10674740629794034
2016-11-04,0.07091848116095668
2016-11-07,0.08469405914100728
2016-11-09,0.06290090209043897
2016-11-10,0.03355179708530858
2016-11-14,0.0411575248884572
2016-11-15,0.04119410514533641
2016-11-18,0.03213135425007836
2016-11-25,0.02518441309449177
2016-11-30,0.031554356069210525
2016-12-01,0.031661978278146014
2016-12-05,0.042060661155552445
2016-12-15,0.036968249513141295
2016-12-21,0.013093401082505502
2016-12-27,-0.0011784617516245432
2016-12-29,0.016527741113456822
2016-12-30,0.02658080665256893
2017-01-03,0.018039783484252864
2017-01-04,0.01007429072694836
2017-01-05,0.02785063194086055
2017-01-06,0.02790153537158348
2017-01-10,0.016405265025309618
2017-01-12,-0.004577919292414695
2017-01-13,-0.0278594049636062
2017-01-19,-0.04285410056308841
2017-01-20,-0.06365193726533752
2017-01-23,-0.057742070151576924
2017-01-25,-0.06346406877975229
2017-01-31,-0.039475943270182536
2017-02-02,-0.04303838426561321
2017-02-08,-0.03275740727533347
2017-02-21,-0.04194364818976011
2017-03-09,-0.05776280563543414
2017-03-15,-0.06911816483874572
2017-03-16,-0.0674466510672658
2017-03-20,-0.07569476642608539
2017-03-27,-0.08765030477153181
2017-04-06,-0.09200329982823453
2017-04-11,-0.057749908549185575
2017-04-12,-0.06186241969090851
2017-04-17,-0.059305047757256375
2017-04-25,-0.033073145583104584
2017-05-01,-0.01821082594247784
2017-05-08,-0.05018987193560865
2017-05-16,-0.04400578647691562
2017-05-17,-0.024794396515525223
2017-05-18,-0.04694542612058248
2017-05-26,-0.015805878713866465
2017-05-30,-0.002004137901487013
2017-06-06,0.01939996150378013
2017-06-09,0.03243942969981735
2017-06-13,0.002117936487147285
2017-06-15,0.02131136109049792
2017-06-19,0.04364149545116072
2017-06-22,0.04360395746368217
2017-06-28,0.029661288290749627
2017-06-29,0.02957633627715733
2017-06-30,0.04145840981411923
2017-07-03,0.05059297375205306
2017-07-04,0.055893068639406074
2017-07-05,0.052059674636869835
2017-07-06,0.05980984753740354
2017-07-11,0.04243885268668974
2017-07-13,0.037572048543651725
2017-07-18,0.03062812292795548
2017-07-20,0.030552760656602174
2017-08-02,0.024363602731989783
2017-08-08,0.011136698390006082
2017-08-09,0.02081954403800066
2017-08-11,0.01716169638668971
2017-08-15,0.009847640847882694
2017-08-17,-0.0025287566676452356
2017-08-21,0.0005622476545458821
2017-08-22,0.013875778191768582
2017-08-29,-0.0129353794677762
2017-08-30,-0.024260256802274168
2017-09-05,-0.03162162807373412
2017-09-08,-0.05732262606516933
2017-09-21,-0.03804369265737929
2017-09-22,-0.030468152098227466
2017-09-26,-0.009491052970117108
2017-09-27,0.009118203892493886
2017-10-09,0.01710062580497446
2017-10-10,0.01582351311547237
2017-10-19,0.01974006468360622
2017-10-20,0.03337750289551233
2017-10-25,0.03337583212152629
2017-11-02,0.03341579906245169
2017-11-06,0.0652240695511977
2017-11-09,0.07257837323258166
2017-11-17,0.09601090460522141
2017-11-27,0.09459465180124127
2017-12-26,0.11078906042699224
2017-12-28,0.11276500348129964
2018-01-02,0.06189838090634273
2018-01-03,0.07043954913741289
2018-01-04,0.10217079541893792
2018-01-09,0.08929452838275825
2018-01-10,0.1146580994308586
2018-01-11,0.09879002493214711
2018-01-12,0.11518795089940907
2018-01-15,0.12063292683683198
2018-01-17,0.11461262405229584
2018-01-18,0.12198916588612789
2018-01-19,0.13539039596146982
2018-01-22,0.127669429661065
2018-01-25,0.1276687791461418
2018-01-26,0.13338227413569756
2018-01-29,0.14015654902661223
2018-01-30,0.11105932402160267
2018-01-31,0.1109729676188866
2018-02-01,0.10052473519193064
2018-02-07,0.08747817045638938
2018-02-08,0.08487204676606919
2018-02-09,0.08508850428267674
2018-02-14,0.06739984213712286
2018-02-16,0.04587955061429969
2018-02-20,0.07234172929295174
2018-02-26,0.06564517822997275
2018-03-07,0.06797316241924528
2018-03-13,0.06799365113538618
2018-03-14,0.05881788084634063
2018-03-21,0.10375776586277084
2018-03-22,0.11537761472653113
2018-03-23,0.134511553633042
2018-04-03,0.15360282924931773
2018-04-16,0.1477274922907752
2018-04-17,0.12942723360637082
2018-04-19,0.10139945630794181
2018-04-24,0.10895532171556573
2018-05-03,0.10825677647693997
2018-05-07,0.11810094467086123
2018-05-08,0.11810314247305902
2018-05-09,0.11816227625278268
2018-05-10,0.107107482989509
2018-05-17,0.11325459205902068
2018-05-29,0.10759422104894899
2018-05-30,0.09725876865391653
2018-06-19,0.046373126401669795
2018-06-21,0.03902339195425613
2018-06-25,0.028440653887831204
2018-06-26,0.021603899105969767
2018-07-02,0.04046733270158315
2018-07-03,0.040378557626892596
2018-07-04,0.031250753490740586
2018-07-09,0.01444349886769577
2018-07-17,0.014384413026001255
2018-07-19,-0.01683599603908233
2018-07-20,-0.01356819899075448
2018-07-24,-0.03507333706323673
2018-07-25,-0.027173899627163375
2018-07-26,-9.243016746268484e-05
2018-07-30,-0.026723617545096102
2018-08-13,-0.018466263030760977
2018-08-15,0.007658440123056145
2018-08-16,0.017740181639008163
2018-08-17,0.02990213224635455
2018-08-23,0.031428744770444536
2018-08-24,0.040677031110633914
2018-09-03,0.04621722167560165
2018-09-07,0.050149180109422514
2018-09-12,0.04228191084834215
2018-09-14,0.04221187321129422
2018-10-08,0.061253256669941046
2018-10-12,0.04084015208527493
2018-10-25,0.040829151122690706
2018-10-31,0.0486805798616039
2018-11-07,0.05372760638996613
2018-11-29,0.034702722798980845
2018-12-03,0.05471226429094612
2018-12-04,0.05370161116470171
2018-12-05,0.05359590347746979
2018-12-24,0.053737307963668754
2018-12-26,0.04292269948126728
2018-12-28,0.05507161377669985
2019-01-02,0.05505356129888131
2019-01-03,0.054979728978610067
2019-01-04,0.08669064114608162
2019-01-07,0.07535637425226004
2019-01-08,0.073974958290394
2019-01-09,0.047043259392253366
2019-01-10,0.02840382348566768
2019-01-11,0.020383981616108313
2019-01-14,0.017464851635821683
2019-01-17,0.010101723589008592
2019-01-28,-0.0036292975105980175
2019-01-30,-0.003696549212394118
2019-02-01,-0.0037818003019962055
2019-02-04,-0.028678202497436623
2019-02-05,-0.047219004768441285
2019-02-11,-0.062125450991525846
2019-02-13,-0.0832294710920291
2019-02-18,-0.08697397051708033
2019-02-21,-0.07029445622219845
2019-02-25,-0.10625515870872267
2019-02-28,-0.11494246693767479
2019-03-12,-0.12996107698151277
2019-03-14,-0.11077002121293908
2019-03-15,-0.12300587887323726
2019-03-19,-0.11662495283282459
2019-03-21,-0.13628928644427052
2019-03-25,-0.12132413158815822
2019-04-05,-0.13730117669133773
2019-04-08,-0.13371790209454718
2019-04-15,-0.13989492232830372
2019-04-22,-0.13990511668899552
2019-04-26,-0.1401015105090476
2019-05-01,-0.1459841896250718
2019-05-02,-0.1487228216338593
2019-05-13,-0.1487826765911412
2019-05-14,-0.1351516597206877
2019-05-27,-0.13197391568825215
2019-05-28,-0.11209282735101235
2019-05-31,-0.07545815176639793
2019-06-03,-0.05474298366734719
2019-06-04,-0.0547550933454345
2019-06-06,-0.04185787660715365
2019-06-10,-0.057542406253542795
2019-06-12,-0.05423703356170677
2019-06-13,-0.05767825627269651
2019-06-14,-0.05769807609251632
2019-06-17,-0.05762791109513969
2019-06-21,-0.10234917548219492
2019-06-24,-0.11387214745086734
2019-06-25,-0.13292815315027695
2019-07-01,-0.13406382337317294
2019-07-02,-0.10175331489423105
2019-07-05,-0.07931978163146187
2019-07-23,-0.07531026511946212
2019-08-01,-0.09168834328597189
2019-08-05,-0.09210584107159697
2019-08-06,-0.09922001715508663
2019-08-07,-0.08180072984284627
2019-08-09,-0.08175610728377634
2019-08-13,-0.08163552972843133
2019-08-14,-0.06317523699671775
2019-08-15,-0.06300990676680547
2019-08-16,-0.05079686615500435
2019-08-26,-0.03169388519308054
2019-09-04,-0.03158115212060613
2019-09-05,-0.008542377343107406
2019-09-09,-0.027997575556396148
2019-09-12,-0.05183741250310258
2019-09-16,-0.041500090301494735
2019-09-30,-0.013374099087753609
2019-10-01,-0.02284163635414562
2019-10-10,-0.0030376263718436356
2019-10-31,0.02811029509081536
2019-11-19,0.010987036912725477
2019-12-13,0.0345414840186423
2019-12-24,0.040314688910812226
2019-12-26,0.032327776183502334
2019-12-27,0.03232988584178164
2019-12-31,0.006961010410637208
2020-01-02,0.004441667662495056
2020-01-03,0.010007875677232499
2020-01-07,0.013498896628236754
2020-01-08,0.01673169910252075
2020-01-09,-0.019263423559814804
2020-01-10,-0.011299973867823047
2020-01-14,-0.017184905251718466
2020-01-21,-0.005557808951630785
2020-01-23,-0.005395387393860449
2020-01-29,-0.0020309983567513078
2020-02-03,0.009385866590426761
2020-02-04,0.05546380758673912
2020-02-05,0.04761435249416495
2020-02-10,0.05247220071876638
2020-02-19,0.058760975203792504
2020-02-20,0.038791949694786665
2020-02-21,0.06123868248738612
2020-02-24,0.0613877504429516
2020-02-25,0.04314761306183037
2020-02-26,0.04065321938899704
2020-02-27,0.028592415029648887
2020-02-28,0.07702945093709963
2020-03-02,0.08257385674175081
2020-03-03,0.08310289889240695
2020-03-06,0.07521446762009987
2020-03-11,0.06912149491579947
2020-03-13,0.06930606810855278
2020-03-16,0.08335469343602261
2020-03-17,0.08354303280650843
2020-03-24,0.07550902207614026
2020-03-25,0.07356101178394042
2020-04-07,0.08926560438637905
2020-04-17,0.11295553850195045
2020-04-28,0.1131596098635225
2020-05-18,0.1063911728770015
2020-05-21,0.12809997811796728
2020-05-26,0.11405281169890615
2020-05-27,0.11667219209384523
2020-05-29,0.1227605970844298
2020-06-01,0.08667545343640891
2020-06-03,0.11699075922380939
2020-06-05,0.1536378213383032
2020-06-08,0.15262520643722022
2020-06-09,0.13364129919457843
2020-06-22,0.12074344060219051
2020-06-23,0.11455338084335417
2020-07-06,0.13678417557162084
2020-07-23,0.13630725115095343
2020-07-24,0.15895132270915946
2020-07-27,0.15503263297851327
2020-07-28,0.15306462507532642
2020-07-31,0.16322388775899951
2020-08-03,0.16981208784095014
2020-08-05,0.18422111917481632
2020-08-07,0.19242299789755812
2020-08-11,0.262501280773953
2020-08-12,0.24903633787371596
2020-08-17,0.27151914255119924
2020-08-20,0.25178319177263764
2020-09-01,0.21522554168785568
2020-09-15,0.18224621567747007
2020-09-17,0.18929965984653468
2020-09-18,0.17644708582899807
2020-09-22,0.17709670315148768
2020-09-23,0.20178693527372274
2020-09-24,0.18528662054118394
2020-09-30,0.18538332364869878
2020-10-02,0.18546284938611918
2020-10-05,0.17976607151500434
2020-10-09,0.19833329515946108
2020-10-12,0.20661031855237177
2020-10-13,0.18880578238998066
2020-10-14,0.16973865992819967
2020-10-20,0.1592235489838525
2020-10-21,0.17174218822260814
2020-10-27,0.1717127526298456
2020-10-30,0.16505691031603897
2020-11-02,0.17950365732722073
2020-11-06,0.1760778477467885
2020-11-09,0.17611401901893545
2020-11-10,0.1761846220478464
2020-11-24,0.17306833560544063
2020-12-01,0.20875725149796032
2020-12-03,0.19670498088554736
2020-12-08,0.1777305196987588
2020-12-09,0.20244280439412204
2020-12-15,0.19679573608267803
2020-12-21,0.19687658829621257
2020-12-28,0.2033961083913362
2020-12-31,0.19320825923153287
2021-01-04,0.1812705012821567
2021-01-05,0.19867166124655936
2021-01-06,0.17907100738191675
2021-01-07,0.14804429705705224
2021-01-08,0.21690012795601007
2021-01-11,0.20282581603807148
2021-01-18,0.18849163293371368
2021-02-01,0.1765790783899892
2021-02-02,0.20047717740316842
2021-02-04,0.22404068282678274
2021-02-08,0.2004860114638106
2021-02-09,0.1906277668781544
2021-02-10,0.1831765384596461
2021-02-19,0.17856923567004318
2021-02-23,0.1798653796237061
2021-02-25,0.19094631347584617
2021-02-26,0.22558255532998006
2021-03-01,0.21411334226243522
2021-03-02,0.22714027215304955
2021-03-22,0.20787583166028706
2021-03-23,0.19654317723942472
2021-03-24,0.15928945961441213
2021-03-30,0.192650954280692
2021-03-31,0.2179495867544724
2021-04-01,0.22965421886285223
2021-04-06,0.24932709990116023
2021-04-13,0.21621458338859972
2021-04-19,0.21622767612400284
2021-04-20,0.21618402879936002
2021-04-21,0.23613437198397164
2021-04-26,0.2361288654802022
2021-04-28,0.18779459508690677
2021-04-29,0.20386938464932636
2021-05-03,0.2013884838229562
2021-05-06,0.2403701099251664
2021-05-07,0.25932798796821876
2021-05-13,0.2592418661698154
2021-05-17,0.2697681915685781
2021-05-20,0.2774399711952615
2021-05-25,0.3098055508393245
2021-05-26,0.30138821430322726
2021-06-01,0.2858603677925242
2021-06-04,0.28399055621804037
2021-06-14,0.2925117879237547
2021-06-15,0.292449523196555
2021-06-17,0.3138946867764396
2021-06-18,0.3139231781439442
2021-06-28,0.31828960578838156
2021-07-01,0.30835158051060274
2021-07-07,0.3195031112928339
2021-07-08,0.28933820461783205
2021-07-09,0.25284530968662144
2021-07-12,0.2384156186010082
2021-07-14,0.2613489158605667
2021-07-20,0.26129248566575314
2021-07-26,0.2612519748789503
2021-07-29,0.2641335326643473
2021-08-02,0.24424112525296046
2021-08-09,0.22941135699536264
2021-08-11,0.24639313859288292
2021-08-19,0.24491293705545444
2021-08-23,0.2582975253446205
2021-08-25,0.26292512838485743
2021-08-30,0.26076699810900783
2021-09-10,0.24025968653880841
2021-09-13,0.18006781211104708
2021-09-20,0.19502899516959327
2021-09-27,0.16948975600078778
2021-10-05,0.17669923268014462
2021-10-12,0.18696736810304618
2021-10-19,0.19318795067981998
2021-10-20,0.21127968839250313
2021-10-21,0.22105473113397614
2021-10-28,0.209628395894853
2021-11-03,0.19292589430312188
2021-11-08,0.1928576394484298
2021-11-11,0.21039875638480687
2021-11-15,0.21035630404006525
2021-11-26,0.21032425275801397
2021-12-16,0.21616156237157116
2021-12-17,0.21381160952871223
2022-01-03,0.2535579650760683
2022-01-11,0.26960632961341274
2022-01-14,0.2529561029051886
2022-01-17,0.24873555323313945
2022-01-18,0.25989900962693296
2022-01-27,0.282154797303082
2022-02-14,0.2650956989061571
2022-02-15,0.2511962634549383
2022-02-17,0.2888923700284455
2022-02-18,0.2935097965594539
2022-02-21,0.27363776702358894
2022-02-22,0.2517621691438044
2022-02-24,0.2518402967792627
2022-02-25,0.2518828014631862
2022-02-28,0.23559926114602184
2022-03-02,0.21066327464463122
2022-03-07,0.2106587437473915
2022-03-08,0.22510008227537512
2022-03-09,0.25391265189158996
2022-03-10,0.245869725942854
2022-03-28,0.24746326951352945
2022-04-12,0.24742224455760053
2022-04-13,0.26131394829607135
2022-04-18,0.1925326723241918
2022-04-20,0.18318859016829628
2022-04-25,0.2012370970183946
2022-04-27,0.1942077761612098
2022-04-28,0.17042919470188633
2022-04-29,0.15336022524022985
2022-05-02,0.1789862712474897
2022-05-06,0.18713084018942097
2022-05-10,0.1791094563536038
2022-05-30,0.16915042445303707
2022-05-31,0.15698840858305163
2022-06-13,0.15682161206501388
2022-06-14,0.11142779676095746
2022-06-15,0.13114258005933233
2022-06-17,0.11815541515319178
2022-07-04,0.12224388384240503
2022-07-07,0.12543511491838177
2022-07-08,0.11670536665370586
2022-07-14,0.10924739535912396
2022-07-18,0.07441458983771965
2022-07-26,0.04957940950324466
2022-07-29,0.02999928233327866
2022-08-02,0.030019365975360913
2022-08-03,0.03005110069954555
2022-08-04,0.06822118745830337
2022-08-11,0.04824758849103644
2022-08-15,0.07741492254309257
2022-08-25,0.08514014065551867
2022-08-29,0.06369203007452985
2022-09-01,0.052072074327133296
2022-09-06,0.031519445030348675
2022-09-07,0.012544290846144127
2022-09-09,0.018136951937984893
2022-09-19,0.0008474583825556165
2022-09-22,-0.00686899602334692
2022-09-26,-0.03924689248773011
2022-10-10,-0.01400606543931607
2022-10-11,-0.013960075294655696
2022-10-14,-0.03559489369949023
2022-10-24,-0.0337630210510033
2022-11-01,-0.015345887668016216
2022-11-04,-0.029375870172399666
2022-11-16,-0.0256752036315795
2022-11-17,-0.02180575896478039
2022-11-23,-0.03029127260369939
2022-11-25,-0.03447128164414023
2022-11-29,-0.02732688267213693
2022-11-30,-0.027333232802446893
2022-12-01,0.006552940037059512
2022-12-05,0.020376313147974882
2022-12-06,0.02036780453828774
2022-12-09,0.03269060348484924
2022-12-12,0.00769183727640961
2022-12-15,0.024010704575414828
2022-12-20,0.04570484455817328
2023-01-03,0.028510359968244792
2023-01-04,0.039451573549438464
2023-01-05,0.043705557976648386
2023-01-06,0.07191793721001975
2023-01-09,0.06634297591124622
2023-01-10,0.07699749777787498
2023-01-12,0.06721779233419456
2023-01-16,0.06432344768262098
2023-01-17,0.07411208264443077
2023-01-18,0.06685418676943339
2023-01-19,0.08519691330171017
2023-01-20,0.0789682781024053
2023-01-25,0.05393348818870716
2023-01-30,0.054885638521214426
2023-01-31,0.05487645902024549
2023-02-06,0.03840294365589735
2023-02-10,0.038446871630238084
2023-02-15,0.0389125519193587
2023-02-17,0.038923569854108046
2023-03-01,0.056487879989830236
2023-03-02,0.0320415408306432
2023-03-10,0.07683962382792085
2023-03-13,0.03710207606654472
2023-03-14,0.01689805572099446
2023-03-16,0.02461797656950093
2023-03-17,0.06150112959758129
2023-04-03,0.07240101552184723
2023-04-06,0.040473187365817086
2023-04-12,0.040528433621110985
2023-04-17,0.04055290131811625
2023-04-27,0.0028498757900388225
2023-05-04,-0.0017632308941794173
2023-05-23,-0.0032450346916477546
2023-05-26,-0.009248766249472747
2023-06-15,-0.009310665055635083
2023-06-29,-0.009360528429472777
2023-07-25,-0.017785955235735788
2023-07-27,-0.017801395408620226
2023-07-28,-0.0036155013367228663
2023-08-07,-0.02325525459412314
2023-08-08,-0.034085498919470394
2023-08-21,-0.0364086260293689
2023-08-23,-0.02027142339378164
2023-09-04,-0.02032407966322853
2023-09-08,-0.03425316182242133
2023-09-11,-0.027443749781431194
2023-09-14,-0.019580531823066384
2023-09-15,-0.027133883772886544
2023-09-18,-0.014370573532914417
2023-09-21,0.0013256482252023405
2023-09-22,-0.0015058717501548371
2023-10-02,0.0024254303047060977
2023-10-03,-0.0048243428526296645
2023-10-05,-0.004895838139236668
2023-10-09,-0.010924897052381834
2023-10-17,-0.0006978192891018396
2023-10-18,-0.01617336327686592
2023-10-20,-0.0082801028101485
2023-10-23,-0.01850509327744345
2023-10-24,-0.011349607862015627
2023-11-20,-0.01311253706076784
2023-11-21,-0.001981287155530355
2023-11-23,-0.0019730782126208047
2023-11-29,-0.022058142982037624
2023-12-04,0.0006708113664901383
2023-12-05,0.020246386108890596
2023-12-11,0.0402467639544677
2023-12-26,0.04725230239304338
2023-12-28,0.0688576346268491
