q,pass_w,pass_reg,pass_both,med_wa,atr_pct,slope,base,abs_slope,atr_growth
2014Q2,0.391,0.656,0.266,0.272,1.188,-0.014,1.0,0.014,0.764
2014Q3,0.462,0.415,0.2,0.292,1.094,-0.029,0.985,0.029,0.987
2014Q4,0.431,0.385,0.154,0.276,1.669,-0.242,0.985,0.242,1.353
2015Q1,0.397,0.571,0.27,0.277,1.524,0.023,0.984,0.023,0.841
2015Q2,0.281,0.719,0.25,0.23,1.203,-0.086,0.985,0.086,0.779
2015Q3,0.485,0.591,0.227,0.287,1.366,-0.173,1.0,0.173,1.135
2015Q4,0.462,0.538,0.277,0.288,1.356,-0.073,1.0,0.073,0.915
2016Q1,0.571,0.444,0.254,0.335,1.816,0.046,1.0,0.046,1.785
2016Q2,0.646,0.631,0.369,0.352,1.448,0.381,1.0,0.381,1.162
2016Q3,0.545,0.788,0.424,0.353,1.219,0.211,1.0,0.211,0.491
2016Q4,0.625,0.547,0.359,0.327,1.278,-0.175,0.985,0.175,0.994
2017Q1,0.562,0.531,0.312,0.318,1.064,-0.205,0.985,0.205,0.988
2017Q2,0.562,0.531,0.359,0.325,0.969,0.177,1.0,0.177,0.929
2017Q3,0.631,0.415,0.308,0.322,0.978,0.046,1.0,0.046,1.31
2017Q4,0.344,0.781,0.328,0.263,0.936,0.064,0.985,0.064,0.607
2018Q1,0.683,0.444,0.254,0.363,1.01,0.075,0.984,0.075,1.646
2018Q2,0.523,0.677,0.354,0.301,0.882,0.02,1.0,0.02,0.725
2018Q3,0.6,0.4,0.2,0.319,0.943,-0.254,1.0,0.254,1.123
2018Q4,0.446,0.585,0.262,0.285,0.937,-0.062,0.985,0.062,0.898
2019Q1,0.667,0.476,0.317,0.337,0.832,0.221,0.984,0.221,1.206
2019Q2,0.609,0.516,0.359,0.334,0.831,0.035,1.0,0.035,1.51
2019Q3,0.47,0.485,0.258,0.283,1.539,0.373,1.0,0.373,1.055
2019Q4,0.2,0.738,0.154,0.223,1.055,0.156,0.985,0.156,0.473
2020Q1,0.688,0.344,0.281,0.357,1.243,0.154,0.985,0.154,7.269
2020Q2,0.453,0.75,0.344,0.294,1.535,0.293,1.0,0.293,0.343
2020Q3,0.545,0.591,0.288,0.323,1.606,0.409,1.0,0.409,1.429
2020Q4,0.508,0.646,0.369,0.304,1.475,0.07,1.0,0.07,0.831
2021Q1,0.651,0.54,0.429,0.329,1.523,-0.137,1.0,0.137,0.932
2021Q2,0.547,0.516,0.281,0.317,1.269,-0.091,1.0,0.091,1.221
2021Q3,0.576,0.606,0.348,0.317,1.106,0.04,1.0,0.04,0.867
2021Q4,0.385,0.585,0.215,0.279,1.237,-0.034,1.0,0.034,0.686
2022Q1,0.469,0.281,0.109,0.283,1.138,0.106,1.0,0.106,1.803
2022Q2,0.438,0.547,0.266,0.284,1.451,0.13,1.0,0.13,0.876
2022Q3,0.47,0.545,0.273,0.286,1.28,-0.279,1.0,0.279,1.102
2022Q4,0.406,0.5,0.266,0.272,1.578,-0.141,0.985,0.141,0.826
2023Q1,0.562,0.391,0.266,0.321,1.251,0.329,0.985,0.329,1.895
2023Q2,0.344,0.734,0.266,0.253,1.448,0.228,1.0,0.228,0.594
2023Q3,0.431,0.815,0.354,0.28,0.902,-0.059,1.0,0.059,0.741
2023Q4,0.406,0.375,0.156,0.254,1.205,0.021,0.985,0.021,1.386
