knob,change,value,IS_n,IS_avg,IS_t,IS_yrs_pos,VAL_n,VAL_avg,VAL_t,ALL_avg,ALL_t
range_start,-20%(-1h),-1.0,602,0.1387,2.38,6,129,0.0056,0.05,0.1152,2.21
range_start,-10%(-0.5h),-0.5,564,0.1062,1.75,6,114,0.0137,0.11,0.0907,1.65
range_start,+10%(+0.5h),0.5,484,0.1841,2.67,8,106,0.023,0.17,0.1552,2.51
range_start,+20%(+1h),1.0,440,0.1719,2.39,7,96,0.085,0.55,0.1563,2.4
range_end,-20%,4.0,482,0.185,2.63,7,98,-0.0249,-0.18,0.1495,2.38
range_end,-10%,4.5,512,0.1521,2.29,7,107,0.0634,0.45,0.1368,2.28
range_end,+10%,5.5,557,0.1487,2.38,8,120,0.0301,0.25,0.1277,2.3
range_end,+20%,6.0,577,0.1331,2.24,7,127,0.0823,0.72,0.1239,2.35
entry_end,-20%,9.600000000000001,501,0.1257,1.92,5,108,0.0249,0.18,0.1078,1.83
entry_end,-10%,10.8,521,0.121,1.9,6,111,0.0341,0.26,0.1057,1.84
entry_end,+10%,13.200000000000001,555,0.1157,1.9,7,116,0.004,0.03,0.0964,1.76
entry_end,+20%,14.399999999999999,572,0.1114,1.88,7,122,0.0395,0.32,0.0988,1.85
exit_time,-20%,16.0,532,0.1101,2.02,6,113,0.036,0.29,0.0971,1.95
exit_time,-10%,18.0,532,0.1338,2.2,8,113,0.0498,0.39,0.1191,2.17
exit_time,+10%,22.0,532,0.1209,1.9,7,113,0.0061,0.05,0.1007,1.76
exit_time,+20%,24.0,532,0.1144,1.83,7,113,-0.0092,-0.07,0.0928,1.64
sl_k,-20%,0.8,532,0.1411,1.87,6,113,0.0417,0.27,0.1236,1.82
sl_k,-10%,0.9,532,0.147,2.15,8,113,-0.004,-0.03,0.1205,1.95
sl_k,+10%,1.1,532,0.1041,1.8,6,113,0.0192,0.16,0.0893,1.71
sl_k,+20%,1.2,532,0.0846,1.57,6,113,0.0178,0.16,0.0729,1.5
min_w_atr,-20%,0.24,764,0.0917,1.63,5,174,-0.0079,-0.08,0.0732,1.48
min_w_atr,-10%,0.27,645,0.0964,1.65,7,145,-0.0368,-0.32,0.072,1.38
min_w_atr,+10%,0.33,412,0.1365,2.16,6,94,0.0235,0.18,0.1155,2.02
min_w_atr,+20%,0.36,325,0.1784,2.49,7,74,0.0989,0.67,0.1636,2.54
atr_regime_n,-20%,16.0,520,0.1261,1.98,7,107,0.0109,0.08,0.1064,1.85
atr_regime_n,-10%,18.0,527,0.1195,1.89,7,108,0.0459,0.34,0.107,1.87
atr_regime_n,+10%,22.0,530,0.1131,1.79,4,117,0.0649,0.51,0.1044,1.84
atr_regime_n,+20%,24.0,538,0.09,1.44,4,122,0.0397,0.32,0.0807,1.45
atr_regime_max,-20%,0.8,45,0.1467,0.72,5,17,-0.2982,-0.97,0.0247,0.14
atr_regime_max,-10%,0.9,232,0.0754,0.83,5,56,0.03,0.16,0.0666,0.81
atr_regime_max,+10%,1.1,752,0.1066,2.08,7,154,0.0243,0.23,0.0926,2.0
atr_regime_max,+20%,1.2,859,0.0836,1.79,6,181,-0.0165,-0.17,0.0662,1.57
commission,-20%,0.05600000000000001,532,0.1239,1.97,7,113,0.0219,0.17,0.106,1.87
commission,-10%,0.06300000000000001,532,0.1227,1.95,7,113,0.021,0.16,0.1049,1.85
commission,+10%,0.07700000000000001,532,0.1204,1.92,6,113,0.0194,0.15,0.1027,1.81
commission,+20%,0.084,532,0.1192,1.9,6,113,0.0186,0.14,0.1016,1.8
slip,-20%,0.04000000000000001,532,0.1242,1.98,7,113,0.022,0.17,0.1063,1.88
slip,-10%,0.045000000000000005,532,0.1229,1.96,7,113,0.0211,0.16,0.105,1.86
slip,+10%,0.05500000000000001,532,0.1202,1.91,6,113,0.0193,0.15,0.1026,1.81
slip,+20%,0.06,532,0.1189,1.89,6,113,0.0185,0.14,0.1013,1.79
max_spread,-20%,0.8,532,0.1216,1.94,6,113,0.0202,0.16,0.1038,1.83
max_spread,-10%,0.9,532,0.1216,1.94,6,113,0.0202,0.16,0.1038,1.83
max_spread,+10%,1.1,532,0.1216,1.94,6,113,0.0202,0.16,0.1038,1.83
max_spread,+20%,1.2,532,0.1216,1.94,6,113,0.0202,0.16,0.1038,1.83
