range_start,range_end,entry_end,exit_time,sl_k,min_w_atr,atr_regime_n,atr_regime_max,IS_n,IS_avg,IS_t,IS_yrs_pos,VAL_n,VAL_avg,VAL_t,ALL_avg,ALL_t
0.1711,4.5275,12.9282,18.9126,1.0853,0.2754,20,0.946,411,0.0749,1.07,5,99,-0.051,-0.41,0.0505,0.82
0.2653,4.9816,11.1308,18.8504,1.0903,0.3208,21,0.937,265,0.1993,2.59,7,67,0.1441,0.92,0.1882,2.73
-0.3753,4.8008,10.8663,20.5307,0.9549,0.2962,18,1.0025,557,0.1228,1.92,6,109,0.0257,0.18,0.1069,1.84
0.4574,5.075,12.5966,18.3824,1.0863,0.3175,19,0.968,351,0.2054,2.82,7,81,0.0773,0.53,0.1814,2.78
0.2849,5.0017,10.8128,18.5459,1.0437,0.2829,22,1.0605,706,0.0982,1.88,7,156,-0.0374,-0.37,0.0737,1.59
0.3627,4.7089,11.2875,19.2552,0.937,0.3214,20,1.0368,472,0.2134,3.1,8,102,0.0204,0.15,0.1791,2.91
-0.4632,5.1667,13.047,19.1442,0.9634,0.3068,21,0.9499,389,0.1327,1.72,7,92,-0.014,-0.09,0.1047,1.52
-0.1416,4.7154,11.5732,19.6543,0.9464,0.3032,20,0.9244,283,0.1918,1.92,6,72,-0.0515,-0.31,0.1424,1.65
-0.0747,4.7618,11.0663,19.0071,0.9381,0.2932,20,1.0963,759,0.1411,2.61,7,156,-0.0009,-0.01,0.1169,2.4
0.242,5.0504,12.321,20.5497,0.99,0.327,18,0.9871,377,0.1714,2.44,7,81,0.1423,0.88,0.1662,2.58
0.3317,4.7281,12.1541,19.1814,1.0677,0.3292,21,0.9689,321,0.2486,3.27,7,72,0.0418,0.28,0.2107,3.11
-0.2491,5.049,12.9036,18.1872,0.916,0.2701,20,0.9275,388,0.1587,1.96,6,101,-0.004,-0.03,0.1251,1.76
-0.4885,4.6244,11.0145,18.6397,1.0303,0.2718,19,0.9783,547,0.0875,1.41,6,122,-0.0179,-0.15,0.0683,1.23
0.3101,4.7838,11.8506,19.178,0.9368,0.2739,21,0.924,340,0.1823,2.07,5,88,-0.0572,-0.38,0.1331,1.74
0.4875,4.9599,12.1459,18.9096,0.9308,0.3169,19,0.9583,316,0.266,3.01,7,71,0.143,0.75,0.2434,3.04
-0.4677,4.6822,11.8824,21.0288,0.9297,0.3158,20,1.0559,598,0.127,2.15,7,123,0.0564,0.45,0.115,2.15
0.0438,5.2097,11.4748,21.4764,1.0326,0.3175,20,1.0344,544,0.115,1.98,6,120,0.0392,0.33,0.1013,1.94
0.1508,4.5414,11.7441,21.2753,1.0635,0.3055,19,0.9223,251,0.2142,2.11,7,64,0.0051,0.03,0.1717,1.94
-0.346,4.5795,10.8485,20.0443,1.0876,0.3134,21,0.9064,229,0.106,1.22,6,56,0.0243,0.14,0.0899,1.16
-0.4321,4.6869,12.3343,18.5201,0.9095,0.3005,19,0.9953,535,0.1621,2.36,6,108,-0.0206,-0.14,0.1314,2.11
-0.2159,4.7356,12.8221,18.0604,1.0324,0.3174,21,0.9205,264,0.1568,1.82,7,63,0.1005,0.62,0.146,1.92
-0.1262,4.8218,11.1299,20.3696,0.9856,0.2771,20,1.0241,670,0.073,1.28,6,148,0.0103,0.09,0.0617,1.21
0.4269,4.5563,11.9585,19.0928,1.0395,0.3138,20,1.0751,544,0.1852,3.16,7,116,0.0193,0.16,0.156,2.97
-0.2429,4.8979,12.864,20.9298,1.0231,0.2752,19,1.0392,770,0.0522,1.03,5,166,-0.0433,-0.43,0.0353,0.78
0.1076,4.9049,11.4147,19.6387,0.9369,0.3078,20,1.0659,613,0.1464,2.42,7,135,0.0344,0.28,0.1262,2.33
-0.0399,5.458,12.7682,21.4408,1.0492,0.31,22,1.0487,647,0.1157,2.15,8,141,0.0915,0.87,0.1114,2.32
0.0942,5.0633,11.4168,19.9148,1.0891,0.3145,21,0.971,393,0.1415,2.12,6,89,0.0925,0.64,0.1325,2.19
-0.3318,4.541,13.0325,20.7237,0.9617,0.2836,21,0.95,420,0.0816,1.06,5,103,-0.0127,-0.09,0.063,0.92
-0.4472,5.2827,11.7564,19.4294,1.0732,0.2814,20,0.9435,425,0.1179,1.66,7,105,0.0128,0.11,0.0971,1.58
-0.4162,4.9456,12.5586,18.6586,0.9848,0.2892,19,0.9937,577,0.095,1.57,5,121,-0.0061,-0.05,0.0775,1.42
-0.202,4.9112,11.5001,21.3179,0.9446,0.3262,19,1.0755,565,0.0993,1.77,7,123,0.054,0.43,0.0912,1.78
-0.4288,5.4708,12.1703,20.6827,0.9463,0.2708,21,1.0269,786,0.0707,1.33,6,176,-0.0461,-0.47,0.0493,1.05
-0.4492,4.9224,12.4398,20.6595,1.0412,0.3129,21,1.0388,607,0.0967,1.75,7,123,0.092,0.78,0.0959,1.92
0.1465,5.3298,11.8157,18.9615,0.9233,0.2786,20,0.902,277,0.1581,1.74,7,70,-0.0486,-0.28,0.1164,1.45
0.4683,4.6498,11.1356,20.8295,0.9278,0.3162,19,0.9699,327,0.2827,3.15,7,74,0.1199,0.66,0.2526,3.14
0.0033,4.6369,12.5172,21.4431,1.0695,0.3026,18,0.968,413,0.1103,1.53,6,95,0.0461,0.32,0.0983,1.53
0.0363,5.0283,10.909,21.6715,0.9963,0.3195,21,0.9378,282,0.1364,1.68,6,75,0.0656,0.41,0.1215,1.69
-0.1124,5.1012,11.4451,21.2758,1.0629,0.2785,22,1.0124,651,0.0546,1.02,5,152,0.0175,0.17,0.0476,1.0
0.3384,5.4673,12.5729,21.4991,1.0808,0.3082,19,0.9493,323,0.2544,2.98,8,85,0.1519,1.08,0.233,3.16
-0.3509,4.878,12.3268,20.3927,0.968,0.2965,18,1.0814,764,0.0924,1.78,6,149,0.0326,0.3,0.0826,1.77
-0.3709,4.7891,11.7788,21.7991,0.9514,0.282,20,0.9517,421,0.1134,1.41,5,106,-0.0439,-0.31,0.0817,1.16
0.4964,5.4928,13.1183,19.6305,0.9995,0.3242,21,0.9443,295,0.2156,2.64,7,74,0.1308,0.82,0.1986,2.74
0.1972,5.3074,11.7579,21.8385,1.0623,0.2899,20,1.0185,613,0.0991,1.73,7,137,0.0401,0.37,0.0883,1.73
0.3928,5.244,11.1353,21.5295,1.0704,0.3271,21,1.0603,499,0.1393,2.4,8,110,0.1045,0.87,0.133,2.55
-0.2811,5.0971,11.0656,18.0153,0.9586,0.3003,19,1.091,744,0.085,1.69,6,151,0.0214,0.2,0.0743,1.63
0.4797,4.7124,12.9783,21.6441,1.0174,0.3165,22,0.9826,381,0.2558,3.37,8,88,0.0951,0.64,0.2256,3.34
0.0698,4.7814,12.7667,18.6048,1.0583,0.3164,22,1.0581,585,0.1115,2.05,6,122,0.0283,0.26,0.0971,1.99
0.2565,4.8952,13.0157,18.426,0.9214,0.2928,22,1.0268,614,0.1437,2.28,7,134,0.0389,0.31,0.1249,2.22
-0.3183,4.8991,12.3488,21.9304,0.9205,0.323,18,0.9851,409,0.068,0.99,6,88,0.0996,0.6,0.0736,1.16
-0.4013,4.7612,11.7757,21.5546,1.0404,0.3159,18,0.9242,261,0.1607,1.82,6,61,0.1202,0.68,0.1531,1.94
0.3991,5.1905,11.7553,20.1125,0.9323,0.3019,20,0.973,410,0.2037,2.49,8,97,0.0126,0.08,0.1672,2.31
0.1734,5.0184,11.7002,18.1236,0.934,0.3076,20,1.0802,649,0.1223,2.15,6,139,0.0287,0.24,0.1058,2.06
-0.2182,4.9638,12.3472,20.144,1.058,0.2854,21,0.9655,480,0.0458,0.73,4,113,0.0116,0.09,0.0393,0.7
0.2951,4.7173,12.3874,21.2075,1.0794,0.2885,21,1.0661,692,0.1147,2.21,7,150,0.0374,0.36,0.1009,2.17
0.3721,4.9394,11.7005,19.6386,0.9806,0.2724,21,1.0134,635,0.095,1.61,6,150,-0.0193,-0.17,0.0732,1.4
0.4271,4.561,11.51,19.3621,0.9705,0.3203,20,1.0241,438,0.1952,2.81,8,94,0.074,0.53,0.1738,2.79
-0.1297,5.4828,12.284,19.6679,1.036,0.2706,18,0.9524,472,0.13,1.86,7,114,0.0137,0.11,0.1074,1.76
-0.2209,4.8716,11.4761,19.6884,1.0323,0.2872,19,1.0034,576,0.0804,1.38,5,120,0.0491,0.41,0.075,1.43
0.0971,4.776,12.1135,21.7382,0.9117,0.3113,19,1.0354,551,0.1967,2.89,8,119,0.0161,0.12,0.1647,2.71
0.2223,5.0315,11.6203,18.2798,1.0172,0.3114,22,0.9535,342,0.1577,2.02,6,84,0.0804,0.51,0.1425,2.04
-0.2101,4.8397,11.123,21.5639,1.0024,0.2951,21,0.9643,439,0.0901,1.27,6,99,0.0489,0.34,0.0825,1.29
0.1433,4.7622,12.2512,19.8797,1.0257,0.3045,19,0.9875,451,0.1616,2.31,7,101,0.0239,0.17,0.1364,2.18
-0.1668,4.7667,12.3611,19.8412,1.0648,0.2955,20,1.0498,679,0.079,1.51,6,142,0.0173,0.17,0.0683,1.46
0.421,5.1301,11.3001,18.8509,0.9387,0.2953,21,1.0165,551,0.188,2.85,8,126,0.0256,0.2,0.1578,2.68
-0.1776,5.3138,12.2551,20.8094,1.0351,0.3279,22,0.9589,351,0.1009,1.48,5,87,0.0592,0.42,0.0926,1.51
-0.0533,4.5221,11.2325,18.1342,0.9335,0.2935,20,0.9324,323,0.191,2.11,7,77,0.021,0.13,0.1582,1.99
0.4852,5.4185,11.5289,19.435,1.068,0.2876,21,1.0766,740,0.1089,2.15,6,167,0.0079,0.08,0.0903,2.02
-0.2043,4.9452,11.8435,19.5721,1.0875,0.3076,21,1.035,593,0.0967,1.81,7,127,0.1054,0.96,0.0982,2.04
-0.021,4.6783,12.0864,20.6055,0.9897,0.3051,19,0.9182,264,0.2161,2.19,7,62,-0.01,-0.05,0.1731,1.99
0.0845,4.5358,13.0027,20.2798,0.9761,0.3248,18,0.9888,383,0.1958,2.68,7,82,0.0173,0.11,0.1644,2.49
-0.0876,5.2945,11.0523,18.5119,0.9957,0.2731,22,1.0051,658,0.122,2.15,5,152,-0.0002,-0.0,0.099,1.98
0.2112,5.1947,12.4703,20.0664,1.0867,0.2929,20,0.9975,551,0.1424,2.42,7,120,0.0348,0.3,0.1231,2.34
-0.2364,4.609,10.9759,20.5301,1.0578,0.2926,21,1.0145,579,0.071,1.24,6,125,0.1118,0.95,0.0783,1.52
-0.2887,5.282,12.5189,20.8342,1.0055,0.2885,19,0.9765,526,0.0741,1.17,5,120,-0.0156,-0.13,0.0575,1.03
-0.2031,4.5901,12.2987,18.7414,1.0687,0.3164,19,1.0302,535,0.1306,2.27,7,111,0.0724,0.62,0.1206,2.34
-0.3278,5.0931,11.1712,20.5408,0.9077,0.2938,18,0.9763,481,0.1209,1.65,5,107,0.0051,0.04,0.0998,1.52
-0.0005,5.2315,11.7079,21.5334,0.9568,0.3203,21,1.0175,501,0.1364,2.21,6,112,0.0734,0.56,0.1249,2.24
0.2056,5.2912,12.4072,21.6484,1.0903,0.2866,18,1.0306,674,0.0916,1.75,7,150,0.0298,0.3,0.0803,1.73
-0.1102,4.6317,11.6904,19.4252,0.9191,0.27,20,1.0596,791,0.1055,1.91,6,175,-0.08,-0.77,0.0719,1.47
-0.0173,5.008,10.8126,19.4244,0.9999,0.2776,20,1.0635,764,0.0697,1.36,7,170,-0.012,-0.12,0.0548,1.2
-0.2503,4.685,11.5857,19.1718,0.9074,0.3181,18,1.094,642,0.1251,2.27,8,127,-0.0555,-0.48,0.0953,1.91
0.4207,5.4367,12.3712,21.0241,0.9354,0.2777,21,1.0934,852,0.0988,1.89,7,192,-0.037,-0.38,0.0738,1.59
0.045,5.26,12.4651,20.8208,1.0992,0.3252,22,1.088,608,0.0961,1.96,5,133,0.0174,0.17,0.082,1.86
0.4622,4.7244,12.8938,21.6831,0.9563,0.3287,18,0.9931,366,0.2273,2.91,8,74,0.0781,0.48,0.2022,2.87
0.2912,5.3774,12.6001,18.3779,1.0091,0.3003,20,1.0439,641,0.1205,2.14,6,140,-0.0049,-0.05,0.098,1.96
-0.3646,5.1825,12.6394,20.6673,0.9465,0.2939,19,1.0089,623,0.1132,1.91,6,125,-0.0506,-0.41,0.0858,1.6
-0.1877,4.8438,10.9908,19.5635,0.9165,0.2759,20,1.0931,845,0.0954,1.8,6,178,-0.0424,-0.41,0.0714,1.51
0.1242,4.634,11.5118,18.959,1.0693,0.2911,21,1.0272,607,0.0957,1.68,5,135,0.0684,0.61,0.0907,1.79
-0.2203,5.1526,11.687,20.134,0.9779,0.2948,19,1.0525,702,0.0929,1.71,6,149,0.0019,0.02,0.0769,1.58
0.302,5.4322,13.1139,20.6684,0.9228,0.3236,22,1.0186,489,0.1691,2.58,8,113,0.0566,0.43,0.148,2.52
0.1887,5.0775,11.9967,18.2767,1.0606,0.2984,20,0.9371,323,0.1796,2.17,6,81,0.0878,0.61,0.1612,2.24
-0.1221,5.2338,11.7022,18.9938,0.9946,0.2972,19,1.0463,669,0.1189,2.18,7,142,0.0475,0.44,0.1064,2.18
0.4638,4.8885,13.0092,18.4508,0.9169,0.297,21,0.9855,459,0.2158,2.83,8,108,0.0149,0.1,0.1775,2.62
-0.4281,5.315,12.7887,21.0775,0.9251,0.3026,20,0.9409,370,0.1763,2.01,7,88,0.0197,0.13,0.1462,1.9
-0.3676,4.779,12.398,19.3852,1.069,0.2841,20,0.943,390,0.1244,1.67,6,98,-0.0057,-0.05,0.0983,1.52
-0.1138,4.8516,12.9338,18.1715,0.9287,0.3299,18,0.916,209,0.2343,2.31,7,51,0.0274,0.14,0.1937,2.14
-0.4967,4.5142,11.0244,20.4592,1.0628,0.3093,18,1.0038,500,0.131,2.12,6,100,0.065,0.51,0.12,2.16
0.334,4.9656,11.1751,20.7868,1.0306,0.3146,19,1.0199,477,0.1544,2.47,8,106,0.0978,0.71,0.1441,2.53
0.1607,5.2186,12.4042,19.0494,0.9388,0.3283,20,1.0512,517,0.1541,2.52,7,115,-0.006,-0.05,0.125,2.27
0.2411,4.8574,12.9562,18.3021,0.9478,0.3204,20,0.9291,251,0.2403,2.66,8,61,0.1279,0.7,0.2183,2.7
0.237,4.7275,12.3094,20.1371,1.0707,0.3297,18,0.9106,183,0.2458,2.43,7,41,0.1515,0.75,0.2285,2.53
0.0361,4.6946,12.374,20.572,0.9865,0.3023,20,0.9166,269,0.1904,1.94,6,67,-0.0329,-0.19,0.1459,1.7
-0.069,5.1619,11.7416,19.3019,0.9777,0.329,21,1.098,602,0.1242,2.34,6,131,0.0441,0.39,0.1099,2.28
-0.3479,4.9929,12.734,19.4496,0.985,0.3137,21,0.965,415,0.1009,1.51,6,90,0.1314,0.84,0.1063,1.72
-0.4925,4.9759,11.2654,19.2703,1.0598,0.2749,19,0.944,414,0.1455,1.99,6,102,0.0178,0.14,0.1202,1.88
0.2117,5.477,12.4188,21.0549,0.9311,0.2903,19,1.0277,662,0.1308,2.13,6,149,0.0173,0.15,0.1099,2.03
-0.2426,4.8732,11.9142,19.1029,0.9724,0.3155,22,1.0045,496,0.1258,2.05,6,108,0.1258,0.91,0.1258,2.24
-0.494,5.1988,12.2107,19.6926,0.9438,0.282,19,1.0338,752,0.1128,2.04,7,163,-0.0469,-0.45,0.0844,1.72
-0.101,4.5603,12.7208,18.5373,0.9106,0.2719,21,1.0787,849,0.085,1.65,6,180,-0.101,-0.99,0.0524,1.13
-0.1626,5.3434,11.4437,18.7866,0.9604,0.3131,21,0.92,265,0.2513,2.59,7,68,0.1043,0.58,0.2213,2.59
0.2492,5.2647,11.829,21.6763,0.9156,0.2956,19,1.0647,687,0.1392,2.3,8,148,-0.0246,-0.22,0.1102,2.05
-0.0036,4.854,11.4666,20.5605,1.0522,0.278,19,1.0647,761,0.0434,0.88,5,167,-0.0119,-0.12,0.0335,0.76
0.227,5.3904,11.6431,18.6977,0.9024,0.2841,22,1.0265,664,0.1406,2.29,7,151,0.0229,0.2,0.1188,2.19
-0.1845,5.0822,12.7223,21.8885,1.0757,0.288,18,1.0597,758,0.0727,1.5,6,160,0.0144,0.15,0.0625,1.44
0.4928,4.5853,12.8966,20.9362,1.0297,0.2869,19,0.9927,494,0.1387,2.06,8,115,0.0306,0.23,0.1183,1.97
-0.015,4.9115,12.955,21.4007,0.9915,0.3257,21,0.9203,238,0.1483,1.68,7,64,0.098,0.56,0.1376,1.75
-0.3067,4.6635,11.609,21.0106,1.0313,0.2736,22,0.9399,417,0.0381,0.52,5,104,-0.0395,-0.29,0.0226,0.35
-0.1301,5.0752,11.4212,18.5828,0.958,0.2902,21,0.9549,428,0.1167,1.57,6,101,-0.0061,-0.04,0.0933,1.41
-0.168,4.7573,11.5784,18.4099,0.9699,0.2713,21,1.081,853,0.0873,1.77,6,182,-0.1015,-1.07,0.0541,1.23
-0.0676,5.0283,13.1815,19.988,0.9521,0.3202,19,0.969,395,0.1167,1.67,6,87,0.0087,0.06,0.0972,1.52
0.3472,4.7402,11.9031,20.5117,0.9805,0.2847,19,0.9384,334,0.1752,1.95,5,91,-0.023,-0.16,0.1328,1.72
-0.1942,4.9946,11.0452,21.0138,1.0624,0.3145,18,0.9089,217,0.1629,1.71,6,51,0.1894,0.94,0.168,1.95
-0.2631,4.5106,11.429,21.6661,1.0936,0.3147,19,1.0667,598,0.108,2.06,8,125,0.0673,0.62,0.101,2.14
-0.3272,4.6711,12.7375,20.1978,0.9478,0.2822,20,1.0507,751,0.081,1.49,6,160,-0.0457,-0.43,0.0588,1.21
-0.2418,5.1451,12.1449,18.5335,1.053,0.3104,18,0.9209,264,0.2285,2.51,8,61,0.0879,0.5,0.2021,2.49
-0.3886,4.7624,13.0834,18.3503,0.9766,0.3273,20,1.0277,514,0.0635,1.11,5,106,-0.0049,-0.04,0.0518,1.01
-0.1075,5.0843,11.72,18.3786,0.9071,0.3225,20,0.9318,268,0.1326,1.53,6,68,0.0212,0.12,0.1101,1.43
0.0819,4.6074,11.7209,20.3997,0.9737,0.2927,20,1.04,637,0.1223,2.01,6,137,0.0344,0.29,0.1067,1.96
-0.3312,4.7766,12.047,19.8778,1.0324,0.2745,21,0.9039,295,0.0946,1.06,6,75,-0.1138,-0.76,0.0524,0.68
-0.3113,4.9289,10.9953,19.4562,1.0923,0.2942,18,1.0303,634,0.0691,1.34,5,133,0.0537,0.49,0.0664,1.43
-0.1978,5.1947,11.795,18.4499,1.0397,0.2999,21,0.9463,380,0.1038,1.39,5,92,0.0808,0.57,0.0993,1.5
-0.3384,5.4581,11.1606,21.2127,0.9459,0.2731,20,1.0075,677,0.109,1.88,6,151,0.0043,0.04,0.0899,1.74
-0.491,4.6313,10.8846,19.9285,0.9846,0.3042,20,0.9728,435,0.1026,1.4,5,95,0.0199,0.14,0.0878,1.33
0.1292,5.4393,12.7913,19.9164,1.0528,0.2713,20,1.0122,707,0.0727,1.38,5,161,-0.028,-0.29,0.054,1.16
0.0153,4.9889,11.0954,20.7867,1.017,0.2811,20,1.0865,806,0.0404,0.84,3,168,-0.0338,-0.35,0.0276,0.64
0.4775,4.8886,11.1212,19.2303,0.9301,0.3214,21,1.0875,546,0.158,2.58,8,118,0.0318,0.24,0.1355,2.44
-0.4908,5.4407,10.8565,21.1677,0.9515,0.3194,21,1.0372,587,0.092,1.63,7,119,0.0989,0.79,0.0931,1.81
-0.4767,4.5273,12.8764,20.5748,1.0393,0.2823,21,1.082,838,0.0766,1.59,5,167,-0.0411,-0.42,0.0571,1.32
-0.0468,5.4076,11.9288,21.2984,1.031,0.3242,20,0.9137,225,0.1638,1.81,6,61,0.0892,0.51,0.1479,1.84
0.2769,4.5378,10.9738,20.747,1.0762,0.3231,20,0.9195,210,0.2548,2.7,8,53,0.1172,0.63,0.2271,2.71
-0.2073,4.9111,11.965,21.2812,1.058,0.3019,21,1.0302,605,0.0553,1.01,4,129,0.1021,0.89,0.0635,1.28
0.0321,5.3651,11.5184,20.9942,1.0991,0.3179,18,1.0187,509,0.1265,2.2,8,114,0.0752,0.65,0.1171,2.27
0.3539,4.5198,12.6312,21.0019,0.9245,0.3133,20,1.0066,447,0.2498,3.39,8,92,0.0998,0.62,0.2242,3.35
0.1726,4.8126,11.9726,18.1199,0.9704,0.3263,21,0.9517,291,0.1877,2.27,6,72,0.099,0.6,0.1701,2.3
-0.2138,4.7815,10.9979,18.8612,1.0382,0.2703,19,1.0883,876,0.0698,1.5,6,183,-0.085,-0.93,0.043,1.03
-0.3466,4.7207,12.9895,20.9441,1.0629,0.3214,19,1.0239,523,0.0597,1.09,5,107,0.0782,0.66,0.0629,1.27
0.0011,4.6237,12.6908,20.186,0.9202,0.2858,21,0.9502,403,0.1324,1.62,5,101,0.0047,0.03,0.1068,1.48
0.4086,5.0174,11.9637,19.8031,1.0577,0.3048,18,0.9735,384,0.1583,2.12,7,93,0.0562,0.4,0.1384,2.09
-0.3023,5.0501,11.6699,18.9948,1.023,0.3038,21,0.9205,290,0.1472,1.72,5,72,0.052,0.33,0.1283,1.7
0.0402,5.2312,12.1328,20.094,0.9267,0.3034,19,0.9876,477,0.1863,2.52,8,107,0.0307,0.22,0.1578,2.4
0.1415,5.2766,11.4688,18.0436,0.9089,0.3085,19,1.0192,531,0.1698,2.55,7,119,0.0876,0.66,0.1547,2.6
0.4787,5.011,11.7679,19.8582,1.0991,0.277,20,0.9958,556,0.1031,1.74,7,135,-0.0083,-0.08,0.0814,1.56
-0.0266,5.2642,12.7173,19.6351,0.945,0.3254,19,1.0199,498,0.1454,2.36,6,111,0.0054,0.04,0.1199,2.17
-0.2719,4.968,12.5047,20.4238,1.0399,0.3036,22,1.0892,736,0.0578,1.18,6,152,-0.0192,-0.19,0.0446,1.01
0.2953,5.4794,10.9542,21.5098,1.0115,0.3121,19,1.0707,608,0.1611,2.72,8,137,0.0815,0.74,0.1465,2.8
0.3367,4.6403,12.2739,19.3468,0.9258,0.3076,18,1.0519,566,0.1888,2.86,8,123,0.095,0.7,0.1721,2.9
-0.127,5.2407,11.2523,20.5381,0.9544,0.2863,18,1.0949,828,0.0876,1.74,7,173,-0.0054,-0.05,0.0715,1.59
-0.1648,4.9124,11.6449,18.5744,0.9416,0.3221,19,0.9812,395,0.1287,1.82,5,87,0.0432,0.27,0.1133,1.75
0.2391,4.5212,12.5558,21.4525,1.0105,0.2986,22,0.9212,275,0.1944,1.98,7,74,-0.0614,-0.38,0.1401,1.65
0.1789,4.8011,11.1448,20.5935,1.0464,0.3084,21,0.955,343,0.1542,1.91,6,85,-0.0113,-0.08,0.1213,1.72
-0.1077,4.5203,12.256,19.6308,0.9411,0.2966,22,0.96,422,0.1773,2.23,7,97,0.0309,0.2,0.1499,2.12
-0.4564,5.4292,11.4188,21.0687,1.0783,0.27,18,0.9096,314,0.0835,1.08,7,76,0.0455,0.3,0.0761,1.11
-0.3612,5.0478,12.258,21.4048,0.9008,0.2991,19,0.9302,329,0.1566,1.69,6,79,0.0406,0.24,0.1341,1.64
0.1708,5.0478,12.6324,20.2112,1.0421,0.3039,20,1.0019,518,0.1395,2.24,7,112,-0.0218,-0.17,0.1108,1.98
-0.3493,4.7946,13.0725,21.1392,1.0355,0.3269,19,1.0337,528,0.047,0.87,3,108,0.0391,0.32,0.0456,0.93
-0.2927,4.5662,11.3338,18.8019,1.0097,0.329,19,1.035,478,0.1074,1.84,7,100,-0.0187,-0.15,0.0856,1.63
0.4619,4.8136,11.1681,20.807,1.0167,0.3169,19,1.0006,409,0.2121,3.01,8,89,0.067,0.46,0.1861,2.94
0.1662,5.2785,12.5916,19.5113,0.9499,0.3157,20,0.9008,209,0.2301,2.23,7,52,0.0772,0.36,0.1996,2.15
-0.3429,4.6879,12.7882,20.8987,1.0955,0.2846,20,1.0698,791,0.0548,1.18,5,164,-0.0035,-0.04,0.0448,1.07
-0.3332,5.3085,12.4594,21.2606,1.0113,0.2773,20,0.9102,325,0.0963,1.14,5,76,-0.0211,-0.13,0.0741,0.99
-0.4071,4.6023,12.2561,18.4975,0.9048,0.3061,22,0.995,508,0.1739,2.47,7,109,0.0292,0.2,0.1484,2.34
0.0259,4.6629,12.2861,20.7161,0.9118,0.2748,21,0.943,407,0.1004,1.25,5,99,-0.0147,-0.09,0.0779,1.09
-0.0714,5.3007,11.4989,18.7511,1.0711,0.2887,21,0.9443,395,0.1169,1.67,6,99,0.0574,0.44,0.105,1.7
0.4395,4.5038,11.2644,20.3673,0.9667,0.2945,20,1.0116,498,0.1966,2.74,8,118,0.0736,0.54,0.173,2.72
0.2318,4.9732,12.2741,21.5724,0.9262,0.3045,20,1.0715,645,0.1179,1.97,8,140,0.004,0.03,0.0976,1.82
-0.3919,5.4608,11.6366,19.9913,0.9513,0.3199,19,1.0706,642,0.0584,1.12,5,137,0.0259,0.24,0.0527,1.12
0.3845,4.9175,11.1349,21.7581,1.0286,0.3112,19,0.9631,333,0.2226,2.61,7,78,0.1623,0.95,0.2111,2.77
-0.0953,5.2916,13.0022,19.1904,0.9182,0.287,19,1.0018,621,0.1375,2.24,6,133,-0.0414,-0.34,0.1059,1.93
0.4568,4.8963,12.1361,21.4541,0.9312,0.3274,21,1.013,409,0.2141,2.99,8,90,0.2074,1.27,0.2129,3.24
0.3938,4.9755,11.7762,18.3259,0.908,0.312,20,1.0637,561,0.2006,3.05,7,123,0.0925,0.69,0.1812,3.07
-0.359,4.9289,12.7684,21.5982,0.9829,0.2811,20,0.9521,447,0.0652,0.88,5,109,-0.0287,-0.22,0.0468,0.72
0.2574,5.206,11.8584,18.5023,0.9484,0.2928,22,1.0279,623,0.1675,2.7,8,139,0.0231,0.2,0.1412,2.56
0.1934,4.6228,12.3128,21.368,0.9273,0.3168,20,0.9406,278,0.2665,2.65,7,68,0.1239,0.67,0.2385,2.7
0.0279,5.1431,13.0286,20.8034,1.0047,0.2724,18,1.0261,738,0.0651,1.24,5,165,-0.0352,-0.34,0.0467,1.0
0.2668,5.3936,12.8458,21.6715,1.0892,0.3234,20,1.0143,481,0.1481,2.54,7,108,0.0875,0.74,0.137,2.62
0.1838,5.3437,12.7827,19.2103,0.9895,0.3235,21,1.0271,516,0.1412,2.33,5,119,0.021,0.18,0.1187,2.19
0.2655,5.12,11.0327,19.5622,0.9443,0.3221,21,1.0973,595,0.1284,2.27,6,127,0.0336,0.27,0.1117,2.17
0.2836,4.6819,11.3635,21.1605,0.9608,0.2967,21,1.0605,626,0.1478,2.39,8,137,0.0302,0.25,0.1267,2.29
-0.4524,5.1272,11.8348,19.9722,1.0724,0.2942,22,1.0487,717,0.0908,1.79,6,148,0.0198,0.2,0.0787,1.74
0.4148,4.7458,11.7978,21.1747,0.9067,0.2972,20,1.0991,696,0.1731,2.85,8,147,0.0362,0.29,0.1492,2.73
0.2633,5.0495,12.5004,21.5754,0.9508,0.3297,19,0.9497,270,0.216,2.43,6,66,0.0955,0.53,0.1923,2.42
-0.4815,5.147,12.0429,20.0771,0.9666,0.2919,22,0.9753,516,0.1229,1.82,6,112,-0.0057,-0.04,0.1,1.66
0.2539,5.0132,11.4937,19.4467,1.0195,0.2947,21,0.9207,287,0.1857,2.04,6,73,0.0095,0.06,0.15,1.88
0.2908,4.7259,11.6216,18.3185,1.0345,0.3154,19,1.0767,573,0.15,2.63,8,118,0.0512,0.45,0.1332,2.61
-0.1536,4.5219,11.8977,20.1158,1.0717,0.3091,20,1.0404,570,0.1363,2.34,7,125,0.0696,0.63,0.1243,2.4
0.3243,5.3768,11.9069,18.8442,1.0057,0.2963,19,0.9738,449,0.1703,2.37,7,105,0.024,0.18,0.1426,2.25
-0.4442,5.1351,10.8379,19.3026,1.0985,0.2922,21,0.9661,472,0.0941,1.5,6,107,0.0145,0.12,0.0794,1.42
0.217,5.2448,11.8979,20.0926,1.0636,0.3161,19,1.0231,505,0.141,2.4,6,114,0.1131,0.94,0.1358,2.58
-0.3098,4.5296,12.6287,19.0364,0.987,0.2915,20,0.9549,421,0.102,1.41,6,98,0.0242,0.16,0.0873,1.34
-0.0325,5.3807,11.9021,21.3617,0.9538,0.2703,18,0.935,395,0.207,2.52,7,99,0.0484,0.33,0.1753,2.43
