config,n,avg_R,dir_info_R,z,p_raw,p_family
re5_w035_a20_A0.75,355,0.1282051460160234,0.16412985336520844,4.093614771879175,0.0001999600079984003,0.0003999200159968006
re5_w030_a20_A0.75,532,0.0947200938881446,0.12264818789491086,3.840004258432888,0.0001999600079984003,0.0007998400319936012
re5_w030_nor_A0.75,945,0.06459753932987057,0.0904925487671804,3.820321629720832,0.0001999600079984003,0.0007998400319936012
re5_w035_nor_W1.00,638,0.13195698332610864,0.15680430572237,3.79270322751241,0.0001999600079984003,0.0007998400319936012
re5_w035_a20_W1.00,355,0.18937177872174574,0.2080251179233994,3.7184092457093953,0.0001999600079984003,0.0007998400319936012
re5_w035_nor_A0.75,638,0.08608890662296761,0.11116830164432906,3.7112023735267043,0.0001999600079984003,0.0007998400319936012
re7_w030_nor_A0.75,1154,0.042829980991507546,0.07580754834500394,3.687773449540324,0.0001999600079984003,0.0011997600479904018
re5_w030_nor_W1.00,945,0.08258211328364819,0.1296861145604855,3.6460159715045077,0.0003999200159968006,0.0015996800639872025
re7_w030_a20_A0.75,655,0.06931671640242802,0.10321363718312564,3.6337933974797147,0.0001999600079984003,0.0015996800639872025
re7_w035_a20_W1.00,491,0.13858773537643196,0.16386365977575043,3.599635843222797,0.0001999600079984003,0.001799640071985603
re7_w030_a20_W1.00,655,0.1127643184605501,0.14748883586049677,3.50655636011321,0.0001999600079984003,0.0023995200959808036
re5_w040_a20_A0.75,236,0.15134356614203684,0.17950270637947513,3.5030660920237433,0.0003999200159968006,0.002599480103979204
re7_w035_a20_A0.75,491,0.07731258313430757,0.11504389062052693,3.486505487161203,0.0003999200159968006,0.0027994401119776045
re7_w030_nor_W1.00,1154,0.05561317904761712,0.10609241560313021,3.480983733226585,0.0001999600079984003,0.0027994401119776045
re7_w035_nor_A0.75,860,0.04884839204534179,0.08324954025433592,3.4592697984325786,0.0001999600079984003,0.0033993201359728054
re7_w035_nor_W1.00,860,0.07522388377927473,0.11325054753315314,3.3864350951136726,0.0001999600079984003,0.004399120175964807
re7_w040_nor_A0.75,617,0.06074419402237447,0.09554613028472857,3.3302899314081635,0.0005998800239952009,0.004999000199960008
re5_w030_a20_W1.00,532,0.121553637440984,0.15900325800735227,3.2445565156669143,0.0009998000399920016,0.007598480303939212
re7_w040_nor_W1.00,617,0.07161180142442787,0.11735686387832328,3.1311943034807235,0.0011997600479904018,0.010197960407918417
re5_w040_a20_W1.00,236,0.20882274262108277,0.2126288230857405,3.1303579264661634,0.001999600079984003,0.010197960407918417
re7_w040_a20_A0.75,343,0.08061894675312956,0.11969853020140933,2.990108176073559,0.0013997200559888023,0.014197160567886422
re7_w040_a20_W1.00,343,0.11578333804918002,0.14552619549117118,2.808440087882915,0.0027994401119776045,0.02579484103179364
re5_w040_nor_A0.75,436,0.0704757933871275,0.08797541025583212,2.3669453465072787,0.009998000399920015,0.07058588282343531
re5_w040_nor_W1.00,436,0.07644017207659529,0.10028615944537635,2.0840132141371153,0.020195960807838434,0.121375724855029
