config,n,avg_R,t_boot,p_raw,p_family
re5_w035_a20_A0.75,355,0.1282051460160234,2.918198683671913,0.003799240151969606,0.02539492101579684
re7_w035_a20_W1.00,491,0.13858773537643196,2.808013854339958,0.002999400119976005,0.03279344131173765
re5_w030_a20_A0.75,532,0.0947200938881446,2.704308505662931,0.00639872025594881,0.041391721655668866
re5_w035_a20_W1.00,355,0.18937177872174574,2.6187364120813617,0.006998600279944011,0.049590081983603276
re5_w040_a20_A0.75,236,0.15134356614203684,2.6053566849555376,0.007598480303939212,0.05118976204759048
re5_w035_nor_W1.00,638,0.13195698332610864,2.5733835622000036,0.007398520295940812,0.054989002199560086
re5_w035_nor_A0.75,638,0.08608890662296764,2.5447542637265754,0.007798440311937612,0.0591881623675265
re5_w030_nor_A0.75,945,0.06459753932987056,2.4186865909304855,0.010397920415916816,0.07718456308738253
re5_w040_a20_W1.00,236,0.2088227426210828,2.351085810933375,0.017196560687862426,0.08818236352729454
re7_w035_a20_A0.75,491,0.07731258313430758,2.324331423974401,0.011397720455908818,0.09138172365526895
re7_w030_a20_A0.75,655,0.06931671640242802,2.3040202740606417,0.013197360527894421,0.09378124375124974
re7_w030_a20_W1.00,655,0.1127643184605501,2.302586428457318,0.015396920615876825,0.09398120375924815
re7_w035_nor_W1.00,860,0.07522388377927473,2.097470479625575,0.022795440911817635,0.13457308538292342
re5_w030_a20_W1.00,532,0.121553637440984,1.9976792158046397,0.026394721055788842,0.16076784643071385
re7_w035_nor_A0.75,860,0.04884839204534179,1.9238774902085793,0.033593281343731254,0.1807638472305539
re7_w040_a20_W1.00,343,0.11578333804917999,1.904240556658654,0.03459308138372325,0.1881623675264947
re5_w030_nor_W1.00,945,0.08258211328364817,1.8995349786717612,0.029994001199760048,0.1885622875424915
re7_w030_nor_A0.75,1154,0.04282998099150756,1.8642231501548152,0.033193361327734455,0.19816036792641473
re7_w040_nor_A0.75,617,0.06074419402237448,1.8537425158275425,0.033593281343731254,0.20055988802239552
re7_w040_a20_A0.75,343,0.08061894675312957,1.7974716417580194,0.03959208158368326,0.22095580883823235
re5_w040_nor_A0.75,436,0.07047579338712753,1.6548227059367717,0.052389522095580884,0.27014597080583885
re7_w040_nor_W1.00,617,0.07161180142442787,1.6305127627681344,0.052589482103579284,0.27994401119776047
re7_w030_nor_W1.00,1154,0.0556131790476171,1.56054574915148,0.060787842431513694,0.3085382923415317
re5_w040_nor_W1.00,436,0.07644017207659531,1.2949206146941563,0.10457908418316336,0.42091581683663265
