name,range_end,min_w_atr,regime,sl_ref,sl_k,n,trades_per_year,avg_R,t_stat,PF,win_rate,maxDD_R,sharpe_ann,yrs_pos,L_n,L_avg_R,S_n,S_avg_R,usd_per_trade,y2014,y2015,y2016,y2017,y2018,y2019,y2020,y2021
re5_w030_nor_W1.00,5.0,0.3,0,0,1.0,945,119.2,0.08258211328364819,1.86,1.173,0.437,21.0,0.66,5,508,0.08460046330250649,437,0.0802358391198495,0.4824920634921288,42.34,5.33,-10.94,18.11,-3.47,-1.9,22.98,5.59
re5_w030_nor_A0.75,5.0,0.3,0,1,0.75,945,119.2,0.06459753932987057,2.51,1.242,0.503,10.4,0.89,6,508,0.0575720658931135,437,0.07276445124262247,0.7778083144369633,29.35,1.85,-0.86,14.63,-2.92,1.81,12.41,4.78
re5_w030_a20_W1.00,5.0,0.3,20,0,1.0,532,67.8,0.121553637440984,1.94,1.253,0.445,16.1,0.69,6,282,0.17591217645322726,250,0.06023720543517358,0.9012518796993099,27.44,-0.02,-1.28,9.31,0.88,1.11,14.15,13.07
re5_w030_a20_A0.75,5.0,0.3,20,1,0.75,532,67.8,0.0947200938881446,2.67,1.361,0.511,6.9,0.95,6,282,0.10789897718947052,250,0.07985431352424897,1.156019770408236,15.98,-2.72,-0.22,10.12,1.3,6.7,9.22,10.02
re5_w035_nor_W1.00,5.0,0.35,0,0,1.0,638,80.8,0.13195698332610864,2.63,1.308,0.462,18.2,0.94,6,350,0.10557380478907699,288,0.1640198739093069,0.7364177115988189,37.25,5.65,2.79,7.97,-1.0,-2.12,13.65,19.99
re5_w035_nor_A0.75,5.0,0.35,0,1,0.75,638,80.8,0.08608890662296761,2.67,1.315,0.502,11.2,0.95,7,350,0.07007616674405921,288,0.10554883355914102,0.9691207736230064,25.16,4.87,1.86,11.34,-3.92,0.58,7.93,7.1
re5_w035_a20_W1.00,5.0,0.35,20,0,1.0,355,45.4,0.18937177872174574,2.77,1.456,0.487,13.2,0.99,7,190,0.24106396761806934,165,0.1298474399926458,1.343900000000072,21.46,-0.78,6.17,11.13,3.26,0.85,8.32,16.82
re5_w035_a20_A0.75,5.0,0.35,20,1,0.75,355,45.4,0.1282051460160234,2.92,1.49,0.524,6.3,1.05,7,190,0.15319483378044746,165,0.09942914192365628,1.4788289235413212,13.18,-1.3,1.62,10.55,1.98,5.43,6.85,7.19
re5_w040_nor_W1.00,5.0,0.4,0,0,1.0,436,55.2,0.07644017207659529,1.34,1.183,0.45,17.8,0.48,5,237,0.06208783531350804,199,0.09353315606077454,0.16151949541291558,31.1,-8.19,5.66,-1.77,-4.24,0.06,5.06,5.66
re5_w040_nor_A0.75,5.0,0.4,0,1,0.75,436,55.2,0.0704757933871275,1.77,1.249,0.486,9.7,0.63,6,237,0.05615833241255096,199,0.08752724188448753,0.5625096248362493,23.38,-2.4,3.1,4.54,-2.9,0.45,3.5,1.06
re5_w040_a20_W1.00,5.0,0.4,20,0,1.0,236,30.2,0.20882274262108277,2.49,1.536,0.5,11.0,0.89,7,122,0.24684338398086653,114,0.16813398607815633,1.5044279661017657,23.87,-6.42,9.31,3.15,4.06,2.59,4.09,8.62
re5_w040_a20_A0.75,5.0,0.4,20,1,0.75,236,30.2,0.15134356614203684,2.67,1.569,0.53,6.9,0.95,7,122,0.16557494631459452,114,0.13611349262403652,1.640685759685302,15.52,-3.91,4.24,5.42,2.97,3.38,3.14,4.96
re7_w030_nor_W1.00,7.0,0.3,0,0,1.0,1154,145.4,0.05561317904761712,1.46,1.12,0.433,24.8,0.52,5,615,0.03014480518899337,539,0.08467264087146427,0.3896200173310874,29.02,4.52,-6.35,10.75,5.7,-1.07,26.7,-5.09
re7_w030_nor_A0.75,7.0,0.3,0,1,0.75,1154,145.4,0.042829980991507546,1.88,1.158,0.482,15.7,0.67,6,615,0.0255086319111651,539,0.06259367242826193,0.4640235825700227,26.24,-1.61,0.9,6.88,2.06,2.72,16.62,-4.39
re7_w030_a20_W1.00,7.0,0.3,20,0,1.0,655,83.4,0.1127643184605501,2.12,1.249,0.45,12.1,0.76,8,339,0.12348599112278846,316,0.10126227088935134,0.7641022900764021,20.53,8.32,0.8,8.07,8.3,2.17,17.18,8.5
re7_w030_a20_A0.75,7.0,0.3,20,1,0.75,655,83.4,0.06931671640242802,2.2,1.253,0.496,11.1,0.79,6,339,0.0714234769375062,316,0.06705661570182202,0.7897957470011695,16.91,-2.11,-2.28,2.26,4.01,5.83,12.78,8.01
re7_w035_nor_W1.00,7.0,0.35,0,0,1.0,860,108.4,0.07522388377927473,1.86,1.179,0.456,12.1,0.66,6,463,0.03365686193788932,397,0.12370129212325821,0.5468750000000664,23.58,-3.67,9.22,4.22,-2.69,7.69,14.09,12.26
re7_w035_nor_A0.75,7.0,0.35,0,1,0.75,860,108.4,0.04884839204534179,1.84,1.179,0.488,9.7,0.65,6,463,0.03657446934757392,397,0.06316281574576127,0.5313469061462578,23.12,-3.32,7.22,3.01,-2.08,5.31,7.33,1.42
re7_w035_a20_W1.00,7.0,0.35,20,0,1.0,491,62.5,0.13858773537643196,2.55,1.345,0.483,8.5,0.91,7,254,0.15353174559672572,237,0.1225717919335854,0.9097046843177906,14.92,-3.27,12.5,7.49,6.61,11.03,2.95,15.82
re7_w035_a20_A0.75,7.0,0.35,20,1,0.75,491,62.5,0.07731258313430757,2.14,1.281,0.511,7.4,0.76,7,254,0.09269645720660206,237,0.06082522442391599,0.7709481015421235,14.18,-5.01,4.85,1.19,2.97,9.57,3.39,6.81
re7_w040_nor_W1.00,7.0,0.4,0,0,1.0,617,77.8,0.07161180142442787,1.59,1.181,0.46,14.7,0.56,5,342,0.040934035856717725,275,0.10976378623954372,0.5336004862237325,22.88,-10.87,15.84,-4.15,2.91,8.02,11.69,-2.15
re7_w040_nor_A0.75,7.0,0.4,0,1,0.75,617,77.8,0.06074419402237447,1.9,1.224,0.483,8.8,0.68,5,342,0.04249400622270491,275,0.08344079121323626,0.6154633595740552,21.78,-4.91,9.92,-1.14,4.84,3.91,5.6,-2.52
re7_w040_a20_W1.00,7.0,0.4,20,0,1.0,343,43.7,0.11578333804918002,1.88,1.3,0.481,11.4,0.67,6,182,0.14146762133137747,161,0.08674893086060899,0.8209241982508049,15.4,-9.53,16.03,-1.88,6.98,4.95,0.4,7.36
re7_w040_a20_A0.75,7.0,0.4,20,1,0.75,343,43.7,0.08061894675312956,1.82,1.288,0.499,9.1,0.65,6,182,0.09132148862158208,161,0.06852042116270496,0.780422115785173,13.83,-7.14,7.08,-2.09,5.2,3.53,1.73,5.52
