name,n,trades_per_year,yrs_pos,L_avg_R,S_avg_R,avg_R,t_stat,eligible,score,VAL_avg_R(veto check)
re5_w040_a20_W1.00,236,30.2,7,0.2468433839808665,0.1681339860781563,0.2088227426210827,2.49,False,0.1990972606714142,
re5_w035_a20_W1.00,355,45.4,7,0.2410639676180693,0.1298474399926458,0.1893717787217457,2.77,False,0.17324938626127082,
re5_w030_a20_W1.00,532,67.8,6,0.1759121764532272,0.0602372054351735,0.121553637440984,1.94,True,0.15546270808136486,0.02022932953264178
re5_w040_a20_A0.75,236,30.2,7,0.1655749463145945,0.1361134926240365,0.1513435661420368,2.67,False,0.1397743560790301,
re7_w040_a20_W1.00,343,43.7,6,0.1414676213313774,0.0867489308606089,0.11578333804918,1.88,False,0.12718553671280597,
re7_w030_a20_W1.00,655,83.4,8,0.1234859911227884,0.1012622708893513,0.1127643184605501,2.12,True,0.125676026918491,
re5_w035_a20_A0.75,355,45.4,7,0.1531948337804474,0.0994291419236562,0.1282051460160234,2.92,False,0.12475626868206828,
re7_w035_a20_W1.00,491,62.5,7,0.1535317455967257,0.1225717919335854,0.1385877353764319,2.55,True,0.122378463962054,
re5_w030_a20_A0.75,532,67.8,6,0.1078989771894705,0.0798543135242489,0.0947200938881446,2.67,True,0.11146261995208401,
re5_w030_nor_W1.00,945,119.2,5,0.0846004633025064,0.0802358391198495,0.0825821132836481,1.86,False,0.10726954830487836,
re5_w040_nor_W1.00,436,55.2,5,0.062087835313508,0.0935331560607745,0.0764401720765952,1.34,False,0.10419857770135191,
re5_w035_nor_W1.00,638,80.8,6,0.1055738047890769,0.1640198739093069,0.1319569833261086,2.63,True,0.09699308956211732,0.0400567112660823
re7_w040_a20_A0.75,343,43.7,6,0.091321488621582,0.0685204211627049,0.0806189467531295,1.82,False,0.0789657649437185,
re5_w040_nor_A0.75,436,55.2,6,0.0561583324125509,0.0875272418844875,0.0704757933871275,1.77,True,0.07828235000504755,
re7_w035_a20_A0.75,491,62.5,7,0.092696457206602,0.0608252244239159,0.0773125831343075,2.14,True,0.07574941542995499,
re5_w030_nor_A0.75,945,119.2,6,0.0575720658931135,0.0727644512426224,0.0645975393298705,2.51,True,0.07534322297641904,
re5_w035_nor_A0.75,638,80.8,7,0.0700761667440592,0.105548833559141,0.0860889066229676,2.67,True,0.0737207464466552,
re7_w040_nor_W1.00,617,77.8,5,0.0409340358567177,0.1097637862395437,0.0716118014244278,1.59,False,0.07341784260185125,
re7_w030_a20_A0.75,655,83.4,6,0.0714234769375062,0.067056615701822,0.069316716402428,2.2,True,0.07331464976836774,
re7_w035_nor_W1.00,860,108.4,6,0.0336568619378893,0.1237012921232582,0.0752238837792747,1.86,True,0.06748295475043987,
re7_w030_nor_W1.00,1154,145.4,5,0.0301448051889933,0.0846726408714642,0.0556131790476171,1.46,False,0.0654185314134459,
re7_w040_nor_A0.75,617,77.8,5,0.0424940062227049,0.0834407912132362,0.0607441940223744,1.9,False,0.05479629303385805,
re7_w035_nor_A0.75,860,108.4,6,0.0365744693475739,0.0631628157457612,0.0488483920453417,1.84,True,0.050807522353074536,
re7_w030_nor_A0.75,1154,145.4,6,0.0255086319111651,0.0625936724282619,0.0428299809915075,1.88,True,0.0458391865184246,
