period,bucket,n,model,s_open_med,s_open_p90,s_open_p99,s_hi_med,s_hi_p90,s_hi_p99,s_max_med,s_max_p90,s_max_p99,ratio_open_mean,ratio_open_p90,ratio_max_p90
2014,00:00-05:00 (range),61282,0.2827,0.26,0.358,0.532,0.26,0.358,0.518,0.284,0.36,0.558,1.0323,1.2768,1.3163
2014,05:00-07:00,24586,0.2855,0.26,0.344,0.396,0.26,0.344,0.391,0.283,0.349,0.405,0.9921,1.2196,1.2486
2014,07:00-07:05,1025,0.3,0.264,0.344,0.4,0.272,0.344,0.4,0.286,0.354,0.4233,0.9394,1.1467,1.18
2014,07:00-08:00,12300,0.3,0.26,0.344,0.401,0.268,0.344,0.4,0.285,0.354,0.422,0.9278,1.1467,1.18
2014,08:00-08:05,1025,0.3,0.26,0.34,0.3705,0.263,0.342,0.377,0.284,0.354,0.3898,0.903,1.1333,1.18
2014,08:00-12:00,49194,0.2966,0.262,0.344,0.381,0.27,0.345,0.384,0.286,0.361,0.394,0.9383,1.1667,1.2167
2014,NY 08:30 minute (13:30 Ldn),205,0.2759,0.335,0.9128,1.5748,0.306,0.6632,1.54,0.355,1.249,2.0492,1.5817,3.3072,4.5254
2014,NY 08:29-08:35,1435,0.2759,0.273,0.36,1.32,0.278,0.372,1.0549,0.311,0.422,1.546,1.0977,1.3043,1.529
2014,NY 10:00 minute,205,0.2607,0.317,0.396,0.4518,0.3,0.39,1.2007,0.344,0.442,1.2007,1.2006,1.5215,1.6831
2014,19:55-20:05 (time exit),1989,0.2837,0.26,0.35,0.416,0.26,0.35,0.416,0.284,0.36,0.4507,0.9884,1.2923,1.3403
2014,20:00 minute,199,0.3075,0.26,0.3508,0.4501,0.26,0.348,0.416,0.286,0.36,0.4565,0.9018,1.1408,1.1707
2014,21:55-23:05 (rollover),2161,0.3307,0.434,0.658,1.2,0.435,0.64,1.2,0.46,0.698,1.2308,1.4175,2.1579,2.2982
2015-2023,00:00-05:00 (range),16253,0.3282,0.32,0.434,0.8588,0.32,0.434,0.8604,0.341,0.464,0.9954,1.0143,1.1989,1.2686
2015-2023,05:00-07:00,6599,0.3206,0.31,0.424,0.834,0.312,0.42,0.804,0.334,0.454,0.9571,1.0124,1.1851,1.2377
2015-2023,07:00-07:05,275,0.3157,0.312,0.4564,0.84,0.317,0.4358,0.6948,0.34,0.475,0.9214,1.0561,1.2574,1.3021
2015-2023,07:00-08:00,3291,0.3157,0.304,0.42,0.637,0.303,0.417,0.637,0.327,0.457,0.729,1.002,1.1842,1.2547
2015-2023,08:00-08:05,275,0.3105,0.29,0.394,0.634,0.29,0.3936,0.6652,0.32,0.444,0.6908,0.983,1.1693,1.2641
2015-2023,08:00-12:00,13199,0.3053,0.297,0.392,0.5601,0.297,0.393,0.554,0.317,0.425,0.614,0.998,1.1823,1.2593
2015-2023,NY 08:30 minute (13:30 Ldn),55,0.3046,0.324,0.598,1.173,0.324,0.5064,0.7792,0.354,0.67,2.076,1.2929,1.9553,2.0439
2015-2023,NY 08:29-08:35,385,0.3046,0.307,0.4458,0.8059,0.31,0.4504,0.7339,0.34,0.5212,1.138,1.0635,1.2766,1.5212
2015-2023,NY 10:00 minute,55,0.303,0.307,0.4,0.4664,0.29,0.3976,0.5286,0.33,0.4716,0.591,1.0172,1.2793,1.3974
2015-2023,19:55-20:05 (time exit),550,0.3137,0.31,0.3843,0.5869,0.308,0.387,0.5559,0.33,0.4113,0.6249,0.9964,1.1599,1.2444
2015-2023,20:00 minute,55,0.3152,0.317,0.3848,0.5417,0.307,0.3704,0.5349,0.337,0.4212,0.6603,1.0086,1.1555,1.2631
2015-2023,21:55-23:05 (rollover),719,0.3553,0.428,0.6792,1.8744,0.43,0.672,1.299,0.47,0.8556,2.0731,1.3771,1.874,2.482
all<2024,00:00-05:00 (range),77535,0.2922,0.284,0.365,0.558,0.284,0.365,0.554,0.3,0.388,0.591,1.0285,1.2731,1.302
all<2024,05:00-07:00,31185,0.2929,0.278,0.355,0.474,0.282,0.356,0.4642,0.29,0.365,0.504,0.9964,1.2164,1.2486
all<2024,07:00-07:05,1300,0.3033,0.28,0.362,0.5071,0.284,0.3651,0.494,0.3,0.3901,0.5504,0.9641,1.15,1.2173
all<2024,07:00-08:00,15591,0.3033,0.275,0.356,0.4741,0.28,0.357,0.4673,0.297,0.382,0.514,0.9435,1.1467,1.2096
all<2024,08:00-08:05,1300,0.3022,0.267,0.344,0.4442,0.271,0.3471,0.46,0.286,0.367,0.5071,0.9199,1.14,1.1969
all<2024,08:00-12:00,62393,0.2985,0.275,0.352,0.444,0.28,0.354,0.437,0.299,0.369,0.477,0.9509,1.1692,1.2233
all<2024,NY 08:30 minute (13:30 Ldn),260,0.2819,0.334,0.8052,1.5583,0.3075,0.5742,1.4575,0.355,1.0985,2.0576,1.5206,2.3359,3.8402
all<2024,NY 08:29-08:35,1820,0.2819,0.282,0.374,1.1365,0.285,0.393,0.9959,0.32,0.454,1.5447,1.0905,1.3007,1.529
all<2024,NY 10:00 minute,260,0.2696,0.315,0.3961,0.4654,0.2965,0.3922,1.1694,0.342,0.4451,1.1694,1.1618,1.5066,1.6135
all<2024,19:55-20:05 (time exit),2539,0.2902,0.273,0.359,0.4566,0.276,0.358,0.4413,0.3,0.365,0.487,0.9902,1.2692,1.3231
all<2024,20:00 minute,254,0.3092,0.262,0.36,0.4706,0.2825,0.3597,0.4426,0.314,0.3787,0.4955,0.9249,1.152,1.178
all<2024,21:55-23:05 (rollover),2880,0.3368,0.432,0.6602,1.3045,0.434,0.6441,1.2044,0.46,0.72,1.6069,1.4075,2.127,2.3125
