trig_ms,spread_trig,slip_0,slip_100,slip_250,slip_500,slip_1000,slip_2000,kind,date,dir,risk,hour_ldn,engine_slip,model_spread,early_min
1392900424788,0.6050000000000182,1.268000000000029,0.9650000000001455,0.9650000000001455,0.9460000000001401,0.7300000000000182,0.8580000000001746,sl,2014-02-20,1,5.75,12,0.0500000000001819,0.274,-0.0798
1393221407751,0.32300000000009277,0.0060000000000854925,0.020999999999958163,0.007000000000061846,-0.0039999999999054126,-0.032999999999901775,0.0009999999999763531,entry,2014-02-24,1,7.410000000000082,5,0.049999999999954525,0.2755,-0.79585
1393325037276,0.6230000000000473,0.4670000000000982,0.40399999999999636,0.6480000000001382,0.5340000000001055,0.5050000000001091,0.6269999999999527,entry,2014-02-25,-1,5.740000000000009,10,0.049999999999954525,0.2925,-0.9546
1393339426452,0.27599999999983993,0.007999999999810825,0.038000000000010914,0.04800000000000182,0.08699999999998909,0.11799999999993815,0.22699999999986176,sl,2014-02-25,-1,5.740000000000009,14,0.049999999999954525,0.2695,-0.7742
1393488443106,0.3369999999999891,0.32799999999997453,0.46299999999996544,0.46299999999996544,0.6769999999999072,0.7000000000000455,0.6879999999998745,entry,2014-02-27,-1,5.910000000000082,8,0.049999999999954525,0.3,-0.3851
1393495544821,0.6000000000001364,1.009999999999991,1.1679999999998927,1.1679999999998927,1.405999999999949,1.599999999999909,1.76299999999992,sl,2014-02-27,-1,5.910000000000082,10,0.049999999999954525,0.2925,-0.7470166666666667
1393577483682,0.23500000000012733,0.04800000000000182,-0.03700000000003456,-0.03700000000003456,-0.03700000000003456,-0.07200000000011642,-0.03700000000003456,entry,2014-02-28,-1,5.350000000000136,8,0.049999999999954525,0.3,-0.3947
1393827739981,0.29700000000002547,0.049999999999954525,0.07699999999999818,0.07699999999999818,0.07699999999999818,0.1269999999999527,0.15699999999992542,entry,2014-03-03,1,8.570000000000164,6,0.049999999999954525,0.2955,-0.3330166666666667
1397021925094,0.2459999999998672,0.01700000000005275,0.01700000000005275,0.01700000000005275,0.01700000000005275,0.01700000000005275,0.01700000000005275,entry,2014-04-09,1,5.75,6,0.0500000000001819,0.2955,-0.7515666666666667
1397041843513,0.2849999999998545,0.027000000000043656,0.08200000000010732,0.15800000000012915,0.38000000000010914,0.4900000000000091,0.7480000000000473,sl,2014-04-09,1,5.75,12,0.0500000000001819,0.274,-0.7252166666666666
1397110703652,0.45299999999997453,0.9289999999998599,0.7889999999999873,0.7889999999999873,0.7439999999999145,0.7029999999999745,0.7010000000000218,entry,2014-04-10,1,6.779999999999973,7,0.049999999999954525,0.3,-0.3942
1397466644274,0.5800000000001546,0.5769999999999982,0.40099999999983993,0.3369999999999891,0.37799999999992906,0.39799999999991087,0.45499999999992724,sl,2014-04-14,1,4.680000000000064,10,0.049999999999954525,0.2925,-1.7379
1397629378158,0.23500000000012733,0.029999999999972715,0.012999999999919964,0.04099999999993997,0.0009999999999763531,-0.08000000000015461,-0.15300000000002,entry,2014-04-16,-1,8.150000000000091,7,0.049999999999954525,0.3,-0.9693
1397635600278,0.2599999999999909,0.038000000000010914,0.21000000000003638,0.21000000000003638,0.31399999999985084,0.3589999999999236,0.5170000000000528,sl,2014-04-16,-1,8.150000000000091,9,0.049999999999954525,0.3,-0.6713
1401284449733,0.3350000000000364,0.09699999999997999,0.35400000000004184,0.34799999999995634,0.3079999999999927,0.09699999999997999,-0.029999999999972715,sl,2014-05-28,1,4.430000000000064,14,0.049999999999954525,0.2695,-0.8288833333333333
1401476400383,0.2599999999999909,0.028500000000121872,0.10550000000012005,0.10550000000012005,0.05550000000016553,0.0805000000000291,0.0805000000000291,time,2014-05-30,-1,4.839999999999918,20,0.05,0.3075,0.0
1402503809781,0.2599999999999909,0.2989999999997508,0.11799999999993815,0.11799999999993815,0.10799999999994725,-0.040000000000190994,0.0809999999999036,sl,2014-06-11,1,3.6000000000001364,17,0.049999999999954525,0.2635,-0.49635
1402979370403,0.22400000000016007,0.19700000000011642,0.21900000000005093,0.28099999999994907,0.27899999999999636,0.19700000000011642,0.19700000000011642,entry,2014-06-17,-1,5.869999999999891,5,0.049999999999954525,0.2755,-1.5067166666666667
1403159626215,0.2849999999998545,0.05700000000001637,0.07200000000011642,0.07200000000011642,-0.007999999999810825,-0.07899999999995089,-0.055999999999812644,entry,2014-06-19,1,3.5299999999999727,7,0.0500000000001819,0.3,1.22975
1409026704105,0.2819999999999254,0.1089999999999236,0.016000000000076398,-0.029999999999972715,-0.010999999999967258,-0.03199999999992542,0.20199999999999818,entry,2014-08-26,1,4.730000000000018,5,0.049999999999954525,0.2755,-0.40175
1409252400241,0.34400000000005093,-0.07600000000002183,-0.05300000000011096,-0.05300000000011096,-0.08699999999998909,-0.08699999999998909,-0.09500000000002728,time,2014-08-28,1,3.7200000000000273,20,0.05,0.3075,0.0
1409943600267,0.3350000000000364,-0.08200000000010732,-0.12100000000009459,-0.12100000000009459,-0.125,-0.1750000000001819,-0.18100000000004002,time,2014-09-05,1,6.869999999999891,20,0.05,0.3075,0.0
1410152748628,0.31500000000005457,0.023000000000138243,0.03900000000021464,0.03900000000021464,0.03900000000021464,0.023000000000138243,0.023000000000138243,entry,2014-09-08,1,5.729999999999791,6,0.049999999999954525,0.2955,4.189533333333333
1410173041372,0.3420000000000982,0.06100000000014916,0.04600000000004911,0.04600000000004911,0.06200000000012551,0.06200000000012551,0.01700000000005275,sl,2014-09-08,1,5.729999999999791,11,0.049999999999954525,0.294,-1.0228666666666666
1419574307989,0.3079999999999927,0.03899999999998727,0.038000000000010914,0.038000000000010914,0.038000000000010914,0.028999999999996362,0.028999999999996362,entry,2014-12-26,1,9.460000000000036,6,0.049999999999954525,0.2955,-0.7998166666666666
1420436558275,0.28899999999998727,0.0,0.019000000000005457,0.038000000000010914,0.028999999999996362,0.009000000000014552,-0.03199999999992542,entry,2015-01-05,1,11.3599999999999,5,0.049999999999954525,0.322,-0.6379166666666667
1420488000092,0.27299999999991087,-0.1490000000001146,-0.024000000000114596,0.2419999999999618,0.2419999999999618,0.25,0.25099999999997635,time,2015-01-05,1,11.3599999999999,20,0.05,0.342,0.0
1420728884721,0.09999999999990905,1.2009999999997945,1.3009999999999309,1.2109999999997854,0.9009999999998399,0.8289999999999509,1.099999999999909,sl,2015-01-08,-1,9.400000000000093,14,0.049999999999954525,0.2855,-0.74535
1421051284451,0.37000000000011823,0.04800000000022919,0.06900000000018736,2.020000000000209,1.8190000000001874,2.367000000000189,2.0310000000001764,sl,2015-01-12,1,5.7999999999999545,8,0.0500000000001819,0.311,-0.07418333333333334
1424878963992,0.15000000000009095,0.1290000000001328,0.21100000000001273,0.1670000000001437,0.20000000000004547,0.31899999999996,0.26099999999996726,sl,2015-02-25,1,6.2999999999999545,15,0.049999999999954525,0.277,-0.7332
1425275055660,0.24699999999984357,0.055999999999812644,0.11799999999993815,0.11799999999993815,0.16999999999984539,0.2059999999999036,0.23699999999985266,entry,2015-03-02,1,9.360000000000127,5,0.049999999999954525,0.322,-0.261
1426138994681,0.22500000000013642,0.0340000000001055,0.0340000000001055,0.0340000000001055,0.0340000000001055,0.0340000000001055,0.0340000000001055,entry,2015-03-12,1,5.720000000000027,5,0.0500000000001819,0.322,-0.24468333333333334
1426225353052,0.2699999999999818,0.16799999999989268,0.22199999999998,0.3009999999999309,0.25099999999997635,0.20100000000002183,0.041999999999916326,entry,2015-03-13,1,7.8900000000001,5,0.049999999999954525,0.322,-0.5508666666666666
1427804136644,0.31899999999996,0.007999999999810825,0.007999999999810825,0.007999999999810825,0.007999999999810825,0.06899999999995998,-0.027000000000043656,sl,2015-03-31,-1,6.160000000000082,13,0.049999999999954525,0.29,-0.6107333333333334
1427877949039,0.2860000000000582,0.0340000000001055,0.06200000000012551,0.06200000000012551,0.06200000000012551,0.06200000000012551,0.06200000000012551,entry,2015-04-01,-1,6.230000000000018,9,0.049999999999954525,0.302,-0.8173166666666667
1427890602866,0.35200000000008913,0.010999999999967258,0.15799999999990177,0.21100000000001273,0.26099999999996726,0.5119999999999436,-0.03899999999998727,sl,2015-04-01,-1,6.230000000000018,13,0.049999999999954525,0.29,-0.7144333333333334
1428582064401,0.16899999999986903,0.2400000000000091,0.38200000000006185,0.36000000000012733,0.36000000000012733,0.33999999999991815,0.14800000000013824,sl,2015-04-09,-1,6.369999999999891,13,0.049999999999954525,0.29,-0.07335
1434346666886,0.2719999999999345,0.03099999999994907,0.057999999999992724,0.057999999999992724,0.057999999999992724,0.057999999999992724,0.057999999999992724,entry,2015-06-15,-1,5.7999999999999545,6,0.049999999999954525,0.312,-0.7814333333333333
1434601844813,0.3330000000000837,0.020999999999958163,0.04099999999993997,0.04099999999993997,0.04099999999993997,-0.04100000000016735,-0.04800000000000182,entry,2015-06-18,1,4.150000000000091,5,0.049999999999954525,0.322,-0.7468833333333333
1436158665508,0.3140000000000782,0.0019999999999527063,0.03199999999992542,0.07199999999988904,0.06099999999992178,0.06099999999992178,0.0019999999999527063,entry,2015-07-06,-1,6.820000000000164,5,0.049999999999954525,0.322,-1.7584666666666666
1436334797136,0.3510000000001128,0.009000000000014552,0.03199999999992542,0.03199999999992542,0.03199999999992542,0.03199999999992542,0.0809999999999036,entry,2015-07-08,-1,5.029999999999973,6,0.049999999999954525,0.312,-0.2856
1436354291080,0.19100000000003092,0.17200000000002547,0.3510000000001128,0.28099999999994907,0.22199999999998,0.2419999999999618,0.11100000000010368,sl,2015-07-08,-1,5.029999999999973,12,0.049999999999954525,0.299,-0.18466666666666667
1436761056403,0.3410000000001219,0.21000000000003638,0.10999999999989996,-0.14800000000013824,-0.1490000000001146,-0.07899999999995089,0.18000000000006366,entry,2015-07-13,1,3.519999999999982,5,0.049999999999954525,0.322,-0.6067166666666667
1436762254575,0.35200000000008913,0.07200000000011642,0.08999999999991815,0.17200000000002547,0.27099999999995816,0.17200000000002547,0.17200000000002547,sl,2015-07-13,1,3.519999999999982,5,0.049999999999954525,0.322,-0.57625
1440047712110,0.2899999999999636,0.009000000000014552,0.02200000000016189,0.02200000000016189,0.03000000000020009,0.021000000000185537,0.02200000000016189,entry,2015-08-20,1,6.769999999999982,6,0.049999999999954525,0.312,0.7981666666666667
1443422374896,0.3320000000001073,0.03099999999994907,0.010999999999967258,0.010999999999967258,0.010999999999967258,0.010999999999967258,0.010999999999967258,entry,2015-09-28,-1,4.540000000000191,7,0.049999999999954525,0.309,-0.5816
1443597019556,0.27099999999995816,0.20100000000002183,0.22199999999998,0.21100000000001273,0.262000000000171,0.24099999999998545,0.21199999999998909,entry,2015-09-30,-1,5.139999999999873,8,0.0500000000001819,0.311,-0.32593333333333335
1445607355961,0.2919999999999163,0.020999999999958163,0.07899999999995089,0.10799999999994725,0.10799999999994725,0.09699999999997999,0.29700000000002547,sl,2015-10-23,1,5.009999999999991,14,0.049999999999954525,0.2855,-0.9326833333333333
1446459905939,0.3129999999998745,0.03099999999994907,0.011999999999943611,0.021999999999934516,0.0019999999999527063,0.021999999999934516,0.03199999999992542,sl,2015-11-02,1,4.7000000000000455,10,0.049999999999954525,0.304,-0.09898333333333334
1447399373201,0.29899999999997817,0.019000000000005457,0.16999999999984539,0.16999999999984539,0.4420000000000073,0.6399999999998727,0.6009999999998854,entry,2015-11-13,1,4.740000000000009,7,0.049999999999954525,0.309,-0.8866833333333334
1447650839855,0.2820000000001528,0.06100000000014916,0.08200000000010732,0.08200000000010732,0.05100000000015825,0.032000000000152795,0.012000000000170985,entry,2015-11-16,1,4.740000000000009,5,0.049999999999954525,0.322,-0.9975833333333334
1451332800140,0.36000000000012733,0.03700000000003456,0.03700000000003456,0.03700000000003456,0.13599999999996726,0.13599999999996726,0.24700000000007094,time,2015-12-28,-1,4.7800000000002,20,0.05,0.342,0.0
1451368069570,0.35799999999994725,0.029999999999972715,0.009999999999990905,0.009999999999990905,0.010999999999967258,0.03199999999992542,-0.06799999999998363,entry,2015-12-29,1,5.5499999999999545,5,0.049999999999954525,0.322,-0.8261666666666667
1451972229321,0.3229999999998654,0.05099999999993088,0.03099999999994907,0.03099999999994907,0.05199999999990723,0.05099999999993088,0.05199999999990723,entry,2016-01-05,1,5.160000000000082,5,0.049999999999954525,0.322,-0.15535
1452695838619,0.2619999999999436,0.010999999999967258,0.010999999999967258,0.07799999999997453,0.07799999999997453,0.22899999999981446,0.22899999999981446,sl,2016-01-13,-1,4.769999999999982,14,0.049999999999954525,0.282,-0.3103166666666667
1452838606731,0.30100000000015825,0.04899999999997817,0.05199999999990723,0.03099999999994907,0.05899999999996908,0.05899999999996908,0.05899999999996908,entry,2016-01-15,1,5.910000000000082,6,0.049999999999954525,0.304,-0.77885
1458822600368,0.4819999999999709,0.1009999999998854,0.010999999999967258,0.09999999999990905,0.19200000000000728,0.009000000000014552,0.22000000000002728,sl,2016-03-24,-1,8.430000000000064,12,0.049999999999954525,0.3,3.9938666666666665
1459882800204,0.3709999999998672,0.029999999999972715,0.010999999999967258,0.010999999999967258,0.13200000000006185,0.08200000000010732,0.09200000000009823,time,2016-04-05,1,12.039999999999964,20,0.05,0.311,0.0
1460401200043,0.3910000000000764,-0.009000000000014552,-0.009000000000014552,-0.07000000000016371,-0.08800000000019281,-0.07900000000017826,-0.019000000000005457,time,2016-04-11,1,8.089999999999918,20,0.05,0.311,0.0
1461092400425,0.3109999999999218,-0.07099999999991269,-0.05999999999994543,-0.05899999999996908,0.019000000000005457,0.0500000000001819,0.05100000000015825,time,2016-04-19,1,7.559999999999945,20,0.05,0.311,0.0
1461217027458,0.32199999999988904,0.06099999999992178,0.05999999999994543,0.15799999999990177,0.15799999999990177,0.22900000000004184,0.15899999999987813,entry,2016-04-21,1,7.8400000000001455,6,0.049999999999954525,0.304,-0.1243
1461676652535,0.5090000000000146,0.7279999999998381,0.5519999999999072,0.15099999999983993,0.11099999999987631,0.11099999999987631,-0.2480000000000473,sl,2016-04-26,-1,5.690000000000055,14,0.049999999999954525,0.282,-0.54225
1461870000085,0.38200000000006185,-0.03999999999996362,-0.05899999999996908,-0.05899999999996908,-0.02800000000002001,-0.009000000000014552,-0.049999999999954525,time,2016-04-28,1,12.289999999999964,20,0.05,0.311,0.0
1464334494426,0.3509999999998854,0.03099999999994907,0.010999999999967258,0.041999999999916326,0.041999999999916326,0.03199999999992542,0.020999999999958163,entry,2016-05-27,1,11.509999999999993,8,0.049999999999954525,0.302,2.0929
1464361599816,0.3330000000000837,0.0019999999999527063,0.011999999999943611,0.019000000000005457,0.02800000000002001,0.020999999999958163,0.02800000000002001,sl,2016-05-27,1,11.509999999999993,16,0.049999999999954525,0.292,-0.6636
1464588448573,0.21700000000009823,0.11799999999993815,0.05099999999993088,0.010999999999967258,-0.060000000000172804,-0.10800000000017462,-0.16000000000008185,entry,2016-05-30,-1,9.410000000000082,7,0.049999999999954525,0.304,-0.4762166666666667
1465191736691,0.3389999999999418,0.03099999999994907,0.03099999999994907,0.03099999999994907,0.12199999999984357,0.13099999999985812,0.03099999999994907,entry,2016-06-06,-1,7.870000000000118,6,0.049999999999954525,0.304,-0.27818333333333334
1465412400465,0.29899999999997817,0.01999999999998181,0.020999999999958163,0.020999999999958163,0.020999999999958163,0.01999999999998181,-0.07899999999995089,time,2016-06-08,1,6.230000000000018,20,0.05,0.311,0.0
1466051460231,0.3389999999999418,0.010999999999967258,0.009999999999990905,0.009999999999990905,0.009999999999990905,0.010999999999967258,0.009999999999990905,entry,2016-06-16,1,9.650000000000093,5,0.049999999999954525,0.322,-1.00385
1468910376257,0.3500000000001364,0.009000000000014552,0.020999999999958163,0.009999999999990905,0.009999999999990905,-0.03999999999996362,-0.16800000000012005,entry,2016-07-19,1,6.160000000000082,7,0.049999999999954525,0.304,-0.6042833333333333
1469171259232,0.3020000000001346,0.020999999999958163,0.010999999999967258,-0.028999999999996362,-0.009000000000014552,-0.008000000000038199,-0.018000000000029104,entry,2016-07-22,-1,9.38000000000011,8,0.049999999999954525,0.302,-1.6538666666666666
1470642893768,0.2419999999999618,0.010999999999967258,-0.009000000000014552,-0.08799999999996544,-0.028999999999996362,-0.05899999999996908,0.1710000000000491,sl,2016-08-08,1,6.3599999999999,8,0.049999999999954525,0.302,-0.8961333333333333
1470855600397,0.22299999999995634,-0.10799999999994725,-0.08799999999996544,-0.08799999999996544,-0.057999999999992724,0.0019999999999527063,-0.019000000000005457,time,2016-08-10,1,9.819999999999936,20,0.05,0.311,0.0
1471598644592,0.10599999999999454,0.0009999999999763531,0.2380000000000564,0.1710000000000491,0.14200000000005275,0.13000000000010914,0.1610000000000582,entry,2016-08-19,-1,7.0499999999999545,10,0.0500000000001819,0.291,-0.07653333333333333
1472714995147,0.3589999999999236,-0.0,-0.0019999999999527063,-0.0019999999999527063,-0.0019999999999527063,-0.0019999999999527063,-0.0019999999999527063,entry,2016-09-01,-1,5.379999999999882,8,0.0500000000001819,0.302,-0.9191166666666667
1473675781666,0.36200000000008004,0.29100000000016735,0.22200000000020736,0.14200000000005275,0.18200000000024374,0.1510000000000673,0.11100000000010368,sl,2016-09-12,1,5.059999999999945,11,0.0500000000001819,0.301,-0.027766666666666665
1475216313580,0.2839999999998781,0.03199999999992542,-0.010999999999967258,-0.06799999999998363,-0.06799999999998363,0.021999999999934516,0.12199999999984357,entry,2016-09-30,1,5.080000000000155,7,0.049999999999954525,0.304,-0.5596666666666666
1475564749454,0.26099999999996726,0.028999999999996362,0.021000000000185537,0.021000000000185537,0.028999999999996362,0.028999999999996362,0.021000000000185537,entry,2016-10-04,-1,5.039999999999964,8,0.0500000000001819,0.302,-0.8242333333333334
1477309902122,0.19700000000011642,0.2980000000000018,0.2619999999999436,0.22199999999998,0.27099999999995816,0.2919999999999163,0.24899999999979627,sl,2016-10-24,1,4.319999999999936,12,0.049999999999954525,0.3,-0.7020333333333333
1477944000213,0.27300000000013824,-0.008999999999787178,-0.029999999999972715,-0.07099999999991269,-0.07899999999995089,-0.11999999999989086,-0.17399999999997817,time,2016-10-31,-1,3.430000000000064,20,0.05,0.311,0.0
1478160903727,0.10300000000006548,0.2719999999999345,0.6189999999999145,0.7300000000000182,0.9990000000000236,1.15099999999984,1.0809999999999036,entry,2016-11-03,-1,10.240000000000007,8,0.049999999999954525,0.302,-0.06211666666666667
1478238905557,0.27300000000013824,0.052000000000134605,0.06200000000012551,0.06200000000012551,0.03099999999994907,0.0420000000001437,0.1310000000000855,entry,2016-11-04,-1,6.539999999999964,5,0.049999999999954525,0.322,-0.09261666666666667
1478262606431,0.25900000000001455,0.38999999999987267,0.33400000000006,-0.07100000000014006,0.16999999999984539,0.4700000000000273,1.9010000000000673,sl,2016-11-04,-1,6.539999999999964,12,0.049999999999954525,0.3,-0.10718333333333334
1480603787466,0.18000000000006366,0.0009999999999763531,0.03199999999992542,0.03199999999992542,-0.06300000000010186,0.03199999999992542,0.12100000000009459,sl,2016-12-01,1,11.829999999999927,14,0.049999999999954525,0.282,-0.7911
1480673777282,0.2839999999998781,0.011999999999943611,-0.05899999999996908,-0.08799999999996544,-0.07799999999997453,-0.06799999999998363,-0.06799999999998363,entry,2016-12-02,-1,5.480000000000018,10,0.049999999999954525,0.291,-0.2880333333333333
1481797132252,0.22199999999998,0.05099999999993088,0.11100000000010368,0.06099999999992178,0.07200000000011642,0.041999999999916326,-0.06799999999998363,entry,2016-12-15,-1,9.61999999999989,10,0.049999999999954525,0.291,-0.8708666666666667
1481867006376,0.30300000000011096,0.1510000000000673,0.2980000000000018,0.2819999999999254,0.33199999999987995,0.2819999999999254,0.29899999999997817,entry,2016-12-16,1,4.900000000000091,5,0.049999999999954525,0.322,-0.4396
1482301217507,0.30600000000004,0.02800000000002001,-0.06100000000014916,-0.06100000000014916,-0.06100000000014916,-0.07100000000014006,-0.08200000000010732,entry,2016-12-21,1,7.380000000000109,6,0.049999999999954525,0.304,-0.29178333333333334
1483128000122,0.3289999999999509,0.06700000000000728,0.06099999999992178,0.06099999999992178,-0.03199999999992542,-0.03300000000012915,-0.03199999999992542,time,2016-12-30,-1,4.9500000000000455,20,0.05,0.311,0.0
1483423924849,0.2740000000001146,0.07200000000011642,0.06200000000012551,0.06200000000012551,0.06200000000012551,0.06200000000012551,0.07200000000011642,entry,2017-01-03,1,9.049999999999956,6,0.0500000000001819,0.2505,-0.08081666666666666
1483435832076,0.04800000000000182,0.010000000000218279,0.010000000000218279,0.010000000000218279,0.010000000000218279,0.010000000000218279,0.023000000000138243,sl,2017-01-03,1,9.049999999999956,9,0.0500000000001819,0.24,-0.5346
1483509168779,0.2439999999999145,0.0019999999999527063,-0.02800000000002001,-0.008000000000038199,-0.008000000000038199,0.0009999999999763531,-0.008000000000038199,entry,2017-01-04,1,5.509999999999991,5,0.049999999999954525,0.2565,-0.8129833333333333
1483646400290,0.2720000000001619,-0.05899999999996908,-0.05899999999996908,-0.05899999999996908,-0.05899999999996908,-0.009000000000014552,-0.10799999999994725,time,2017-01-05,1,8.480000000000018,20,0.05,0.255,0.0
1486584000009,0.3109999999999218,-0.008000000000038199,0.019000000000005457,0.0009999999999763531,-0.011999999999943611,-0.011999999999943611,-0.0909999999998945,time,2017-02-08,1,5.399999999999864,20,0.05,0.255,0.0
1487666779211,0.24099999999998545,0.00200000000018008,0.02200000000016189,0.07900000000017826,0.07900000000017826,0.19200000000000728,0.23099999999999454,entry,2017-02-21,-1,4.839999999999918,8,0.0500000000001819,0.24,-0.3201833333333333
1488520455829,0.24099999999998545,0.02200000000016189,0.00200000000018008,0.04100000000016735,0.00200000000018008,0.00200000000018008,0.00200000000018008,entry,2017-03-03,-1,3.9700000000000273,5,0.0500000000001819,0.2565,-0.26381666666666664
1489558145037,0.1390000000001237,0.0009999999999763531,0.07999999999992724,0.07999999999992724,0.07999999999992724,0.07999999999992724,0.07999999999992724,entry,2017-03-15,1,5.019999999999982,6,0.049999999999954525,0.2505,-0.08395
1494480851192,0.2199999999997999,0.0019999999999527063,0.008000000000038199,0.0019999999999527063,0.032000000000152795,0.032000000000152795,0.008000000000038199,entry,2017-05-11,1,4.169999999999845,6,0.049999999999954525,0.2505,-0.18653333333333333
1494529200027,0.25900000000001455,0.0010000000002037268,-0.020999999999958163,-0.027999999999792635,0.018000000000029104,0.06900000000018736,0.031000000000176442,time,2017-05-11,1,4.169999999999845,20,0.05,0.255,0.0
1494915016063,0.2039999999999509,0.021999999999934516,-0.031000000000176442,-0.02800000000002001,0.0019999999999527063,0.010999999999967258,0.011999999999943611,entry,2017-05-16,1,4.820000000000164,7,0.049999999999954525,0.247,-0.26771666666666666
1495012015820,0.2520000000001801,0.031000000000176442,0.028999999999996362,-0.018000000000029104,-0.018000000000029104,-0.05899999999996908,-0.06799999999998363,entry,2017-05-17,1,7.399999999999864,10,0.0500000000001819,0.238,0.06966666666666667
1496293870553,0.3610000000001037,0.2419999999999618,0.35199999999986176,0.35199999999986176,0.4019999999998163,0.3009999999999309,-0.02800000000002001,entry,2017-06-01,-1,3.8900000000001,6,0.049999999999954525,0.2505,-0.17588333333333334
1496900236980,0.25099999999997635,0.10200000000008913,0.10200000000008913,0.12200000000007094,0.12200000000007094,0.08899999999994179,-0.07199999999988904,entry,2017-06-08,1,3.730000000000018,6,0.049999999999954525,0.2505,-0.283
1498717113482,0.2419999999999618,0.06100000000014916,0.07900000000017826,0.018000000000029104,-0.021999999999934516,-0.020999999999958163,-0.020999999999958163,entry,2017-06-29,1,4.269999999999982,7,0.049999999999954525,0.247,-0.5580333333333334
1498849200043,0.09999999999990905,0.052999999999883585,0.07399999999984175,0.0729999999998654,0.0729999999998654,0.07399999999984175,0.07399999999984175,time,2017-06-30,-1,4.430000000000064,20,0.05,0.255,0.0
1499236377278,0.23099999999999454,0.0019999999999527063,0.057999999999992724,0.05199999999990723,0.05199999999990723,0.041999999999916326,0.041999999999916326,entry,2017-07-05,-1,3.990000000000009,7,0.049999999999954525,0.247,-0.9546333333333333
1499281200053,0.24099999999998545,-0.07300000000009277,0.027000000000043656,0.027000000000043656,0.016999999999825377,-0.08300000000008367,0.005999999999858119,time,2017-07-05,-1,3.990000000000009,20,0.05,0.255,0.0
1499786783160,0.22900000000004184,0.0009999999999763531,0.041999999999916326,0.041999999999916326,0.041999999999916326,0.14799999999991087,0.14799999999991087,sl,2017-07-11,-1,4.850000000000136,16,0.049999999999954525,0.241,-0.386
1501047098747,0.09799999999995634,0.07999999999992724,0.07999999999992724,0.07999999999992724,0.07999999999992724,0.07999999999992724,0.07999999999992724,entry,2017-07-26,-1,3.789999999999964,6,0.049999999999954525,0.2505,-0.6457833333333334
1501578355633,0.2829999999999018,0.020999999999958163,0.020999999999958163,0.020999999999958163,-0.009000000000014552,0.0019999999999527063,0.020999999999958163,sl,2017-08-01,1,3.559999999999945,10,0.049999999999954525,0.238,-0.9272166666666667
1501648911625,0.21000000000003638,0.018000000000029104,0.05199999999990723,0.05199999999990723,0.018000000000029104,0.018000000000029104,0.02800000000002001,entry,2017-08-02,-1,6.009999999999991,5,0.049999999999954525,0.2565,-0.8604166666666667
1501685852305,0.18800000000010186,0.03899999999998727,0.1289999999999054,0.1289999999999054,0.1289999999999054,0.12799999999992906,0.1289999999999054,sl,2017-08-02,-1,6.009999999999991,15,0.049999999999954525,0.24,-0.5384166666666667
1502203080848,0.11999999999989086,0.9610000000002401,0.9920000000001892,1.0620000000003529,0.8520000000003165,0.8380000000001928,0.7610000000001946,sl,2017-08-08,1,3.919999999999845,15,0.0500000000001819,0.24,-0.014133333333333333
1506312542393,0.2460000000000946,0.008000000000038199,-0.009000000000014552,-0.009000000000014552,0.011999999999943611,-0.008000000000038199,0.0009999999999763531,entry,2017-09-25,1,4.539999999999964,5,0.049999999999954525,0.2565,0.9601166666666666
1506500151295,0.23899999999980537,0.007999999999810825,-0.012000000000170985,-0.07200000000011642,0.008999999999787178,0.011999999999943611,-0.0010000000002037268,entry,2017-09-27,-1,5.540000000000191,9,0.049999999999954525,0.24,-0.8549166666666667
1506919061910,0.26099999999996726,0.03199999999992542,0.038000000000010914,0.038000000000010914,0.04099999999993997,0.03199999999992542,0.03199999999992542,entry,2017-10-02,-1,4.7000000000000455,5,0.049999999999954525,0.2565,-0.6985
1507093731903,0.1490000000001146,0.021000000000185537,0.07799999999997453,0.07900000000017826,0.06900000000018736,0.06900000000018736,0.07799999999997453,entry,2017-10-04,1,4.259999999999991,6,0.0500000000001819,0.2505,-0.86505
1507126034864,0.1979999999998654,0.009000000000014552,0.07100000000014006,0.09800000000018372,-0.028999999999996362,0.008000000000038199,0.008000000000038199,sl,2017-10-04,1,4.259999999999991,15,0.0500000000001819,0.24,-0.24773333333333333
1508479721460,0.22800000000006548,0.03899999999998727,0.25099999999997635,0.25099999999997635,0.25099999999997635,0.25099999999997635,0.15799999999990177,entry,2017-10-20,-1,8.460000000000036,7,0.049999999999954525,0.247,-0.691
1508774207959,0.13200000000006185,0.29099999999994,0.3009999999999309,0.3489999999999327,0.47100000000000364,0.4490000000000691,0.5619999999998981,sl,2017-10-23,-1,3.8299999999999272,16,0.049999999999954525,0.241,-0.7993166666666667
1508921751161,0.2300000000000182,0.07099999999991269,0.16200000000003456,0.16200000000003456,0.17200000000002547,0.11199999999985266,-0.1290000000001328,entry,2017-10-25,-1,5.3400000000001455,9,0.049999999999954525,0.24,-0.8526833333333333
1509623722703,0.22100000000000364,0.019000000000005457,0.0009999999999763531,0.0009999999999763531,-0.19100000000003092,-0.18100000000004002,-0.05100000000015825,entry,2017-11-02,-1,6.259999999999991,11,0.049999999999954525,0.241,-0.37838333333333335
1509948764060,0.23799999999982901,0.019000000000005457,0.03899999999998727,0.012000000000170985,0.04899999999997817,-0.0009999999999763531,-0.010999999999967258,entry,2017-11-06,1,4.569999999999936,6,0.0500000000001819,0.2505,-0.7343333333333333
1511875482923,0.2820000000001528,0.010999999999967258,-0.052000000000134605,-0.052000000000134605,-0.011000000000194632,-0.011000000000194632,0.03899999999975989,sl,2017-11-28,-1,3.730000000000018,13,0.049999999999954525,0.243,-0.7153833333333334
1514491200103,0.2380000000000564,-0.04099999999993997,-0.05099999999993088,-0.038000000000010914,-0.05199999999990723,-0.06199999999989814,-0.13799999999991996,time,2017-12-28,1,3.789999999999964,20,0.05,0.255,0.0
1515052200650,0.2480000000000473,0.009000000000014552,0.019000000000005457,0.019000000000005457,0.019000000000005457,-0.0009999999999763531,-0.011999999999943611,entry,2018-01-04,1,5.240000000000009,7,0.049999999999954525,0.23,-0.010833333333333334
1515486629991,0.5299999999999727,1.2180000000000746,1.231999999999971,1.3579999999999472,1.6320000000000618,0.8520000000000891,0.7509999999999764,sl,2018-01-09,1,3.710000000000037,8,0.049999999999954525,0.225,-0.49985
1519623179286,0.2300000000000182,0.009000000000014552,0.009000000000014552,0.008000000000038199,0.028999999999996362,0.008000000000038199,0.020999999999958163,entry,2018-02-26,1,10.980000000000018,5,0.049999999999954525,0.242,0.0119
1520256777248,0.2680000000000291,0.02899999999976899,0.018999999999778083,0.018999999999778083,0.018999999999778083,-0.018000000000256478,-0.031000000000176442,sl,2018-03-05,1,4.630000000000109,13,0.049999999999954525,0.224,-0.9541333333333334
1520512876724,0.20299999999997453,0.0019999999999527063,-0.008000000000038199,-0.008000000000038199,-0.05900000000019645,-0.03899999999998727,-0.019000000000005457,sl,2018-03-08,1,4.490000000000009,12,0.049999999999954525,0.223,-0.27873333333333333
1521005450679,0.23400000000015098,0.0420000000001437,0.07900000000017826,0.07900000000017826,0.1490000000001146,0.07800000000020191,0.07900000000017826,entry,2018-03-14,1,5.169999999999845,5,0.0500000000001819,0.242,-0.84465
1521782979314,0.2400000000000091,0.018000000000029104,0.019000000000005457,0.019000000000005457,-0.008000000000038199,-0.010999999999967258,-0.031000000000176442,entry,2018-03-23,1,7.279999999999973,5,0.049999999999954525,0.242,0.34476666666666667
1524630751428,0.2719999999999345,0.010999999999967258,0.011999999999943611,0.011999999999943611,0.011999999999943611,0.011999999999943611,-0.012000000000170985,entry,2018-04-25,-1,4.1400000000001,5,0.049999999999954525,0.242,-0.5238
1525374000035,0.2199999999997999,-0.04100000000016735,-0.04100000000016735,-0.05100000000015825,0.041999999999916326,0.05899999999996908,0.057999999999992724,time,2018-05-03,1,4.990000000000009,20,0.05,0.243,0.0
1525803411120,0.2480000000000473,0.11899999999991451,-0.1410000000000764,-0.02800000000002001,0.010999999999967258,0.010999999999967258,-0.038000000000010914,sl,2018-05-08,-1,5.25,19,0.049999999999954525,0.248,-0.852
1525928323662,0.11200000000008004,0.08100000000013097,0.038000000000010914,0.038000000000010914,0.07900000000017826,-0.09999999999990905,-0.09999999999990905,entry,2018-05-10,1,4.619999999999891,5,0.0500000000001819,0.242,-0.7277
1526294512724,0.21900000000005093,0.021000000000185537,-0.008000000000038199,0.052000000000134605,-0.1289999999999054,-0.028999999999996362,-0.1289999999999054,entry,2018-05-14,-1,3.559999999999945,11,0.0500000000001819,0.227,-0.8787333333333334
1526963883945,0.24299999999993815,0.0019999999999527063,-0.02800000000002001,-0.02800000000002001,-0.057999999999992724,-0.04800000000000182,-0.04800000000000182,entry,2018-05-22,-1,3.559999999999945,5,0.049999999999954525,0.242,-0.06575
1527582309012,0.18000000000006366,0.03199999999992542,0.038000000000010914,0.06799999999998363,0.07199999999988904,0.09199999999987085,0.1619999999998072,sl,2018-05-29,-1,4.0900000000001455,9,0.049999999999954525,0.223,-0.1502
1528693611300,0.20100000000002183,0.41899999999986903,0.2279999999998381,0.4279999999998836,0.668999999999869,0.7289999999998145,0.7389999999998054,entry,2018-06-11,-1,2.810000000000173,6,0.049999999999954525,0.2335,-0.855
1529089200078,0.2599999999999909,0.06500000000005457,0.06600000000003092,0.07600000000002183,-0.01499999999987267,-0.04399999999986903,0.04600000000004911,time,2018-06-15,-1,2.849999999999909,20,0.05,0.243,0.0
1534266461836,0.22800000000006548,0.06899999999995998,0.08199999999987995,0.07199999999988904,0.0909999999998945,0.08199999999987995,0.0809999999999036,sl,2018-08-14,1,3.8099999999999454,18,0.049999999999954525,0.244,-0.6972666666666667
1536174000091,0.23899999999980537,-0.04899999999997817,-0.09799999999995634,-0.09799999999995634,-0.09799999999995634,-0.01799999999980173,0.021000000000185537,time,2018-09-05,1,3.690000000000055,20,0.05,0.243,0.0
1537445686372,0.2139999999999418,0.0019999999999527063,0.0019999999999527063,0.0019999999999527063,0.010999999999967258,0.010999999999967258,-0.08900000000016917,sl,2018-09-20,-1,3.4600000000000364,13,0.049999999999954525,0.224,0.22713333333333333
1537512348631,0.19200000000000728,0.05099999999993088,0.05899999999996908,0.05199999999990723,0.05099999999993088,0.05899999999996908,0.05099999999993088,entry,2018-09-21,1,3.3299999999999272,7,0.049999999999954525,0.23,-0.8105166666666667
1537524646229,0.2400000000000091,0.27800000000002,0.38200000000006185,0.38200000000006185,0.3910000000000764,0.2720000000001619,0.26099999999996726,sl,2018-09-21,1,3.3299999999999272,11,0.049999999999954525,0.227,-0.7704833333333333
1540879100457,0.2999999999999545,0.0039999999999054126,-0.027000000000043656,-0.003000000000156433,-0.0060000000000854925,-0.0060000000000854925,-0.007000000000061846,entry,2018-10-30,-1,4.180000000000064,5,0.049999999999954525,0.242,-0.34095
1541396691078,0.27700000000004366,0.005000000000109139,0.035000000000081855,0.035000000000081855,0.035000000000081855,0.04500000000007276,0.035000000000081855,entry,2018-11-05,-1,3.5299999999999727,5,0.049999999999954525,0.242,-0.8513
1541578406687,0.30700000000001637,0.005000000000109139,0.005000000000109139,0.005000000000109139,0.005000000000109139,-0.04800000000000182,-0.08500000000003638,entry,2018-11-07,1,9.069999999999936,8,0.049999999999954525,0.225,-0.4447833333333333
1544105510767,0.27700000000004366,0.08500000000003638,0.11199999999985266,0.11199999999985266,0.20499999999992724,0.18499999999994543,0.06500000000005457,sl,2018-12-06,-1,3.5,14,0.049999999999954525,0.234,-0.8461166666666666
1547445907799,0.27700000000004366,0.01999999999998181,0.01999999999998181,0.03999999999996362,0.03999999999996362,0.029999999999972715,0.01999999999998181,entry,2019-01-14,1,4.747000000000071,6,0.049999999999954525,0.287,-0.12998333333333334
1548394754401,0.23700000000008004,0.007000000000061846,-0.016000000000076398,-0.016000000000076398,-0.016000000000076398,-0.016000000000076398,-0.016000000000076398,entry,2019-01-25,1,3.038000000000011,5,0.049999999999954525,0.29,-0.24001666666666666
1548826459500,0.3040000000000873,0.004000000000132786,-0.012999999999919964,-0.04299999999989268,-0.04299999999989268,-0.04299999999989268,-0.04299999999989268,entry,2019-01-30,1,4.1099999999999,5,0.049999999999954525,0.29,-0.325
1548854714454,0.30399999999985994,0.029999999999972715,0.04800000000000182,0.04800000000000182,0.04800000000000182,0.04800000000000182,0.04800000000000182,sl,2019-01-30,1,4.1099999999999,13,0.049999999999954525,0.29,-0.2409
1549358967555,0.28700000000003456,0.013000000000147338,-0.016999999999825377,-0.016999999999825377,-0.016999999999825377,-0.027000000000043656,-0.027000000000043656,sl,2019-02-05,1,3.6469999999999354,9,0.049999999999954525,0.29,-0.45925
1549443024886,0.27700000000004366,0.01999999999998181,0.016999999999825377,0.009999999999990905,0.016999999999825377,0.0,0.0,entry,2019-02-06,1,3.0800000000001546,8,0.049999999999954525,0.29,-0.4147666666666667
1553235310225,0.3100000000001728,0.0,0.009999999999990905,0.009999999999990905,0.009999999999990905,0.009999999999990905,0.009999999999990905,entry,2019-03-22,1,3.497000000000071,6,0.049999999999954525,0.287,-0.17041666666666666
1553490600749,0.27700000000004366,0.06700000000000728,0.06700000000000728,0.08999999999991815,0.08999999999991815,0.08999999999991815,0.08999999999991815,entry,2019-03-25,1,5.426999999999907,5,0.10299999999983811,0.29,-0.012483333333333334
1554696539694,0.30999999999994543,0.016999999999825377,0.026999999999816282,0.026999999999816282,0.026999999999816282,0.05399999999985994,0.05399999999985994,entry,2019-04-08,1,5.3400000000001455,5,0.049999999999954525,0.29,-0.9949
1554899659799,0.34400000000005093,0.05999999999994543,0.09999999999990905,0.11999999999989086,0.1899999999998272,0.2899999999999636,-0.009999999999990905,sl,2019-04-10,1,3.980000000000018,13,0.049999999999954525,0.29,-0.32998333333333335
1555562924220,0.2899999999999636,0.02299999999991087,0.01999999999998181,-0.07999999999992724,-0.15000000000009095,-0.14000000000010004,-0.15000000000009095,entry,2019-04-18,-1,3.200000000000045,5,0.049999999999954525,0.29,-0.737
1555939992727,0.30999999999994543,0.012999999999919964,0.0929999999998472,0.16999999999984539,0.16999999999984539,0.1999999999998181,0.1899999999998272,sl,2019-04-22,1,4.427000000000135,14,0.049999999999954525,0.2955,-0.21211666666666668
1556092387260,0.20400000000017826,0.07699999999999818,0.11999999999989086,0.13999999999987267,0.16699999999991633,0.1069999999999709,0.1069999999999709,entry,2019-04-24,1,3.336999999999989,8,0.049999999999954525,0.29,-0.121
1556259761685,0.27700000000004366,0.006999999999834472,0.016999999999825377,0.026999999999816282,0.026999999999816282,0.026999999999816282,0.03699999999980719,entry,2019-04-26,1,3.5670000000000077,7,0.049999999999954525,0.287,-0.69475
1556281801611,0.5339999999998781,2.3099999999999454,1.4880000000000564,1.2799999999999727,1.4880000000000564,2.5299999999999727,2.980000000000018,sl,2019-04-26,1,3.5670000000000077,13,0.049999999999954525,0.29,-0.02685
1556629883900,0.32999999999992724,-0.0,-0.0029999999999290594,-0.012999999999919964,-0.0029999999999290594,0.007000000000061846,-0.023000000000138243,sl,2019-04-30,1,3.230000000000018,14,0.049999999999954525,0.2955,-0.3983333333333333
1556691159121,0.2999999999999545,0.15000000000009095,0.21000000000003638,0.27700000000004366,0.2899999999999636,0.2699999999999818,0.28700000000003456,entry,2019-05-01,-1,4.230000000000018,7,0.049999999999954525,0.287,-0.6520166666666667
1556717724365,0.29700000000002547,0.01999999999998181,-0.010000000000218279,-0.010000000000218279,-0.010000000000218279,-0.010000000000218279,-0.09000000000014552,sl,2019-05-01,-1,4.230000000000018,14,0.049999999999954525,0.2955,-0.40608333333333335
1557122968970,0.2639999999998963,0.01999999999998181,0.052999999999883585,0.07300000000009277,0.07300000000009277,-0.1169999999999618,-0.1169999999999618,entry,2019-05-06,-1,3.5499999999999545,7,0.049999999999954525,0.287,-0.48283333333333334
1557720745388,0.30700000000001637,0.027000000000043656,0.029999999999972715,0.03999999999996362,0.03999999999996362,0.03999999999996362,0.03999999999996362,entry,2019-05-13,-1,5.033000000000129,5,0.049999999999954525,0.29,-0.4231333333333333
1557751058226,0.2999999999999545,0.03699999999980719,0.013999999999896318,-0.0060000000000854925,-0.026000000000067303,-0.05600000000004002,-0.05600000000004002,sl,2019-05-13,-1,5.033000000000129,13,0.049999999999954525,0.29,-0.6371
1558930103934,0.2640000000001237,0.0340000000001055,0.05400000000008731,0.07400000000006912,0.07400000000006912,0.07400000000006912,0.06400000000007822,entry,2019-05-27,1,3.613000000000056,5,0.049999999999954525,0.29,-0.3989
1559070000150,0.29700000000002547,-0.007000000000061846,0.015999999999849024,-0.01700000000005275,-0.01700000000005275,0.02299999999991087,0.02299999999991087,time,2019-05-28,-1,3.930000000000064,20,0.05,0.304,0.0
1559110154386,0.2799999999999727,0.026999999999816282,0.0039999999999054126,-0.003000000000156433,-0.003000000000156433,-0.013000000000147338,-0.013000000000147338,entry,2019-05-29,1,2.9329999999999927,7,0.049999999999954525,0.287,-0.23976666666666666
1564646389385,0.2940000000000964,0.040000000000190994,0.0500000000001819,0.03300000000012915,-0.06700000000000728,-0.07699999999999818,-0.25,entry,2019-08-01,-1,10.579999999999927,8,0.0500000000001819,0.29,-0.8230833333333333
1564671563916,0.34999999999990905,0.12700000000018008,0.1670000000001437,0.14400000000023283,0.17400000000020555,0.15400000000022374,0.09700000000020736,sl,2019-08-01,-1,10.579999999999927,15,0.0500000000001819,0.297,-0.3986
1565353146759,0.2839999999998781,0.04699999999979809,0.16999999999984539,0.08699999999976171,0.04699999999979809,0.0669999999997799,0.08699999999976171,sl,2019-08-09,1,8.870000000000118,13,0.049999999999954525,0.29,-0.11265
1567617024375,0.011999999999943611,0.004999999999881766,0.42699999999990723,0.4069999999999254,0.3869999999999436,0.4069999999999254,0.1169999999999618,sl,2019-09-04,-1,9.97700000000009,18,0.049999999999954525,0.294,-0.40625
1568660400064,0.3369999999999891,0.03300000000012915,0.04300000000012005,0.04300000000012005,0.023000000000138243,-0.007000000000061846,0.013000000000147338,time,2019-09-16,-1,9.799999999999956,20,0.05,0.304,0.0
1569388554169,0.25500000000010914,-0.0,0.08200000000010732,0.08200000000010732,0.08200000000010732,0.2919999999999163,0.2919999999999163,entry,2019-09-25,-1,7.048000000000002,6,0.049999999999954525,0.287,-0.9028166666666667
1569870000104,0.3170000000000073,0.012999999999919964,-0.027000000000043656,-0.1570000000001528,-0.1670000000001437,-0.06700000000000728,-0.007000000000061846,time,2019-09-30,-1,7.362999999999829,20,0.05,0.304,0.0
1574366400253,0.27700000000004366,-0.027000000000043656,-0.009999999999990905,-0.009999999999990905,-0.027000000000043656,-0.027000000000043656,-0.009999999999990905,time,2019-11-21,-1,5.269999999999982,20,0.05,0.304,0.0
1575005406182,0.25700000000006185,0.004000000000132786,0.047000000000025466,0.05700000000001637,0.05700000000001637,0.05700000000001637,0.07699999999999818,entry,2019-11-29,1,3.5629999999998745,5,0.0500000000001819,0.29,-0.10303333333333334
1576267200098,0.25700000000006185,0.0,0.0,0.0,-0.07999999999992724,0.0,-0.07999999999992724,time,2019-12-13,1,5.226999999999862,20,0.05,0.304,0.0
1577428016302,0.28700000000003456,0.0029999999999290594,0.012999999999919964,0.012999999999919964,0.012999999999919964,0.20000000000004547,0.20000000000004547,entry,2019-12-27,-1,4.789999999999964,6,0.049999999999954525,0.287,-0.9383666666666667
1577463959063,0.26700000000005275,0.09400000000005093,0.05700000000001637,0.047000000000025466,-0.0029999999999290594,-0.02299999999991087,0.01700000000005275,sl,2019-12-27,-1,4.789999999999964,16,0.049999999999954525,0.287,-0.9843833333333334
1578081600089,0.30700000000001637,-2.2737367544323206e-13,-0.010000000000218279,0.04699999999979809,0.1069999999999709,0.1069999999999709,0.049999999999954525,time,2020-01-03,1,12.240000000000007,20,0.05,0.3755,0.0
1580394920735,0.3100000000001728,0.013000000000147338,0.22000000000002728,0.20000000000004547,0.22000000000002728,0.30999999999994543,0.32300000000009277,sl,2020-01-30,1,4.807000000000016,14,0.049999999999954525,0.354,-0.34558333333333335
1580707545594,0.28700000000003456,0.013000000000147338,-0.01700000000005275,-0.027000000000043656,-0.047000000000025466,0.10300000000006548,0.10300000000006548,entry,2020-02-03,-1,10.507000000000062,5,0.049999999999954525,0.377,-0.7599
1580971818189,0.3369999999999891,0.027000000000043656,0.027000000000043656,0.047000000000025466,0.05700000000001637,0.05700000000001637,0.1470000000001619,sl,2020-02-06,-1,5.279999999999973,6,0.0500000000001819,0.374,-0.30315
1581427581043,0.2739999999998872,0.01700000000005275,0.01700000000005275,0.009999999999990905,0.0,0.009999999999990905,0.01700000000005275,sl,2020-02-11,-1,5.406999999999925,13,0.049999999999954525,0.368,-0.3507166666666667
1582142400106,0.27700000000004366,0.0,0.06999999999993634,0.07300000000009277,0.08300000000008367,0.17300000000000182,0.18299999999999272,time,2020-02-19,1,5.283000000000129,20,0.05,0.3755,0.0
1582183142867,0.28700000000003456,0.08300000000008367,0.1430000000000291,0.16300000000001091,0.3730000000000473,0.30300000000011096,0.2599999999999909,entry,2020-02-20,-1,6.029999999999973,7,0.0500000000001819,0.384,-0.04778333333333333
1582572562360,0.27700000000004366,0.1430000000000291,0.11300000000005639,0.3400000000001455,0.2400000000000091,0.2899999999999636,0.17000000000007276,sl,2020-02-24,1,9.36999999999989,19,0.049999999999954525,0.36,-0.37266666666666665
1586241355518,2.6620000000000346,-0.0,-0.0,-0.0,-0.0,-0.0,-0.0,entry,2020-04-07,-1,18.82799999999997,7,0.049999999999954525,0.384,-0.9253
1586839611877,1.83400000000006,0.049999999999954525,0.08999999999991815,0.5499999999999545,0.5199999999999818,0.42000000000007276,0.18000000000006366,entry,2020-04-14,-1,11.720000000000027,5,0.049999999999954525,0.377,-0.8646166666666667
1586931574933,1.6369999999999436,0.05999999999994543,-0.049999999999954525,-0.049999999999954525,-0.09999999999990905,0.03999999999996362,-0.20000000000004547,entry,2020-04-15,-1,11.353000000000064,7,0.049999999999954525,0.384,-0.5822166666666667
1587097204581,1.481999999999971,-0.0,-0.0,-0.0,-0.0,-0.0,-0.0,entry,2020-04-17,-1,14.827999999999976,5,0.049999999999954525,0.377,-0.07635
1587150000186,1.1569999999999254,0.7814999999998236,0.7714999999998327,0.7814999999998236,0.6214999999999691,0.6214999999999691,0.7814999999998236,time,2020-04-17,-1,14.827999999999976,20,0.05,0.3755,0.0
1588941840167,0.6719999999997981,0.047999999999774445,-0.3300000000001546,-0.3300000000001546,0.10999999999989996,0.09799999999995634,0.0749999999998181,sl,2020-05-08,1,9.440000000000056,13,0.049999999999954525,0.368,-0.0027833333333333334
1589175008262,0.2839999999998781,0.4099999999998545,-0.2699999999999818,-0.25700000000006185,-0.25700000000006185,-0.20700000000010732,-0.25700000000006185,entry,2020-05-11,-1,9.660000000000082,6,0.049999999999954525,0.374,-0.1377
1589780442305,0.38000000000010914,0.03000000000020009,-0.010999999999967258,0.020000000000209184,0.01700000000005275,0.06700000000000728,0.16000000000008185,entry,2020-05-18,1,17.786999999999807,6,0.0500000000001819,0.374,-0.7050833333333333
1590087600089,0.2640000000001237,-0.11149999999997817,-0.2315000000000964,-0.17150000000015098,-0.05150000000003274,-0.10149999999998727,0.13850000000002183,time,2020-05-21,-1,10.932999999999993,20,0.05,0.3755,0.0
1590482946797,0.48700000000008004,0.06700000000000728,-0.06999999999993634,-0.13000000000010914,-0.13000000000010914,-0.12000000000011823,-0.12000000000011823,sl,2020-05-26,1,9.740000000000007,9,0.049999999999954525,0.3655,-0.11328333333333333
1591170769059,0.5270000000000437,0.01999999999998181,0.01999999999998181,0.049999999999954525,0.049999999999954525,0.049999999999954525,0.029999999999972715,entry,2020-06-03,-1,11.452999999999976,8,0.049999999999954525,0.384,-0.81765
1591243894861,0.34699999999998,0.1269999999999527,-0.09600000000000364,-0.09600000000000364,-0.09600000000000364,-0.09600000000000364,-0.09600000000000364,entry,2020-06-04,1,7.940000000000055,5,0.049999999999954525,0.377,-1.5810166666666667
1591383600108,0.45699999999987995,0.08149999999977808,0.06149999999979627,-0.008500000000140062,-0.06850000000008549,0.0284999999998945,-0.0885000000000673,time,2020-06-05,-1,9.063000000000102,20,0.05,0.3755,0.0
1594017608220,0.48700000000008004,0.06400000000007822,0.06400000000007822,0.06400000000007822,0.06400000000007822,0.023999999999887223,-0.0060000000000854925,entry,2020-07-06,1,6.9500000000000455,7,0.049999999999954525,0.384,-0.137
1594721931587,0.2639999999998963,3.5800000000001546,3.9700000000002547,4.5900000000001455,5.370000000000346,4.720000000000255,3.6300000000003365,sl,2020-07-14,1,6.679999999999836,11,0.0500000000001819,0.357,-0.8597833333333333
1595530800002,0.5070000000000618,0.0,-0.009999999999990905,-0.10999999999989996,-0.17000000000007276,-0.32999999999992724,-0.31999999999993634,time,2020-07-23,1,12.505999999999858,20,0.05,0.3755,0.0
1599031766426,0.29700000000002547,0.003000000000156433,0.10000000000013642,0.36000000000012733,0.5700000000001637,0.2600000000002183,0.3100000000001728,entry,2020-09-02,-1,14.439999999999827,8,0.0500000000001819,0.384,-0.44043333333333334
1600412817761,0.33400000000006,0.007000000000061846,0.029999999999972715,0.029999999999972715,-0.04299999999989268,-0.04299999999989268,-0.04299999999989268,entry,2020-09-18,1,9.666999999999916,8,0.049999999999954525,0.384,-0.9626833333333333
1600437076208,0.3869999999999436,0.0029999999999290594,-0.01700000000005275,-0.027000000000043656,-0.07699999999999818,-0.13000000000010914,-0.03700000000003456,sl,2020-09-18,1,9.666999999999916,14,0.049999999999954525,0.354,-0.27013333333333334
1600755615744,0.543999999999869,0.03999999999996362,0.06999999999993634,-0.03999999999996362,-0.11000000000012733,-0.06999999999993634,0.03999999999996362,entry,2020-09-22,-1,13.319999999999936,7,0.049999999999954525,0.384,-0.2624
1601029750954,0.33400000000006,0.8269999999999982,1.09699999999998,1.4369999999998981,1.4769999999998618,1.2669999999998254,1.0169999999998254,sl,2020-09-25,1,8.923000000000002,11,0.049999999999954525,0.357,-0.18256666666666665
1601470344637,0.24400000000014188,0.6570000000001528,0.6970000000001164,0.9970000000000709,0.7970000000000255,0.8669999999999618,1.1670000000001437,sl,2020-09-30,-1,11.616999999999962,13,0.049999999999954525,0.368,-0.4106166666666667
1601614536484,0.5139999999998963,0.029999999999972715,0.01999999999998181,-0.16000000000008185,-0.2300000000000182,-0.37000000000011823,-0.3869999999999436,entry,2020-10-02,-1,14.559999999999944,5,0.049999999999954525,0.377,-0.6080666666666666
1601617375205,0.24400000000014188,0.0340000000001055,0.004000000000132786,-0.0060000000000854925,0.07400000000006912,0.2039999999999509,0.15399999999999636,sl,2020-10-02,-1,14.559999999999944,6,0.049999999999954525,0.374,-0.9200833333333334
1602562079481,0.4700000000000273,-0.0,-0.06300000000010186,-0.06300000000010186,-0.06300000000010186,-0.1330000000000382,-0.1330000000000382,entry,2020-10-13,-1,14.8900000000001,5,0.049999999999954525,0.377,-0.99135
1603175464107,0.4270000000001346,0.007000000000061846,-0.026000000000067303,-0.026000000000067303,-0.03600000000005821,-0.12599999999997635,-0.18599999999992178,entry,2020-10-20,1,9.450000000000044,7,0.049999999999954525,0.384,-0.06845
1604058962998,0.43699999999989814,0.007000000000061846,-0.02299999999991087,-0.10299999999983811,0.047000000000025466,-0.12299999999981992,0.007000000000061846,entry,2020-10-30,1,13.736999999999853,11,0.0500000000001819,0.357,-0.049966666666666666
1604299268615,0.3669999999999618,0.01700000000005275,0.047000000000025466,0.05700000000001637,0.007000000000061846,0.007000000000061846,-0.0029999999999290594,entry,2020-11-02,1,12.220000000000027,6,0.049999999999954525,0.374,-0.14358333333333334
1604555115667,0.3170000000000073,0.05700000000001637,0.09699999999997999,0.03700000000003456,0.1369999999999436,0.15699999999992542,0.027000000000043656,entry,2020-11-05,1,7.287000000000035,5,0.049999999999954525,0.377,-0.26111666666666666
1606802036634,0.3569999999999709,0.013999999999896318,0.013999999999896318,-0.03600000000005821,-0.03600000000005821,0.013999999999896318,0.06400000000007822,entry,2020-12-01,1,10.288000000000013,5,0.049999999999954525,0.377,-0.9439
1606980463705,0.3569999999999709,0.20400000000017826,0.2130000000001928,0.3140000000000782,0.3140000000000782,0.7440000000001419,1.0240000000001146,entry,2020-12-03,1,11.019999999999982,7,0.0500000000001819,0.384,-0.7284166666666667
1607514051188,0.3669999999999618,0.08999999999991815,0.19499999999993634,0.4249999999999545,0.5380000000000109,0.5380000000000109,0.43000000000006366,entry,2020-12-09,-1,14.8900000000001,11,0.049999999999954525,0.357,-0.8531333333333333
1608544039112,0.4839999999999236,0.26700000000005275,0.34700000000020736,0.5470000000000255,0.5470000000000255,0.5970000000002074,0.5970000000002074,sl,2020-12-21,1,17.166999999999916,9,0.0500000000001819,0.3655,-0.31853333333333333
1609315871212,0.4170000000001437,0.003000000000156433,0.013000000000147338,0.013000000000147338,0.013000000000147338,0.023000000000138243,0.009999999999990905,entry,2020-12-30,-1,8.519999999999982,8,0.049999999999954525,0.384,-0.18686666666666665
1609391591452,0.42699999999990723,0.02299999999991087,0.032999999999901775,0.4299999999998363,0.7199999999997999,0.7599999999999909,1.5339999999998781,entry,2020-12-31,-1,12.910000000000082,5,0.049999999999954525,0.377,-0.19086666666666666
1609424184972,0.3569999999999709,0.0039999999999054126,0.04399999999986903,0.14400000000000546,0.09400000000005093,0.2419999999999618,0.19399999999995998,sl,2020-12-31,-1,12.910000000000082,14,0.049999999999954525,0.354,-0.4162
1609831429351,0.4739999999999327,0.05700000000001637,0.05600000000004002,0.05700000000001637,0.05700000000001637,0.016000000000076398,0.07699999999999818,entry,2021-01-05,1,9.736999999999853,7,0.049999999999954525,0.3555,3.1774833333333334
1609922771452,0.34699999999998,0.013999999999896318,0.032999999999901775,0.12399999999979627,0.16399999999998727,0.2639999999998963,0.31399999999985084,entry,2021-01-06,1,13.873000000000047,8,0.049999999999954525,0.348,-0.19086666666666666
1609937012208,0.39299999999980173,0.17599999999993088,0.23700000000008004,0.2719999999999345,0.3669999999999618,0.47700000000008913,0.59699999999998,sl,2021-01-06,1,13.873000000000047,12,0.049999999999954525,0.353,-0.5368
1612160055144,0.3489999999999327,0.1289999999999054,0.1979999999998654,0.4679999999998472,0.27799999999979264,0.20299999999997453,0.612999999999829,entry,2021-02-01,1,14.873000000000047,6,0.049999999999954525,0.368,-0.2524
1612338405023,0.39799999999991087,0.057999999999992724,0.024999999999863576,0.018000000000029104,-0.0019999999999527063,0.057999999999992724,0.1879999999998745,entry,2021-02-03,-1,8.38000000000011,7,0.049999999999954525,0.3555,-0.7503833333333333
1612468800227,0.3730000000000473,0.04500000000007276,0.15800000000012915,0.13799999999991996,0.15800000000012915,0.20800000000008367,0.19800000000009277,time,2021-02-04,-1,13.636999999999944,20,0.05,0.328,0.0
1613062210407,0.3770000000001801,0.047000000000025466,0.4299999999998363,0.4700000000000273,0.4299999999998363,-0.15000000000009095,0.03999999999996362,sl,2021-02-11,1,8.13000000000011,16,0.049999999999954525,0.344,-0.17345
1613476228600,0.42000000000007276,0.009999999999990905,-0.011000000000194632,-0.0500000000001819,-0.07000000000016371,-0.07000000000016371,-0.060000000000172804,entry,2021-02-16,-1,8.38000000000011,11,0.049999999999954525,0.349,-0.4766666666666667
1613637915315,0.5,0.04399999999986903,0.03399999999987813,0.013999999999896318,0.013999999999896318,0.09399999999982356,0.013999999999896318,entry,2021-02-18,1,8.69600000000014,8,0.049999999999954525,0.348,-0.25525
1613764800096,0.4089999999998781,0.0,-0.009999999999990905,-0.06899999999995998,-0.07899999999995089,-0.09999999999990905,-0.05999999999994543,time,2021-02-19,1,12.315000000000056,20,0.05,0.328,0.0
1613972901626,0.46499999999991815,0.03499999999985448,0.08999999999991815,0.06999999999993634,0.06999999999993634,0.06999999999993634,0.08999999999991815,entry,2021-02-22,1,9.009999999999993,5,0.049999999999954525,0.364,2.6395666666666666
1614235735134,0.4900000000000091,0.05999999999994543,0.05999999999994543,0.05999999999994543,0.2599999999999909,0.37000000000011823,0.43000000000006366,entry,2021-02-25,-1,10.279999999999973,6,0.049999999999954525,0.368,-0.9189
1614317486213,0.5740000000000691,-0.0,0.0060000000000854925,-0.014000000000123691,-0.044000000000096406,-0.08400000000006003,-0.024000000000114596,entry,2021-02-26,-1,10.604000000000042,5,0.049999999999954525,0.364,-0.43688333333333335
1616494108039,0.4099999999998545,0.24700000000007094,0.42400000000020555,0.6070000000001983,0.5870000000002165,0.43400000000019645,0.5240000000001146,entry,2021-03-23,1,9.5,10,0.049999999999954525,0.344,-0.46731666666666666
1618220469050,0.23299999999994725,0.2829999999999018,0.17399999999997817,0.18699999999989814,0.16699999999991633,0.1269999999999527,0.023999999999887223,sl,2021-04-12,-1,6.650000000000091,10,0.049999999999954525,0.344,-0.15083333333333335
1618983775854,0.3869999999999436,0.007000000000061846,-0.03600000000005821,0.004000000000132786,0.07400000000006912,0.08400000000006003,0.10400000000004184,entry,2021-04-21,1,8.440000000000055,6,0.049999999999954525,0.368,-0.9309
1619155969182,0.36999999999989086,0.032999999999901775,0.03999999999996362,0.05300000000011096,0.049999999999954525,0.08999999999991815,0.03999999999996362,entry,2021-04-23,-1,6.7970000000000255,6,0.049999999999954525,0.368,-0.8197
1619415052309,0.3269999999999982,0.027000000000043656,0.03700000000003456,0.027000000000043656,0.027000000000043656,0.06700000000000728,0.14699999999993452,entry,2021-04-26,1,9.059999999999944,6,0.049999999999954525,0.368,-0.8718166666666667
1619593586190,0.3369999999999891,0.009999999999990905,0.01700000000005275,0.007000000000061846,0.027000000000043656,0.01700000000005275,0.007000000000061846,entry,2021-04-28,-1,9.849999999999907,8,0.049999999999954525,0.348,-0.4365
1619676677867,0.3569999999999709,0.02299999999991087,0.1510000000000673,0.05999999999994543,0.13999999999987267,0.10999999999989996,0.13999999999987267,entry,2021-04-29,-1,7.5470000000000255,7,0.049999999999954525,0.3555,-0.29778333333333334
1620376373829,0.3170000000000073,0.044000000000096406,0.08400000000006003,0.08400000000006003,0.10400000000004184,0.09400000000005093,0.09400000000005093,entry,2021-05-07,1,9.409999999999854,9,0.0500000000001819,0.345,-1.89715
1622536326285,0.36400000000003274,0.009999999999990905,0.06999999999993634,0.10799999999994725,0.10799999999994725,0.10799999999994725,0.10799999999994725,sl,2021-06-01,1,8.326999999999998,9,0.049999999999954525,0.345,-0.10475
1622789069487,0.2869999999998072,0.03399999999987813,0.03399999999987813,0.03399999999987813,0.11799999999993815,0.27800000000002,0.33799999999996544,entry,2021-06-04,1,16.712999999999965,7,0.049999999999954525,0.3555,-0.49145
1622833200094,0.3269999999999982,0.0,-0.003000000000156433,0.029999999999972715,-0.003000000000156433,0.047000000000025466,0.17699999999990723,time,2021-06-04,1,16.712999999999965,20,0.05,0.328,0.0
1626063296625,0.4739999999999327,0.009999999999990905,0.01999999999998181,0.01999999999998181,-0.0,-0.009999999999990905,-0.01999999999998181,entry,2021-07-12,-1,8.5,5,0.0500000000001819,0.364,-0.94375
1626155796949,0.44399999999996,0.029999999999972715,0.024000000000114596,-0.009999999999990905,-0.06999999999993634,-0.09999999999990905,-0.09999999999990905,entry,2021-07-13,-1,6.339999999999918,6,0.049999999999954525,0.368,-0.6158166666666667
1626289200103,0.2840000000001055,0.0,-0.029999999999972715,-0.029999999999972715,-0.029999999999972715,-0.029999999999972715,-0.029999999999972715,time,2021-07-14,1,8.96699999999987,20,0.05,0.328,0.0
1626412442189,0.39400000000000546,0.009999999999990905,-0.009999999999990905,-0.009999999999990905,-0.009999999999990905,-0.029999999999972715,-0.029999999999972715,entry,2021-07-16,-1,6.420000000000073,6,0.049999999999954525,0.368,-0.03648333333333333
1626792313351,0.40599999999994907,0.02999999999974534,-0.15000000000009095,-0.15000000000009095,-0.10000000000013642,-0.20000000000004547,-0.10000000000013642,sl,2021-07-20,1,8.38000000000011,15,0.049999999999954525,0.354,-0.22251666666666667
1627019941132,0.44399999999996,0.03999999999996362,0.03999999999996362,-0.0,-0.15000000000009095,-0.19000000000005457,-0.17000000000007276,entry,2021-07-23,-1,6.290000000000191,6,0.049999999999954525,0.368,-0.018866666666666667
1627026559111,0.3269999999999982,0.016999999999825377,0.18699999999989814,0.2669999999998254,0.2869999999998072,0.3869999999999436,0.4639999999999418,sl,2021-07-23,-1,6.290000000000191,8,0.049999999999954525,0.348,-0.31851666666666667
1628059102857,0.39400000000000546,0.0039999999999054126,0.08699999999998909,0.08699999999998909,0.08699999999998909,0.08699999999998909,0.06399999999985084,entry,2021-08-04,1,5.8530000000000655,7,0.049999999999954525,0.3555,-0.38095
1631086497233,0.31900000000018736,0.07899999999995089,0.10399999999981446,0.10399999999981446,0.07699999999977081,0.35399999999981446,0.3839999999997872,sl,2021-09-08,-1,6.3900000000001,8,0.049999999999954525,0.348,-0.9538833333333333
1631252020562,0.36799999999993815,0.018000000000029104,-0.011999999999943611,-0.011999999999943611,-0.011999999999943611,-0.011999999999943611,0.018000000000029104,entry,2021-09-10,1,7.276000000000067,6,0.049999999999954525,0.368,-0.6760333333333334
1631278127740,0.3689999999999145,0.05499999999983629,0.013999999999896318,-0.016000000000076398,0.06399999999985084,0.05399999999985994,-0.03600000000005821,sl,2021-09-10,1,7.276000000000067,13,0.049999999999954525,0.367,-0.7956666666666666
1635431730973,0.21500000000014552,0.8700000000001182,1.2160000000001219,1.2260000000001128,1.2160000000001219,1.0960000000000036,1.316000000000031,sl,2021-10-28,1,9.114000000000033,15,0.0500000000001819,0.354,-0.5162166666666667
1639684800009,0.3170000000000073,0.0,-0.03999999999996362,-0.06700000000000728,-0.01999999999998181,0.0,0.05999999999994543,time,2021-12-16,1,8.760000000000218,20,0.05,0.328,0.0
1640618330673,0.34700000000020736,0.04100000000016735,0.3610000000001037,0.3970000000001619,0.3510000000001128,0.31799999999998363,0.5109999999999673,sl,2021-12-27,-1,5.25,15,0.049999999999954525,0.354,-0.84455
1649234474112,0.3989999999998872,0.05399999999985994,0.023999999999887223,0.06399999999985084,0.06399999999985084,-0.026000000000067303,-0.11599999999998545,sl,2022-04-06,-1,8.620000000000118,9,0.049999999999954525,0.354,-0.2352
1650861126718,0.42400000000020555,0.011000000000194632,0.09100000000012187,0.04100000000016735,-0.009000000000014552,-0.019000000000005457,-0.05899999999996908,entry,2022-04-25,-1,11.183999999999967,5,0.0500000000001819,0.409,-0.11196666666666667
1650913200100,0.3690000000001419,0.011999999999943611,0.13199999999983447,0.181999999999789,0.1919999999997799,-0.07300000000009277,0.041999999999916326,time,2022-04-25,-1,11.183999999999967,20,0.05,0.357,0.0
1651061992221,0.3489999999999327,0.03899999999998727,0.05899999999996908,0.10400000000004184,0.1490000000001146,0.1390000000001237,0.25900000000001455,sl,2022-04-27,-1,10.099999999999907,13,0.049999999999954525,0.3555,-0.87035
1651131006049,0.42399999999997817,0.014000000000123691,0.0340000000001055,0.024000000000114596,0.014000000000123691,0.014000000000123691,-0.015999999999849024,sl,2022-04-28,-1,9.159999999999854,8,0.049999999999954525,0.374,-0.10081666666666667
1653635614842,0.24400000000014188,0.05899999999996908,0.16899999999986903,0.24899999999979627,0.2589999999997872,0.18899999999985084,0.20899999999983265,entry,2022-05-27,1,8.485000000000127,8,0.049999999999954525,0.374,-0.5807
1653978257275,0.41899999999986903,0.013999999999896318,0.04399999999986903,0.04399999999986903,0.09399999999982356,0.06399999999985084,0.06799999999998363,entry,2022-05-31,1,9.13000000000011,7,0.049999999999954525,0.3985,-0.28791666666666665
1655105356495,0.40399999999999636,0.1150000000000091,0.125,0.125,0.12199999999984357,0.07999999999992724,0.10499999999979082,entry,2022-06-13,-1,17.330000000000155,8,0.049999999999954525,0.374,-0.27491666666666664
1657167336247,0.4079999999999018,0.0019999999999527063,-0.02800000000002001,-0.02800000000002001,-0.04800000000000182,-0.12799999999992906,-0.02800000000002001,entry,2022-07-07,1,10.506000000000084,5,0.049999999999954525,0.409,-0.6041166666666666
1657220400149,0.2839999999998781,0.0,-0.01999999999998181,-0.01999999999998181,-0.029999999999972715,-0.06099999999992178,-0.08999999999991815,time,2022-07-07,1,10.506000000000084,20,0.05,0.357,0.0
1657265261590,0.2940000000000964,0.01999999999998181,0.01999999999998181,0.1089999999999236,0.01999999999998181,0.07099999999991269,0.06899999999995998,entry,2022-07-08,-1,7.690000000000055,8,0.049999999999954525,0.374,-0.6931666666666667
1660537790891,0.36200000000008004,0.07400000000006912,-0.009999999999990905,0.01999999999998181,0.049999999999954525,0.05999999999994543,0.07999999999992724,entry,2022-08-15,-1,7.740000000000009,5,0.049999999999954525,0.409,-0.8481833333333333
1661747430278,0.4179999999998927,0.009999999999990905,0.009999999999990905,0.009999999999990905,-0.005999999999858119,-0.005999999999858119,-0.0,entry,2022-08-29,-1,13.339999999999918,5,0.049999999999954525,0.409,-0.5046333333333334
1661836556981,0.44399999999996,0.02299999999991087,0.02299999999991087,0.02299999999991087,-0.11300000000005639,-0.25700000000006185,-0.3269999999999982,entry,2022-08-30,-1,6.633000000000038,6,0.049999999999954525,0.4,-0.9496833333333333
1662020326543,0.40200000000004366,0.01999999999998181,0.01999999999998181,0.01999999999998181,0.01999999999998181,0.029999999999972715,0.01999999999998181,entry,2022-09-01,-1,9.044000000000096,9,0.049999999999954525,0.354,-0.7757166666666667
1662537471499,0.2719999999999345,0.027999999999792635,-0.03600000000005821,-0.07200000000011642,-0.07200000000011642,-0.16200000000003456,-0.11600000000021282,sl,2022-09-07,-1,11.450000000000044,8,0.049999999999954525,0.374,-0.8583166666666666
1666595937728,0.43499999999994543,0.21100000000001273,0.18000000000006366,0.21100000000001273,0.2300000000000182,0.2300000000000182,0.9909999999999854,entry,2022-10-24,-1,19.019999999999985,8,0.049999999999954525,0.374,-0.9621333333333333
1666638000967,0.43400000000019645,0.07700000000022555,0.07700000000022555,0.07700000000022555,0.07700000000022555,0.15800000000012915,-0.02299999999991087,time,2022-10-24,-1,19.019999999999985,20,0.05,0.357,0.0
1666853066257,0.42399999999997817,0.0989999999999327,0.15899999999987813,0.15899999999987813,0.13899999999989632,0.15899999999987813,0.22900000000004184,entry,2022-10-27,-1,8.54099999999994,7,0.049999999999954525,0.3985,-0.43761666666666665
1667459100270,0.4860000000001037,0.020999999999958163,0.14099999999984902,0.09999999999990905,0.05999999999994543,0.12999999999988177,0.08999999999991815,entry,2022-11-03,-1,8.25,7,0.049999999999954525,0.3985,-0.0045
1669363144707,0.4539999999999509,0.0989999999999327,0.0989999999999327,0.0989999999999327,0.0989999999999327,0.0989999999999327,0.15899999999987813,entry,2022-11-25,-1,8.81100000000015,7,0.049999999999954525,0.3985,-0.07845
1669619610293,0.38400000000001455,0.03499999999985448,0.024999999999863576,-0.015000000000100044,0.004999999999881766,-0.005000000000109139,-0.005000000000109139,entry,2022-11-28,1,7.870000000000118,7,0.049999999999954525,0.3985,-0.5048833333333334
1669987801248,0.0009999999999763531,4.517000000000053,3.814000000000078,2.438000000000102,3.8360000000000127,5.691000000000031,5.851000000000113,sl,2022-12-02,1,7.009999999999991,13,0.0500000000001819,0.3555,-0.0208
1670309439163,0.42399999999997817,-0.0,-0.01999999999998181,-0.01999999999998181,-0.01999999999998181,-0.01999999999998181,-0.03999999999996362,entry,2022-12-06,-1,7.9099999999998545,6,0.049999999999954525,0.4,-0.6527166666666666
1672726560477,0.40000000000009095,0.009999999999990905,0.0,0.0,0.0,0.0,0.009999999999990905,entry,2023-01-03,1,16.37000000000012,6,0.049999999999954525,0.33,-0.00795
1672905026658,0.3769999999999527,0.03899999999998727,0.011999999999943611,0.011999999999943611,0.0019999999999527063,-0.038000000000010914,-0.09799999999995634,entry,2023-01-05,-1,8.77800000000002,7,0.049999999999954525,0.327,-0.4443
1673035200098,0.34699999999998,0.0,0.049999999999954525,0.029999999999972715,0.029999999999972715,0.0,0.029999999999972715,time,2023-01-06,1,9.557000000000016,20,0.05,0.317,0.0
1673244729215,0.34699999999998,0.03700000000003456,0.03700000000003456,0.03700000000003456,0.03700000000003456,0.03700000000003456,0.03700000000003456,entry,2023-01-09,1,12.3900000000001,6,0.049999999999954525,0.33,-0.15358333333333332
1673340967532,0.34699999999998,0.009999999999990905,0.09699999999997999,0.2580000000000382,0.3500000000001364,0.37000000000011823,0.3869999999999436,entry,2023-01-10,1,8.170000000000073,8,0.049999999999954525,0.32,-0.12553333333333333
1673380800106,0.39000000000010004,0.0,0.0,0.0,-0.06300000000010186,-0.09000000000014552,-0.023000000000138243,time,2023-01-10,1,8.170000000000073,20,0.05,0.317,0.0
1673413581830,0.31999999999993634,0.009999999999990905,-0.03300000000012915,-0.05999999999994543,-0.06200000000012551,-0.06200000000012551,-0.03999999999996362,entry,2023-01-11,1,6.477000000000089,5,0.049999999999954525,0.33,-0.36383333333333334
1673448407869,0.30700000000001637,0.0029999999999290594,-0.007000000000061846,-0.05700000000001637,-0.06700000000000728,0.0729999999998654,0.0029999999999290594,sl,2023-01-11,1,6.477000000000089,14,0.049999999999954525,0.32,-0.7978166666666666
1673938236917,0.37000000000011823,0.012000000000170985,0.06900000000018736,0.06900000000018736,-0.020999999999958163,-0.07099999999991269,-0.05999999999994543,entry,2023-01-17,-1,10.937999999999874,6,0.0500000000001819,0.33,-0.6152833333333333
1674019035798,0.3369999999999891,-0.0,-0.029999999999972715,-0.029999999999972715,-0.029999999999972715,-0.029999999999972715,-0.029999999999972715,entry,2023-01-18,-1,13.006999999999834,5,0.049999999999954525,0.33,-0.2633
1677132786499,0.34999999999990905,0.05999999999994543,0.1269999999999527,0.1269999999999527,0.1269999999999527,0.1269999999999527,0.1269999999999527,entry,2023-02-23,1,7.309999999999945,6,0.049999999999954525,0.33,-0.10831666666666667
1681704948506,0.33999999999991815,0.016999999999825377,0.026999999999816282,0.026999999999816282,0.026999999999816282,0.026999999999816282,0.1269999999999527,entry,2023-04-17,1,10.90300000000002,5,0.049999999999954525,0.33,-0.8084333333333333
1681739201115,0.25700000000006185,0.4700000000000273,0.4600000000000364,0.40000000000009095,0.2899999999999636,0.38000000000010914,0.4600000000000364,sl,2023-04-17,1,10.90300000000002,14,0.049999999999954525,0.32,-0.68525
1682395721334,0.34999999999990905,-0.0,-0.049999999999954525,-0.05999999999994543,-0.05999999999994543,-0.05999999999994543,-0.13999999999987267,entry,2023-04-25,-1,9.299999999999956,5,0.049999999999954525,0.33,-0.6889
1686765967962,0.928000000000111,0.03999999999996362,-0.11000000000012733,-0.2300000000000182,0.08999999999991815,-0.004000000000132786,0.13999999999987267,sl,2023-06-14,1,7.301000000000158,19,0.049999999999954525,0.317,-0.1327
1687243257984,0.2999999999999545,0.0,0.07699999999999818,0.07699999999999818,0.1510000000000673,0.1510000000000673,0.1310000000000855,entry,2023-06-20,1,7.889999999999873,7,0.049999999999954525,0.327,-0.9664
1690284352377,0.3400000000001455,-0.0,0.03999999999996362,0.01999999999998181,-0.009999999999990905,0.049999999999954525,-0.01999999999998181,sl,2023-07-25,1,10.259999999999993,12,0.049999999999954525,0.317,-0.87295
1690802232915,0.30999999999994543,0.0009999999997489795,0.010999999999739885,0.020999999999958163,0.020999999999958163,0.020999999999958163,0.010999999999739885,sl,2023-07-31,-1,6.426000000000158,12,0.049999999999954525,0.317,-0.21525
1692353644037,0.3510000000001128,0.0009999999999763531,0.05700000000001637,0.05700000000001637,0.01700000000005275,0.1269999999999527,0.15699999999992542,entry,2023-08-18,1,5.960000000000036,11,0.049999999999954525,0.3185,-0.06728333333333333
1692850338745,0.3770000000001801,0.0,0.0,0.0,0.0,0.009999999999990905,0.009999999999990905,entry,2023-08-24,1,5.4500000000000455,5,0.049999999999954525,0.33,-0.3124166666666667
1693807508665,0.2769999999998163,0.016999999999825377,0.016999999999825377,0.016999999999825377,0.016999999999825377,0.016999999999825377,0.016999999999825377,entry,2023-09-04,1,6.660000000000082,7,0.049999999999954525,0.327,-0.14441666666666667
1694153400341,0.2699999999999818,0.03999999999996362,0.07999999999992724,0.05999999999994543,0.0,0.03999999999996362,0.03999999999996362,entry,2023-09-08,1,7.589999999999918,7,0.049999999999954525,0.327,-1.0056833333333333
1694804400064,0.2999999999999545,0.0,-0.01999999999998181,-0.029999999999972715,-0.03999999999996362,-0.01999999999998181,-0.03999999999996362,time,2023-09-15,1,6.190000000000055,20,0.05,0.317,0.0
1695010875328,0.2899999999999636,0.0,0.01999999999998181,-0.009999999999990905,-0.01999999999998181,-0.01999999999998181,-0.01999999999998181,entry,2023-09-18,1,7.007000000000062,5,0.049999999999954525,0.33,-0.2554666666666667
1695286310766,0.47199999999998,0.8510000000001128,0.9100000000000819,0.9700000000000273,0.8810000000000855,0.9600000000000364,0.8700000000001182,entry,2023-09-21,-1,6.899999999999864,9,0.049999999999954525,0.31,-0.8461
1695362771047,0.23700000000008004,0.027000000000043656,0.11000000000012733,0.1369999999999436,0.03999999999996362,-0.03999999999996362,-0.049999999999954525,entry,2023-09-22,1,5.480000000000018,7,0.049999999999954525,0.327,-0.18411666666666668
1699540844779,0.30999999999994543,0.009999999999763531,-0.010000000000218279,0.009999999999763531,0.009999999999763531,-0.020000000000209184,-0.010000000000218279,sl,2023-11-09,-1,6.770000000000209,14,0.049999999999954525,0.32,-0.7463166666666666
1700553944321,0.2899999999999636,0.009999999999990905,0.0,-0.01999999999998181,-0.009999999999990905,-0.009999999999990905,0.0,entry,2023-11-21,1,13.559999999999944,8,0.049999999999954525,0.32,-0.7386833333333334
1700755547391,0.28700000000003456,-0.0,0.012999999999919964,-0.007000000000061846,-0.01700000000005275,-0.01700000000005275,0.02299999999991087,sl,2023-11-23,1,8.116999999999962,16,0.049999999999954525,0.32,-0.78985
