kind,date,dir,slip0,prev_dist,gap_ms,first_in_window,feed_off,ny_hm,risk
entry,2014-02-24,1,0.0060000000000854,0.0029999999999290594,1144,False,0.11200000000008004,0.9333333333333333,7.410000000000082
entry,2014-02-25,-1,0.4670000000000982,0.44299999999998363,196,False,0.10300000000006548,5.716666666666667,5.740000000000009
entry,2014-02-27,-1,0.3279999999999745,0.26700000000005275,219,False,0.08199999999987995,3.1166666666666667,5.910000000000082
entry,2014-02-28,-1,0.0480000000000018,0.047000000000025466,101,False,0.125,3.85,5.350000000000136
entry,2014-03-03,1,0.0499999999999545,0.010000000000218279,50,False,0.07599999999979445,1.3666666666666667,8.570000000000164
entry,2014-04-09,1,0.0170000000000527,0.032999999999901775,270,False,0.12000000000011823,1.6333333333333333,5.75
entry,2014-04-10,1,0.92899999999986,0.1430000000000291,101,False,0.13799999999991996,2.3,6.779999999999973
entry,2014-09-08,1,0.0230000000001382,0.0009999999999763531,150,False,0.07899999999995089,1.0833333333333333,5.729999999999791
entry,2015-03-13,1,0.1679999999998926,0.029999999999972715,101,False,0.0009999999999763531,1.7,7.8900000000001
entry,2015-04-01,-1,0.0340000000001055,0.08899999999994179,108,False,0.028999999999996362,4.75,6.230000000000018
entry,2015-06-18,1,0.0209999999999581,0.008000000000038199,51,False,-0.00200000000018008,0.5,4.150000000000091
entry,2015-07-06,-1,0.0019999999999527,0.009000000000014552,51,False,0.007999999999810825,0.95,6.820000000000164
entry,2015-11-13,1,0.0190000000000054,0.031000000000176442,51,False,-0.05100000000015825,2.3666666666666667,4.740000000000009
entry,2016-01-05,1,0.0509999999999308,0.04899999999997817,52,False,0.07799999999997453,0.6166666666666667,5.160000000000082
entry,2016-04-21,1,0.0609999999999217,0.1390000000001237,151,False,-0.03999999999996362,1.6166666666666667,7.8400000000001455
entry,2016-05-27,1,0.030999999999949,0.018000000000029104,101,False,0.08999999999991815,3.5666666666666664,11.509999999999993
entry,2016-06-06,-1,0.030999999999949,0.05899999999996908,52,False,-0.031000000000176442,1.7,7.870000000000118
entry,2016-08-19,-1,0.0009999999999763,0.02800000000002001,332,False,0.1089999999999236,5.4,7.0499999999999545
entry,2016-10-04,-1,0.0289999999999963,0.007999999999810825,101,False,0.11799999999993815,3.0833333333333335,5.039999999999964
entry,2016-12-15,-1,0.0509999999999308,0.008000000000038199,101,False,0.019000000000005457,5.3,9.61999999999989
entry,2017-01-03,1,0.0720000000001164,0.028999999999996362,50,False,0.06099999999992178,1.2,9.049999999999956
entry,2017-02-21,-1,0.00200000000018,0.007999999999810825,101,False,0.02200000000016189,3.7666666666666666,4.839999999999918
entry,2017-03-15,1,0.0009999999999763,0.009000000000014552,51,False,0.04899999999997817,2.15,5.019999999999982
entry,2017-05-16,1,0.0219999999999345,0.031000000000176442,51,False,0.09799999999995634,2.1666666666666665,4.820000000000164
entry,2017-09-27,-1,0.0079999999998108,0.00200000000018008,51,False,0.10199999999986176,4.25,5.540000000000191
entry,2017-10-02,-1,0.0319999999999254,0.057999999999992724,302,False,0.07199999999988904,0.6166666666666667,4.7000000000000455
entry,2017-11-06,1,0.0190000000000054,0.0019999999999527063,229,False,0.03199999999992542,1.2,4.569999999999936
entry,2018-02-26,1,0.0090000000000145,0.09200000000009823,155,False,0.08899999999994179,0.5333333333333333,10.980000000000018
entry,2018-05-10,1,0.0810000000001309,0.09999999999990905,303,False,0.0809999999999036,0.9666666666666667,4.619999999999891
entry,2018-05-14,-1,0.0210000000001855,0.018000000000029104,54,False,0.08799999999996544,6.683333333333334,3.559999999999945
entry,2018-05-22,-1,0.0019999999999527,0.038000000000010914,253,False,0.057999999999992724,0.6333333333333333,3.559999999999945
entry,2018-06-11,-1,0.418999999999869,0.028999999999996362,51,False,0.08799999999996544,1.1,2.810000000000173
entry,2018-09-21,1,0.0509999999999308,0.02800000000002001,102,False,0.08899999999994179,2.75,3.3299999999999272
entry,2019-01-25,1,0.0070000000000618,0.0029999999999290594,8633,False,0.0,0.65,3.038000000000011
entry,2019-02-06,1,0.0199999999999818,0.03000000000020009,11760,False,0.0,3.8333333333333335,3.0800000000001546
entry,2019-03-22,1,0.0,0.09300000000007458,4265,False,0.0,2.25,3.497000000000071
entry,2019-04-08,1,0.0169999999998253,0.03600000000005821,32494,False,0.0,0.13333333333333333,5.3400000000001455
entry,2019-04-24,1,0.0769999999999981,0.19400000000018736,101,False,0.0,3.8833333333333333,3.336999999999989
entry,2019-05-13,-1,0.0270000000000436,0.03300000000012915,50,False,0.0,0.2,5.033000000000129
entry,2019-05-27,1,0.0340000000001055,0.026000000000067303,6359,False,0.0,0.13333333333333333,3.613000000000056
entry,2019-09-25,-1,-0.0,0.008000000000038199,280,False,0.0,1.25,7.048000000000002
entry,2019-12-27,-1,0.002999999999929,0.08699999999998909,399,False,0.0,1.4333333333333333,4.789999999999964
entry,2020-04-07,-1,-0.0,0.17800000000011096,101,False,0.0,2.5833333333333335,18.82799999999997
entry,2020-04-14,-1,0.0499999999999545,0.19000000000005457,186,False,0.0,0.7666666666666667,11.720000000000027
entry,2020-05-11,-1,0.4099999999998545,0.17000000000007276,50,False,0.0,1.5,9.660000000000082
entry,2020-06-03,-1,0.0199999999999818,0.07300000000009277,101,False,0.0,3.8666666666666667,11.452999999999976
entry,2020-06-04,1,0.1269999999999527,0.09600000000000364,879,False,0.0,0.18333333333333332,7.940000000000055
entry,2020-07-06,1,0.0640000000000782,0.03600000000005821,50,False,0.0,2.6666666666666665,6.9500000000000455
entry,2020-09-02,-1,0.0030000000001564,0.306999999999789,51,False,0.0,3.4833333333333334,14.439999999999827
entry,2020-09-18,1,0.0070000000000618,0.009999999999990905,280,False,0.0,3.1,9.666999999999916
entry,2020-09-22,-1,0.0399999999999636,0.05700000000001637,101,False,0.0,2.3333333333333335,13.319999999999936
entry,2020-10-02,-1,0.0299999999999727,0.03700000000003456,51,False,0.0,0.9166666666666666,14.559999999999944
entry,2020-10-30,1,0.0070000000000618,0.04299999999989268,101,False,0.0,7.933333333333334,13.736999999999853
entry,2020-12-01,1,0.0139999999998963,0.10200000000008913,151,False,0.0,0.8833333333333333,10.288000000000013
entry,2020-12-03,1,0.2040000000001782,0.055999999999812644,101,False,0.0,2.45,11.019999999999982
entry,2021-01-05,1,0.0570000000000163,0.04299999999989268,50,False,0.0,2.3833333333333333,9.736999999999853
entry,2021-01-06,1,0.0139999999998963,0.17600000000015825,50,False,0.0,3.7666666666666666,13.873000000000047
entry,2021-02-03,-1,0.0579999999999927,0.041999999999916326,101,False,0.0,2.7666666666666666,8.38000000000011
entry,2021-02-18,1,0.043999999999869,0.028999999999996362,101,False,0.0,3.75,8.69600000000014
entry,2021-02-25,-1,0.0599999999999454,0.009999999999990905,1262,False,0.0,1.8,10.279999999999973
entry,2021-04-23,-1,0.0329999999999017,0.03899999999998727,51,False,0.0,1.5333333333333332,6.7970000000000255
entry,2021-04-26,1,0.0270000000000436,0.04299999999989268,101,False,0.0,1.5,9.059999999999944
entry,2021-04-28,-1,0.0099999999999909,0.05999999999994543,50,False,0.0,3.1,9.849999999999907
entry,2021-06-04,1,0.0339999999998781,0.021999999999934516,101,False,0.0,2.7333333333333334,16.712999999999965
entry,2021-07-13,-1,0.0299999999999727,0.028999999999996362,51,False,0.0,1.9333333333333333,6.339999999999918
entry,2021-07-16,-1,0.0099999999999909,0.029999999999972715,2065,False,0.0,1.2333333333333334,6.420000000000073
entry,2021-08-04,1,0.0039999999999054,0.003000000000156433,1119,False,0.0,2.6333333333333333,5.8530000000000655
entry,2022-05-27,1,0.058999999999969,0.28100000000017644,1589,False,0.0,3.216666666666667,8.485000000000127
entry,2022-07-07,1,0.0019999999999527,0.038000000000010914,50,False,0.0,0.25,10.506000000000084
entry,2022-08-30,-1,0.0229999999999108,0.02299999999991087,812,False,0.0,1.25,6.633000000000038
entry,2022-09-01,-1,0.0199999999999818,0.06999999999993634,152,False,0.0,4.3,9.044000000000096
entry,2022-10-24,-1,0.2110000000000127,0.14999999999986358,51,False,0.0,3.3,19.019999999999985
entry,2022-10-27,-1,0.0989999999999327,0.31999999999993634,74,False,0.0,2.7333333333333334,8.54099999999994
entry,2022-11-28,1,0.0349999999998544,0.06500000000005457,101,False,0.0,2.216666666666667,7.870000000000118
entry,2023-01-05,-1,0.0389999999999872,0.008000000000038199,101,False,0.0,2.8333333333333335,8.77800000000002
entry,2023-01-10,1,0.0099999999999909,0.04299999999989268,51,False,0.0,3.9333333333333336,8.170000000000073
entry,2023-01-18,-1,-0.0,0.016999999999825377,802,False,0.0,0.2833333333333333,13.006999999999834
entry,2023-08-18,1,0.0009999999999763,0.003000000000156433,51,False,0.0,6.233333333333333,5.960000000000036
entry,2023-08-24,1,0.0,0.01999999999998181,51,False,0.0,0.2,5.4500000000000455
entry,2023-09-04,1,0.0169999999998253,0.01999999999998181,766,False,0.0,2.0833333333333335,6.660000000000082
entry,2023-09-18,1,0.0,0.01999999999998181,7841,False,0.0,0.35,7.007000000000062
entry,2023-09-22,1,0.0270000000000436,0.19299999999998363,51,False,0.0,2.1,5.480000000000018
sl,2014-02-20,1,1.268000000000029,0.8899999999998727,51,False,0.11899999999991451,7.783333333333333,5.75
sl,2014-02-25,-1,0.0079999999998108,0.032000000000152795,51,False,0.19200000000000728,9.716666666666667,5.740000000000009
sl,2014-02-27,-1,1.009999999999991,0.14800000000013824,100,False,0.10999999999989996,5.083333333333333,5.910000000000082
sl,2014-04-09,1,0.0270000000000436,0.15299999999979264,252,False,0.18299999999999272,7.166666666666667,5.75
sl,2014-04-14,1,0.5769999999999982,0.11800000000016553,100,False,0.1169999999999618,5.166666666666667,4.680000000000064
sl,2014-04-16,-1,0.0380000000000109,0.10300000000006548,201,False,0.12599999999997635,4.1,8.150000000000091
sl,2014-06-11,1,0.2989999999997508,0.21800000000007458,327,False,0.12000000000011823,12.383333333333333,3.6000000000001364
sl,2015-01-08,-1,1.2009999999997945,0.052000000000134605,302,False,0.03099999999994907,9.9,9.400000000000093
sl,2015-02-25,1,0.1290000000001328,0.02800000000002001,302,False,-0.0009999999999763531,10.7,6.2999999999999545
sl,2015-03-31,-1,0.0079999999998108,0.04100000000016735,103,False,0.04099999999993997,8.25,6.160000000000082
sl,2015-04-09,-1,0.2400000000000091,0.18499999999994543,348,False,0.009000000000014552,8.35,6.369999999999891
sl,2015-07-08,-1,0.1720000000000254,0.13799999999991996,515,False,0.008000000000038199,7.3,5.029999999999973
sl,2016-01-13,-1,0.0109999999999672,0.08800000000019281,101,False,-0.16200000000003456,9.616666666666667,4.769999999999982
sl,2016-08-08,1,0.0109999999999672,0.14799999999991087,51,False,0.008000000000038199,3.9,6.3599999999999
sl,2016-09-12,1,0.2910000000001673,0.05799999999976535,137,False,0.049999999999954525,6.383333333333334,5.059999999999945
sl,2016-10-24,1,0.2980000000000018,0.10100000000011278,303,False,0.04800000000000182,7.85,4.319999999999936
sl,2017-08-01,1,0.0209999999999581,0.0019999999999527063,50,False,0.03899999999998727,5.083333333333333,3.559999999999945
sl,2017-08-02,-1,0.0389999999999872,0.038000000000010914,341,False,0.02800000000002001,10.95,6.009999999999991
sl,2017-08-08,1,0.96100000000024,0.4379999999996471,336,False,-0.07099999999991269,10.633333333333333,3.919999999999845
sl,2017-11-28,-1,0.0109999999999672,0.11100000000010368,286,False,0.08100000000013097,8.4,3.730000000000018
sl,2018-05-08,-1,0.1189999999999145,0.1410000000000764,202,False,0.15099999999983993,14.266666666666667,5.25
sl,2018-08-14,1,0.0689999999999599,0.009000000000014552,51,False,0.04800000000000182,13.116666666666667,3.8099999999999454
sl,2018-09-21,1,0.27800000000002,0.25900000000001455,101,False,0.06100000000014916,6.166666666666667,3.3299999999999272
sl,2018-12-06,-1,0.0850000000000363,0.19000000000005457,3759,False,0.057999999999992724,9.183333333333334,3.5
sl,2019-02-05,1,0.0130000000001473,0.016999999999825377,446,False,0.0,4.483333333333333,3.6469999999999354
sl,2019-04-10,1,0.0599999999999454,0.12000000000011823,276,False,0.0,8.566666666666666,3.980000000000018
sl,2019-04-26,1,2.309999999999945,1.196999999999889,78,False,0.0,8.5,3.5670000000000077
sl,2019-04-30,1,-0.0,0.03300000000012915,101,False,0.0,9.183333333333334,3.230000000000018
sl,2019-05-01,-1,0.0199999999999818,0.07000000000016371,50,False,0.0,9.583333333333334,4.230000000000018
sl,2019-05-13,-1,0.0369999999998071,0.013000000000147338,55,False,0.0,8.616666666666667,5.033000000000129
sl,2019-08-09,1,0.046999999999798,0.060000000000172804,103,False,0.0,8.316666666666666,8.870000000000118
sl,2019-09-04,-1,0.0049999999998817,0.03000000000020009,50,False,0.0,13.166666666666666,9.97700000000009
sl,2020-01-30,1,0.0130000000001473,0.1069999999999709,70,False,0.0,9.583333333333334,4.807000000000016
sl,2020-02-06,-1,0.0270000000000436,0.04299999999989268,50,False,0.0,1.8333333333333335,5.279999999999973
sl,2020-05-26,1,0.0670000000000072,0.04300000000012005,51,False,0.0,4.816666666666666,9.740000000000007
sl,2020-10-02,-1,0.0340000000001055,0.05600000000004002,101,False,0.0,1.7,14.559999999999944
sl,2020-12-21,1,0.2670000000000527,0.7929999999998927,51,False,0.0,4.783333333333333,17.166999999999916
sl,2021-04-12,-1,0.2829999999999018,0.20600000000013097,448,False,0.0,5.683333333333334,6.650000000000091
sl,2021-07-20,1,0.0299999999997453,0.040000000000190994,51,False,0.0,10.75,8.38000000000011
sl,2021-07-23,-1,0.0169999999998253,0.10300000000006548,101,False,0.0,3.8166666666666664,6.290000000000191
sl,2021-09-08,-1,0.0789999999999508,0.010000000000218279,101,False,0.0,3.5666666666666664,6.3900000000001
sl,2021-10-28,1,0.8700000000001182,0.05399999999985994,50,False,0.0,10.583333333333334,9.114000000000033
sl,2021-12-27,-1,0.0410000000001673,0.028999999999996362,50,False,0.0,10.3,5.25
sl,2022-09-07,-1,0.0279999999997926,0.032000000000152795,50,False,0.0,3.95,11.450000000000044
sl,2022-12-02,1,4.517000000000053,2.668999999999869,51,False,0.0,8.5,7.009999999999991
sl,2023-01-11,1,0.002999999999929,0.1570000000001528,51,False,0.0,9.766666666666667,6.477000000000089
sl,2023-04-17,1,0.4700000000000273,0.2400000000000091,142,False,0.0,9.766666666666667,10.90300000000002
sl,2023-07-25,1,-0.0,0.060000000000172804,102,False,0.0,7.416666666666667,10.259999999999993
sl,2023-07-31,-1,0.0009999999997489,0.03900000000021464,52,False,0.0,7.283333333333333,6.426000000000158
sl,2023-11-23,1,-0.0,0.08699999999998909,103,False,0.0,11.083333333333334,8.116999999999962
