n,avg_R,win_rate,PF,t_stat,trades_per_year,maxDD_R,L_n,L_avg,L_t,S_n,S_avg,S_t,yrs_pos,yrs_n,worst_yr,L,h,exmode,gross_avg,gross_t,gross_L,gross_S,med_width
1941,-0.2117,0.361,0.598,-9.23,244.5,415.7,1139,-0.2093,-7.03,802,-0.215,-5.97,0,8,-86.1,2,1,h+4,-0.0011,-0.05,0.0371,-0.0395,2.5299999999999727
1941,-0.1188,0.197,0.858,-2.02,244.5,280.5,1139,-0.2625,-4.44,802,0.0853,0.74,2,8,-83.2,2,1,21,0.0892,1.37,-0.016,0.1949,2.5299999999999727
1782,-0.1468,0.385,0.647,-7.17,224.4,261.6,1032,-0.1313,-4.78,750,-0.1681,-5.5,1,8,-54.1,2,2,h+4,0.031,1.41,0.0532,0.0075,2.977000000000089
1782,-0.0588,0.237,0.925,-1.13,224.4,137.6,1032,-0.0993,-1.56,750,-0.003,-0.03,3,8,-73.3,2,2,21,0.1257,2.2,0.0503,0.2057,2.977000000000089
1493,-0.1156,0.403,0.653,-6.32,188.0,177.0,880,-0.1003,-4.17,613,-0.1376,-4.89,0,8,-31.0,2,3,h+4,0.0419,2.13,0.0609,0.0207,3.4700000000000273
1493,-0.0145,0.283,0.98,-0.28,188.0,115.7,880,-0.0814,-1.29,613,0.0816,0.94,4,8,-36.5,2,3,21,0.2108,3.48,0.1364,0.294,3.4700000000000273
1525,-0.0723,0.436,0.826,-2.93,192.1,111.8,866,-0.1023,-3.29,659,-0.0328,-0.82,1,8,-39.1,2,4,h+4,0.1167,4.28,0.0665,0.166,2.900000000000091
1525,0.006,0.26,1.008,0.1,192.1,93.0,866,-0.0926,-1.36,659,0.1355,1.36,5,8,-65.8,2,4,21,0.2101,3.08,0.0049,0.4117,2.900000000000091
1862,-0.1382,0.366,0.757,-4.9,234.5,260.4,1064,-0.127,-3.43,798,-0.1531,-3.52,0,8,-63.8,2,5,h+4,0.1001,3.25,0.1153,0.085,2.295500000000061
1862,-0.0349,0.209,0.958,-0.59,234.5,94.6,1064,-0.0863,-1.2,798,0.0337,0.34,4,8,-38.8,2,5,21,0.246,3.59,0.1931,0.2987,2.295500000000061
1994,-0.1406,0.349,0.77,-4.63,251.1,290.2,1199,-0.1238,-3.03,795,-0.1659,-3.71,0,8,-62.4,2,6,h+4,0.0876,2.72,0.1243,0.0466,2.2939999999999827
1994,-0.0351,0.201,0.958,-0.6,251.1,147.6,1199,-0.0386,-0.51,795,-0.0299,-0.32,4,8,-79.2,2,6,21,0.209,3.19,0.251,0.1621,2.2939999999999827
1978,-0.1434,0.375,0.728,-5.64,249.1,291.4,1101,-0.1366,-3.96,877,-0.1518,-4.04,1,8,-65.3,2,7,h+4,0.0551,2.04,0.0588,0.0514,2.788499999999999
1978,-0.0447,0.24,0.943,-0.86,249.1,157.5,1101,-0.0347,-0.49,877,-0.0571,-0.76,3,8,-60.8,2,7,21,0.1538,2.76,0.1817,0.1263,2.788499999999999
1834,-0.0902,0.407,0.78,-4.04,231.0,172.6,982,-0.0802,-2.53,852,-0.1018,-3.25,1,8,-37.3,2,8,h+4,0.0445,1.93,0.0474,0.0416,3.519999999999982
1834,-0.0163,0.287,0.977,-0.34,231.0,105.0,982,-0.0091,-0.15,852,-0.0246,-0.34,3,8,-33.1,2,8,21,0.1085,2.19,0.1101,0.1069,3.519999999999982
1627,-0.0507,0.42,0.857,-2.25,204.9,96.8,898,-0.0491,-1.59,729,-0.0527,-1.6,1,8,-23.2,2,9,h+4,0.0681,2.92,0.0673,0.0688,4.019999999999982
1627,0.0182,0.33,1.029,0.41,204.9,59.2,898,-0.0265,-0.47,729,0.0734,1.05,5,8,-15.5,2,9,21,0.139,2.95,0.0932,0.1866,4.019999999999982
1680,-0.0635,0.403,0.867,-2.25,211.6,127.1,930,-0.0869,-2.51,750,-0.0344,-0.74,1,8,-31.0,2,10,h+4,0.072,2.26,0.0427,0.1019,3.8299999999999272
1680,-0.0289,0.315,0.956,-0.66,211.6,99.6,930,-0.0756,-1.35,750,0.0291,0.42,4,8,-27.6,2,10,21,0.0999,2.09,0.0484,0.1524,3.8299999999999272
1799,-0.0953,0.341,0.839,-2.58,226.6,206.5,1008,-0.1446,-3.23,791,-0.0324,-0.53,1,8,-57.5,2,11,h+4,0.0554,1.41,0.0086,0.1039,3.3600000000001273
1799,-0.0646,0.282,0.909,-1.39,226.6,160.8,1008,-0.0952,-1.57,791,-0.0255,-0.35,2,8,-62.0,2,11,21,0.0901,1.83,0.0721,0.1088,3.3600000000001273
1978,-0.1209,0.318,0.812,-3.42,249.1,248.5,1093,-0.1067,-2.16,885,-0.1384,-2.75,3,8,-74.9,2,12,h+4,0.0641,1.69,0.0535,0.0748,3.2700000000000955
1978,-0.121,0.275,0.83,-2.99,249.1,249.0,1093,-0.0926,-1.59,885,-0.1562,-2.84,2,8,-70.7,2,12,21,0.0665,1.53,0.0696,0.0635,3.2700000000000955
1995,-0.0769,0.346,0.872,-2.2,251.3,169.0,1095,-0.0449,-0.91,900,-0.1158,-2.35,1,8,-59.7,2,13,h+4,0.0615,1.68,0.0969,0.0254,3.8099999999999454
1995,-0.0906,0.312,0.861,-2.32,251.3,204.1,1095,-0.0515,-0.92,900,-0.1381,-2.61,1,8,-64.8,2,13,21,0.059,1.44,0.0975,0.0197,3.8099999999999454
1868,-0.0643,0.427,0.833,-3.01,235.3,136.7,978,-0.0549,-1.76,890,-0.0747,-2.57,1,8,-37.2,2,14,h+4,0.0264,1.21,0.0394,0.0137,5.838499999999954
1868,-0.0687,0.418,0.842,-2.87,235.3,145.3,978,-0.0554,-1.59,890,-0.0833,-2.56,1,8,-37.0,2,14,21,0.0163,0.67,0.035,-0.0017,5.838499999999954
1600,-0.0271,0.432,0.904,-1.42,201.6,72.0,832,0.0093,0.32,768,-0.0665,-2.73,3,8,-19.0,2,15,h+4,0.0401,2.06,0.0727,0.0078,6.665000000000077
1600,-0.0287,0.435,0.91,-1.35,201.6,71.1,832,0.0123,0.38,768,-0.0731,-2.72,3,8,-19.7,2,15,21,0.0387,1.78,0.0752,0.0026,6.665000000000077
1349,-0.0573,0.4,0.788,-3.14,170.0,81.2,748,-0.0613,-2.49,601,-0.0522,-1.92,1,8,-22.1,2,16,h+4,0.0276,1.45,0.0243,0.0311,6.339999999999918
1349,-0.0596,0.391,0.793,-3.03,170.0,87.9,748,-0.0703,-2.71,601,-0.0463,-1.54,1,8,-23.9,2,16,21,0.0271,1.32,0.0146,0.0406,6.339999999999918
1370,-0.0744,0.386,0.759,-3.5,172.8,104.7,766,-0.0909,-3.27,604,-0.0536,-1.63,0,8,-21.0,2,17,h+4,0.0328,1.41,0.0085,0.0589,5.31149999999991
1370,-0.0744,0.386,0.759,-3.5,172.8,104.7,766,-0.0909,-3.27,604,-0.0536,-1.63,0,8,-21.0,2,17,21,0.0328,1.41,0.0085,0.0589,5.31149999999991
1510,-0.2104,0.365,0.564,-8.93,190.2,326.7,887,-0.2015,-6.52,623,-0.2231,-6.12,0,8,-50.8,4,1,h+4,-0.0323,-1.31,0.0159,-0.0813,2.7950000000000728
1510,-0.1543,0.2,0.813,-2.58,190.2,269.3,887,-0.2313,-3.47,623,-0.0446,-0.41,2,8,-90.2,4,1,21,0.0436,0.66,0.0023,0.0855,2.7950000000000728
1651,-0.1317,0.4,0.641,-6.8,207.9,218.3,943,-0.1111,-4.21,708,-0.1591,-5.62,1,8,-42.9,4,2,h+4,0.0221,1.07,0.0466,-0.0035,3.459999999999809
1651,-0.089,0.26,0.88,-1.82,207.9,171.3,943,-0.1423,-2.42,708,-0.0181,-0.22,3,8,-71.6,4,2,21,0.0577,1.07,-0.0134,0.1321,3.459999999999809
1290,-0.116,0.384,0.585,-7.24,162.5,150.7,760,-0.0975,-4.82,530,-0.1425,-5.47,0,8,-25.0,4,3,h+4,0.0111,0.64,0.0349,-0.0153,4.330000000000041
1290,-0.0259,0.322,0.961,-0.52,162.5,71.8,760,-0.0869,-1.47,530,0.0616,0.72,3,8,-28.1,4,3,21,0.1161,2.09,0.0606,0.1775,4.330000000000041
1180,-0.0456,0.455,0.839,-2.28,148.6,61.0,682,-0.071,-2.82,498,-0.0107,-0.33,2,8,-16.3,4,4,h+4,0.074,3.39,0.0464,0.1022,4.340000000000032
1180,0.0611,0.341,1.096,1.14,148.6,42.1,682,-0.0023,-0.04,498,0.1478,1.62,6,8,-31.3,4,4,21,0.1616,2.68,0.0163,0.3104,4.340000000000032
1388,-0.0587,0.436,0.822,-2.86,174.8,90.9,804,-0.0635,-2.41,584,-0.0521,-1.6,1,8,-20.2,4,5,h+4,0.054,2.49,0.0463,0.0625,4.154999999999973
1388,0.055,0.339,1.086,1.1,174.8,41.3,804,0.0006,0.01,584,0.1299,1.53,6,8,-18.9,4,5,21,0.1785,3.3,0.0782,0.2883,4.154999999999973
1730,-0.0609,0.439,0.843,-2.76,217.9,108.8,970,-0.0442,-1.44,760,-0.0822,-2.62,1,8,-26.7,4,6,h+4,0.0708,3.06,0.09,0.0501,3.7569999999998345
1730,0.0389,0.32,1.058,0.82,217.9,58.9,970,0.0197,0.31,760,0.0634,0.89,5,8,-53.3,4,6,21,0.1805,3.57,0.1511,0.2119,3.7569999999998345
1885,-0.0998,0.41,0.76,-4.65,237.4,193.9,1023,-0.0965,-3.26,862,-0.1037,-3.34,1,8,-41.6,4,7,h+4,0.0519,2.31,0.0596,0.0443,3.6100000000001273
1885,-0.0567,0.29,0.92,-1.31,237.4,144.9,1023,-0.0633,-1.06,862,-0.0487,-0.79,2,8,-60.2,4,7,21,0.1182,2.55,0.1067,0.1294,3.6100000000001273
1714,-0.0784,0.425,0.779,-3.98,215.9,138.7,938,-0.0785,-2.89,776,-0.0783,-2.75,0,8,-29.0,4,8,h+4,0.037,1.82,0.0285,0.0458,4.079999999999927
1714,-0.0141,0.326,0.978,-0.33,215.9,72.7,938,-0.0138,-0.25,776,-0.0143,-0.22,4,8,-27.5,4,8,21,0.0984,2.21,0.0887,0.1086,4.079999999999927
1449,-0.0302,0.433,0.894,-1.55,182.5,54.0,795,-0.0335,-1.3,654,-0.0261,-0.89,2,8,-13.9,4,9,h+4,0.0737,3.65,0.0712,0.0763,4.940000000000055
1449,-0.001,0.362,0.998,-0.03,182.5,47.0,795,-0.0348,-0.68,654,0.04,0.65,4,8,-20.3,4,9,21,0.1,2.4,0.0662,0.1344,4.940000000000055
1347,-0.0015,0.447,0.996,-0.06,169.8,36.3,736,-0.016,-0.49,611,0.0159,0.36,4,8,-16.0,4,10,h+4,0.1001,3.51,0.0734,0.1268,5.240000000000009
1347,0.0247,0.379,1.046,0.61,169.8,32.0,736,-0.0143,-0.28,611,0.0715,1.14,4,8,-13.3,4,10,21,0.12,2.8,0.0816,0.1583,5.240000000000009
1432,-0.0112,0.427,0.972,-0.39,180.4,38.7,786,-0.0733,-2.1,646,0.0644,1.35,4,8,-18.3,4,11,h+4,0.0925,3.0,0.0267,0.1599,5.2205000000000155
1432,0.006,0.383,1.011,0.16,180.4,31.3,786,-0.052,-1.07,646,0.0765,1.33,4,8,-17.3,4,11,21,0.1109,2.83,0.0578,0.1653,5.2205000000000155
1794,-0.0394,0.399,0.916,-1.38,226.0,80.5,980,-0.0652,-1.69,814,-0.0084,-0.2,2,8,-40.1,4,12,h+4,0.0606,2.01,0.0265,0.0969,5.066500000000019
1794,-0.0536,0.364,0.903,-1.63,226.0,112.4,980,-0.0728,-1.58,814,-0.0305,-0.65,3,8,-41.2,4,12,21,0.0515,1.49,0.0201,0.0849,5.066500000000019
1905,-0.0271,0.396,0.943,-0.92,239.9,93.1,1046,-0.0268,-0.66,859,-0.0274,-0.65,2,8,-29.7,4,13,h+4,0.0707,2.35,0.0741,0.0671,5.160000000000082
1905,-0.042,0.37,0.921,-1.28,239.9,112.2,1046,-0.0357,-0.76,859,-0.0498,-1.09,2,8,-32.1,4,13,21,0.0619,1.83,0.0631,0.0606,5.160000000000082
1762,-0.0502,0.438,0.85,-2.59,221.9,111.0,913,-0.0347,-1.24,849,-0.0669,-2.52,1,8,-29.8,4,14,h+4,0.0273,1.39,0.046,0.0095,6.703500000000076
1762,-0.0524,0.422,0.864,-2.36,221.9,119.7,913,-0.0324,-1.01,849,-0.0739,-2.44,1,8,-32.7,4,14,21,0.0205,0.9,0.0458,-0.0038,6.703500000000076
1460,-0.0255,0.433,0.896,-1.48,183.9,47.2,757,0.0086,0.33,703,-0.0622,-2.77,1,8,-17.7,4,15,h+4,0.0404,2.28,0.0699,0.0117,7.7215000000001055
1460,-0.02,0.444,0.927,-1.03,183.9,41.4,757,0.0167,0.57,703,-0.0596,-2.34,2,8,-11.2,4,15,21,0.0448,2.23,0.0755,0.0148,7.7215000000001055
1079,-0.0432,0.399,0.792,-2.64,136.0,49.0,602,-0.0403,-1.73,477,-0.0468,-2.09,1,8,-14.9,4,16,h+4,0.0131,0.76,0.0135,0.0125,8.579999999999927
1079,-0.0477,0.396,0.787,-2.74,136.0,56.3,602,-0.0493,-1.99,477,-0.0457,-1.89,1,8,-13.6,4,16,21,0.0106,0.58,0.007,0.0146,8.579999999999927
915,-0.0415,0.402,0.794,-2.35,115.4,39.4,507,-0.0455,-1.85,408,-0.0365,-1.45,2,8,-8.4,4,17,h+4,0.0134,0.73,0.0049,0.0227,8.799999999999955
915,-0.0415,0.402,0.794,-2.35,115.4,39.4,507,-0.0455,-1.85,408,-0.0365,-1.45,2,8,-8.4,4,17,21,0.0134,0.73,0.0049,0.0227,8.799999999999955
1259,-0.1628,0.385,0.548,-8.16,158.6,207.9,720,-0.1429,-5.28,539,-0.1895,-6.45,0,8,-34.5,6,1,h+4,-0.0367,-1.76,-0.0034,-0.0725,3.9400000000000546
1259,-0.1579,0.248,0.788,-2.95,158.6,218.4,720,-0.18,-2.86,539,-0.1283,-1.38,1,8,-72.9,6,1,21,-0.028,-0.48,-0.0642,0.0109,3.9400000000000546
1227,-0.1337,0.396,0.579,-7.32,154.5,164.5,698,-0.108,-4.34,529,-0.1677,-6.28,0,8,-32.2,6,2,h+4,-0.011,-0.57,0.0222,-0.0464,3.959999999999809
1227,-0.1499,0.271,0.792,-3.06,154.5,188.1,698,-0.1782,-2.92,529,-0.1127,-1.41,1,8,-51.4,6,2,21,-0.0335,-0.63,-0.0721,0.0076,3.959999999999809
1254,-0.1119,0.387,0.582,-7.14,157.9,141.3,739,-0.0876,-4.47,515,-0.1468,-5.7,0,8,-23.0,6,3,h+4,0.0073,0.43,0.0349,-0.0235,4.4950000000000045
1254,-0.0335,0.333,0.948,-0.71,157.9,88.4,739,-0.0732,-1.25,515,0.0234,0.3,3,8,-27.9,6,3,21,0.1108,2.09,0.0841,0.1405,4.4950000000000045
1096,-0.0507,0.456,0.808,-2.66,138.0,62.1,642,-0.0662,-2.78,454,-0.0289,-0.92,2,8,-17.6,6,4,h+4,0.0608,2.93,0.0433,0.079,4.6749999999999545
1096,0.0443,0.358,1.073,0.85,138.0,35.7,642,-0.0327,-0.54,454,0.1533,1.66,5,8,-27.9,6,4,21,0.1356,2.29,-0.0207,0.2987,4.6749999999999545
1224,-0.0524,0.435,0.813,-2.76,154.2,71.9,723,-0.0597,-2.48,501,-0.0419,-1.36,1,8,-20.5,6,5,h+4,0.0519,2.57,0.0408,0.0648,4.916999999999916
1224,0.0196,0.361,1.033,0.42,154.2,40.0,723,-0.0466,-0.86,501,0.1152,1.37,5,8,-29.0,6,5,21,0.1072,2.1,0.0083,0.222,4.916999999999916
1517,-0.0528,0.448,0.824,-2.93,191.1,84.0,853,-0.0404,-1.68,664,-0.0686,-2.54,0,8,-15.4,6,6,h+4,0.0433,2.31,0.0495,0.0364,4.9500000000000455
1517,0.0266,0.372,1.046,0.65,191.1,53.8,853,0.0243,0.45,664,0.0297,0.46,6,8,-35.6,6,6,21,0.1224,2.78,0.1062,0.1405,4.9500000000000455
1632,-0.0764,0.431,0.748,-4.47,205.5,127.7,871,-0.0636,-2.64,761,-0.0912,-3.76,0,8,-25.0,6,7,h+4,0.012,0.68,0.0201,0.004,5.009999999999991
1632,0.0012,0.368,1.002,0.03,205.5,58.7,871,-0.0166,-0.32,761,0.0215,0.38,2,8,-32.1,6,7,21,0.1107,2.71,0.0971,0.1243,5.009999999999991
1530,-0.0602,0.433,0.79,-3.43,192.7,96.3,833,-0.0664,-2.74,697,-0.0528,-2.08,0,8,-18.7,6,8,h+4,0.0267,1.48,0.015,0.0392,5.110000000000127
1530,0.0037,0.371,1.007,0.09,192.7,43.0,833,-0.0353,-0.72,697,0.0503,0.78,5,8,-21.5,6,8,21,0.0811,1.96,0.0273,0.1387,5.110000000000127
1339,-0.0203,0.444,0.921,-1.11,168.6,38.8,727,-0.0221,-0.89,612,-0.0183,-0.67,2,8,-10.3,6,9,h+4,0.0744,3.95,0.0761,0.0726,5.470000000000027
1339,-0.0031,0.388,0.994,-0.08,168.6,40.1,727,-0.0465,-0.98,612,0.0485,0.84,4,8,-15.7,6,9,21,0.0953,2.42,0.0484,0.1423,5.470000000000027
1270,0.0012,0.454,1.004,0.05,160.1,28.1,690,-0.008,-0.25,580,0.0121,0.31,4,8,-10.2,6,10,h+4,0.0967,3.66,0.0856,0.1076,5.759999999999991
1270,0.0173,0.394,1.034,0.45,160.1,30.7,690,-0.0107,-0.21,580,0.0506,0.86,5,8,-7.7,6,10,21,0.1117,2.74,0.0942,0.1289,5.759999999999991
1316,-0.0189,0.436,0.948,-0.71,165.7,45.0,718,-0.0629,-1.93,598,0.0339,0.77,3,8,-21.2,6,11,h+4,0.0719,2.53,0.0323,0.112,5.95150000000001
1316,-0.0008,0.402,0.998,-0.02,165.7,33.2,718,-0.0395,-0.84,598,0.0456,0.85,4,8,-15.2,6,11,21,0.0826,2.23,0.0517,0.114,5.95150000000001
1649,-0.0203,0.42,0.949,-0.77,207.7,50.8,872,-0.0545,-1.55,777,0.018,0.46,4,8,-39.3,6,12,h+4,0.0531,1.94,0.0282,0.0778,6.192999999999984
1649,-0.0179,0.398,0.962,-0.59,207.7,43.8,872,-0.0489,-1.16,777,0.017,0.39,4,8,-26.3,6,12,21,0.0585,1.85,0.0318,0.0851,6.192999999999984
1753,-0.0216,0.419,0.945,-0.87,220.8,64.1,949,-0.0353,-1.04,804,-0.0055,-0.15,2,8,-22.9,6,13,h+4,0.0513,2.0,0.0454,0.0575,6.5
1753,-0.0389,0.398,0.914,-1.4,220.8,84.0,949,-0.0604,-1.56,804,-0.0136,-0.34,2,8,-26.4,6,13,21,0.0356,1.24,0.0195,0.0525,6.5
1621,-0.0398,0.443,0.862,-2.26,204.2,89.6,845,-0.0216,-0.84,776,-0.0596,-2.49,2,8,-22.5,6,14,h+4,0.028,1.56,0.0481,0.0084,7.9500000000000455
1621,-0.047,0.434,0.861,-2.3,204.2,102.7,845,-0.0218,-0.73,776,-0.0744,-2.69,1,8,-25.2,6,14,21,0.0166,0.79,0.0419,-0.008,7.9500000000000455
1344,-0.0219,0.432,0.902,-1.32,169.4,41.4,699,0.0043,0.18,645,-0.0503,-2.28,3,8,-11.4,6,15,h+4,0.0306,1.82,0.0528,0.0082,8.620000000000005
1344,-0.0132,0.447,0.948,-0.69,169.4,32.1,699,0.0209,0.73,645,-0.0502,-1.99,3,8,-9.0,6,15,21,0.0398,2.04,0.0698,0.0096,8.620000000000005
1003,-0.0389,0.402,0.8,-2.44,126.7,41.6,554,-0.0269,-1.17,449,-0.0536,-2.49,2,8,-10.9,6,16,h+4,0.0134,0.81,0.0244,0.0012,9.269999999999982
1003,-0.0431,0.392,0.793,-2.53,126.7,47.8,554,-0.0308,-1.26,449,-0.0584,-2.52,2,8,-10.9,6,16,21,0.01,0.56,0.0213,-0.0025,9.269999999999982
839,-0.0349,0.405,0.808,-2.06,105.9,30.8,459,-0.0289,-1.21,380,-0.0422,-1.76,1,8,-8.3,6,17,h+4,0.0137,0.77,0.0154,0.012,10.0
839,-0.0349,0.405,0.808,-2.06,105.9,30.8,459,-0.0289,-1.21,380,-0.0422,-1.76,1,8,-8.3,6,17,21,0.0137,0.77,0.0154,0.012,10.0
