slot,abs1m,drift1m,n,abs5m_sum,time
0,0.16860749584108084,0.006011351404246708,10219,0.8430374792054042,00:00
1,0.1482291932163505,-0.0034104499558873873,10201,0.7411459660817525,00:05
2,0.14964507899126586,0.0033355902266709427,10191,0.7482253949563293,00:10
3,0.1463861162859108,-0.0011308951858023171,10199,0.731930581429554,00:15
4,0.14053049380287103,0.004500786936848619,10166,0.7026524690143552,00:20
5,0.1382233562316,0.0010873405299311643,10190,0.691116781158,00:25
6,0.14847054794520584,0.003066829745596587,10220,0.7423527397260292,00:30
7,0.1377294440093978,0.00031773688332004633,10216,0.688647220046989,00:35
8,0.14145102461025566,0.004096185900579072,10199,0.7072551230512782,00:40
9,0.1473713587487778,0.0005011730205271212,10230,0.736856793743889,00:45
10,0.14863361984762705,-0.0019307481930058966,10238,0.7431680992381352,00:50
11,0.15427784279305848,0.00266890969377779,10254,0.7713892139652924,00:55
12,0.28648990095164145,-0.008178772577199359,10298,1.4324495047582073,01:00
13,0.21655414198310224,0.0036608720986699705,10297,1.0827707099155113,01:05
14,0.19585662943176252,0.0005464788732392356,10295,0.9792831471588126,01:10
15,0.20065133689839595,0.001768692270296065,10285,1.0032566844919797,01:15
16,0.1875009240346265,0.0007010018480691538,10281,0.9375046201731325,01:20
17,0.17569790250534081,0.0009171683822103083,10298,0.878489512526704,01:25
18,0.1870363177315966,-0.0018770635074763782,10298,0.935181588657983,01:30
19,0.17605184969414445,0.0005470434022716251,10299,0.8802592484707222,01:35
20,0.16914915517576315,-0.000436589629054349,10298,0.8457457758788157,01:40
21,0.17231699029126277,0.005328446601941729,10300,0.8615849514563139,01:45
22,0.17784576583567535,-0.0012166068483845454,10309,0.8892288291783768,01:50
23,0.17426955930887153,0.007425063094544588,10302,0.8713477965443577,01:55
24,0.29422373144464903,0.0007263025128554834,10307,1.471118657223245,02:00
25,0.22273532550693784,-0.0009181139031729287,10307,1.1136766275346892,02:05
26,0.1994381488308917,0.002863393810032186,10307,0.9971907441544585,02:10
27,0.2004864209505336,0.004908147429679995,10310,1.002432104752668,02:15
28,0.18891969314430168,0.004106719751407682,10298,0.9445984657215084,02:20
29,0.1779420388349525,-0.0015288349514554125,10300,0.8897101941747625,02:25
30,0.21088504854368884,0.003137669902911891,10300,1.0544252427184442,02:30
31,0.18891807416035566,0.00033605125218452643,10302,0.9445903708017783,02:35
32,0.1780632948257468,6.737209979577924e-05,10301,0.8903164741287339,02:40
33,0.17695796932634522,0.0029979615608619675,10302,0.8847898466317261,02:45
34,0.1705317868581975,0.005376395224691332,10303,0.8526589342909875,02:50
35,0.16741504854368922,-0.004937961165047538,10300,0.837075242718446,02:55
36,0.1839576057431103,-0.005731373690338413,10308,0.9197880287155514,03:00
37,0.16765755018911846,-0.0010890311318002435,10311,0.8382877509455923,03:05
38,0.1575586808923375,0.0018880698351104292,10310,0.7877934044616874,03:10
39,0.15110533980582627,0.006926893203883692,10300,0.7555266990291314,03:15
40,0.14368864077669988,0.0033705825242728036,10300,0.7184432038834994,03:20
41,0.1420905737307052,0.0011879429181627411,10301,0.710452868653526,03:25
42,0.15587345948568704,-0.0028256186317316555,10305,0.7793672974284351,03:30
43,0.14539730018452035,-0.0054930562299702595,10297,0.7269865009226018,03:35
44,0.14097939947527127,-0.0018065299776503859,10291,0.7048969973763564,03:40
45,0.13771922665889366,-0.0025234625473625656,10293,0.6885961332944683,03:45
46,0.13287557066537314,-0.0018715881495869602,10295,0.6643778533268657,03:50
47,0.1358745752839527,0.001500825162605664,10301,0.6793728764197635,03:55
48,0.14658774400310803,-0.002245702631834981,10297,0.7329387200155402,04:00
49,0.1385121927523557,-0.0022370543087538155,10293,0.6925609637617786,04:05
50,0.13355892648774756,0.004951964216259055,10284,0.6677946324387378,04:10
51,0.13334736535096145,-0.0025515263464911606,10286,0.6667368267548073,04:15
52,0.12797008256435144,-0.0008897523069444644,10295,0.6398504128217573,04:20
53,0.12326719190740162,0.0015910903608598334,10281,0.6163359595370081,04:25
54,0.12931993772501607,0.001371898413933689,10277,0.6465996886250803,04:30
55,0.1209583859990277,-0.0003265921244521069,10285,0.6047919299951385,04:35
56,0.11625549503987645,-0.0006945146858592542,10282,0.5812774751993822,04:40
57,0.11718099591519279,0.0016754522466447409,10282,0.585904979575964,04:45
58,0.11444986845951542,-0.001111663256358177,10263,0.5722493422975771,04:50
59,0.1155147773672944,-0.002644273770172593,10286,0.577573886836472,04:55
60,0.12775590321640257,-0.004908366533865464,10291,0.6387795160820129,05:00
61,0.11685782405605258,-3.2016348773527406e-05,10276,0.5842891202802629,05:05
62,0.11830907675843887,0.0033543146220455693,10279,0.5915453837921943,05:10
63,0.11356935938563352,0.0020610479245644986,10287,0.5678467969281676,05:15
64,0.11313751460849257,-0.0005099337748338936,10268,0.5656875730424629,05:20
65,0.1156838414337194,-0.001020356481932925,10267,0.578419207168597,05:25
66,0.1689197476952941,-0.0008910237748661519,10305,0.8445987384764706,05:30
67,0.14108975230694457,0.00378989800874134,10295,0.7054487615347228,05:35
68,0.13811013986014006,-0.0012898212898206246,10296,0.6905506993007003,05:40
69,0.13927406975614717,0.0017034878072473007,10293,0.6963703487807359,05:45
70,0.1338974458580178,0.004636884529474879,10297,0.669487229290089,05:50
71,0.13664202448027796,0.0008973188265007275,10294,0.6832101224013898,05:55
72,0.1610516204152901,-0.0029573064234421536,10306,0.8052581020764504,06:00
73,0.15169116504854407,-0.0025107766990303064,10300,0.7584558252427204,06:05
74,0.14967382015925454,0.0016889687317930917,10298,0.7483691007962727,06:10
75,0.15033757405069567,0.010644653782655314,10297,0.7516878702534784,06:15
76,0.14385006797436362,0.001315789473683897,10298,0.7192503398718181,06:20
77,0.14523256716128216,-0.0015780234700807792,10311,0.7261628358064108,06:25
78,0.2077340384242199,0.0039436250727734315,10306,1.0386701921210995,06:30
79,0.18213674716322387,0.0037839200853457765,10311,0.9106837358161193,06:35
80,0.1777840225198987,0.004303533294506189,10302,0.8889201125994934,06:40
81,0.1778309244349596,0.00572402754874384,10309,0.889154622174798,06:45
82,0.1768791230112536,-0.003916569654637557,10308,0.8843956150562681,06:50
83,0.17280209647675313,-0.004240900708531183,10303,0.8640104823837657,06:55
84,0.24855698778832977,-0.017011339406862027,10318,1.2427849389416488,07:00
85,0.21520895522388084,0.0019176196937394328,10318,1.0760447761194043,07:05
86,0.2103252253125293,-0.0026905707917436626,10319,1.0516261265626465,07:10
87,0.2106352268321067,0.008064075222954575,10316,1.0531761341605335,07:15
88,0.21223897664502445,-0.006116484155441175,10319,1.0611948832251223,07:20
89,0.2024817794146143,-0.0006056406280288003,10318,1.0124088970730714,07:25
90,0.22341273379203452,5.814516910636197e-07,10319,1.1170636689601725,07:30
91,0.21382226959976686,-0.004111251090221897,10319,1.0691113479988343,07:35
92,0.2090781083438316,-0.002990115321251444,10319,1.045390541719158,07:40
93,0.21104206649219823,-0.0019479499854617474,10317,1.0552103324609912,07:45
94,0.21060645411377077,0.0051202635914335,10319,1.053032270568854,07:50
95,0.2133434137830774,-0.0026302219637487742,10317,1.0667170689153869,07:55
96,0.29345246632425726,0.005405562554511248,10319,1.4672623316212863,08:00
97,0.25375649476541307,-0.005200271423032664,10316,1.2687824738270654,08:05
98,0.240906474122892,0.006883213801123892,10318,1.20453237061446,08:10
99,0.2352851744186038,-0.0023960271317828,10320,1.176425872093019,08:15
100,0.22933317177200274,0.002004749903063317,10316,1.1466658588600138,08:20
101,0.22638111854221193,-0.004328777745468586,10317,1.1319055927110597,08:25
102,0.2375175421593332,0.00697867803837965,10318,1.1875877107966661,08:30
103,0.2205176858222688,0.006382013761023773,10319,1.102588429111344,08:35
104,0.21558207364340964,0.003118895348836891,10320,1.077910368217048,08:40
105,0.2175533481926546,0.002252834576993681,10319,1.087766740963273,08:45
106,0.21524706794610912,-0.004780653290685398,10317,1.0762353397305455,08:50
107,0.2058571428571429,-0.0037270788912579424,10318,1.0292857142857146,08:55
108,0.2321373062015512,-0.002207655038759306,10320,1.160686531007756,09:00
109,0.21106986434108263,-0.0009320736434107343,10320,1.055349321705413,09:05
110,0.20773759208995882,-0.001481097324544463,10316,1.038687960449794,09:10
111,0.20147009209888606,0.0018918080465341856,10315,1.0073504604944303,09:15
112,0.200901443938366,0.0040513615660430265,10319,1.00450721969183,09:20
113,0.19156612371533732,-0.011634574364940793,10314,0.9578306185766866,09:25
114,0.20814450474898344,0.00242110874200433,10318,1.0407225237449171,09:30
115,0.2016338956757819,0.0024203994570483793,10314,1.0081694783789095,09:35
116,0.19258519092847298,0.0030943981391742914,10318,0.962925954642365,09:40
117,0.1938637905962203,0.0004402326708681035,10315,0.9693189529811015,09:45
118,0.19160151177439713,0.004618276964821198,10319,0.9580075588719856,09:50
119,0.18739100077579524,0.0032505818463928813,10312,0.9369550038789762,09:55
120,0.20920248134147565,0.0030630997382962454,10317,1.0460124067073782,10:00
121,0.19275261729352597,-0.002798953082589889,10316,0.9637630864676299,10:05
122,0.1914493020550605,-0.0003289065529280231,10316,0.9572465102753025,10:10
123,0.18428169833268684,-0.003326483132996473,10316,0.9214084916634342,10:15
124,0.18690462343704728,0.001901424832799656,10317,0.9345231171852364,10:20
125,0.1920315983328505,-0.01909179024910349,10317,0.9601579916642524,10:25
126,0.24089999030913736,-0.007280647349549234,10319,1.204499951545687,10:30
127,0.18274544397053144,0.011118069018999938,10316,0.9137272198526571,10:35
128,0.17740335401318444,0.007749612252811205,10316,0.8870167700659222,10:40
129,0.17842387828277922,0.0008849694737860273,10319,0.8921193914138961,10:45
130,0.18037579988365277,0.0033108396354465156,10314,0.9018789994182639,10:50
131,0.17823223116455011,-0.008059633472316464,10313,0.8911611558227506,10:55
132,0.1996259208995735,-0.0016784606436597437,10316,0.9981296044978676,11:00
133,0.1818609361372227,0.0011170656071317953,10319,0.9093046806861136,11:05
134,0.18108542616115586,0.0055368951808402985,10313,0.9054271308057793,11:10
135,0.18192197344189287,-0.002905205001453907,10317,0.9096098672094644,11:15
136,0.17678629579375946,0.00024084124830359464,10318,0.8839314789687973,11:20
137,0.1744593992248056,0.00204001937984495,10320,0.872296996124028,11:25
138,0.18708888242706234,-0.0018011049723758111,10317,0.9354444121353117,11:30
139,0.18413872720217322,0.001028133488552532,10308,0.9206936360108662,11:35
140,0.18075278828435526,-0.0007737367859568839,10311,0.9037639414217763,11:40
141,0.1880493456131848,0.0005627726611731874,10315,0.9402467280659239,11:45
142,0.19517815256372975,-0.0035205001453908293,10317,0.9758907628186487,11:50
143,0.19428214077952424,-0.007961217762264824,10314,0.9714107038976212,11:55
144,0.2429501937984469,0.006349224806201694,10320,1.2147509689922344,12:00
145,0.21114762043229568,-0.004153920713385542,10317,1.0557381021614785,12:05
146,0.2126901531304511,0.002856852103120041,10318,1.0634507656522554,12:10
147,0.21849525009693763,0.0028494571539358967,10316,1.092476250484688,12:15
148,0.22558538476449,-0.0036003101376234957,10318,1.12792692382245,12:20
149,0.21209644276437095,-0.004514781428710333,10317,1.0604822138218548,12:25
150,0.24170088203935233,-0.004513715227294446,10317,1.2085044101967617,12:30
151,0.2222949103247706,0.0067881725642270066,10315,1.1114745516238531,12:35
152,0.22534997092459647,-0.006219519286683378,10318,1.1267498546229824,12:40
153,0.23983008626538804,-0.0031948240767668556,10317,1.1991504313269403,12:45
154,0.2324383176664409,0.008706366896017465,10319,1.1621915883322045,12:50
155,0.23310071733229967,-0.006217235362544343,10316,1.1655035866614984,12:55
156,0.33901153659718675,0.006103926320892764,10315,1.6950576829859338,13:00
157,0.2894009694619487,-0.0018133785748911488,10315,1.4470048473097434,13:05
158,0.29065803761877085,0.004306476633702132,10314,1.4532901880938542,13:10
159,0.32724209811906274,0.007703218925731466,10314,1.6362104905953136,13:15
160,0.4132795928259799,0.0014211342704796295,10315,2.0663979641298997,13:20
161,0.3297132331555986,-0.012759282598157876,10315,1.6485661657779929,13:25
162,0.56745642268541,0.007645855550170314,10315,2.83728211342705,13:30
163,0.39948385845855483,0.003027241880755905,10315,1.9974192922927743,13:35
164,0.36998187106156094,-0.006664178380998434,10315,1.8499093553078048,13:40
165,0.35949825479930125,-0.0015017452006984803,10314,1.7974912739965063,13:45
166,0.33932942317014164,1.638390693159615e-05,10315,1.6966471158507082,13:50
167,0.3310295628574203,-0.001544441213530864,10317,1.6551478142871014,13:55
168,0.42142877906976783,0.00819932170542644,10320,2.1071438953488393,14:00
169,0.36563566792599034,-0.011026348929574542,10323,1.8281783396299516,14:05
170,0.3494939455584615,0.0018143950402014716,10323,1.7474697277923077,14:10
171,0.34660765503875984,-0.0004999031007756227,10320,1.7330382751937992,14:15
172,0.32799718992248084,0.003190019379845054,10320,1.639985949612404,14:20
173,0.30526528437166867,0.003940606530374374,10321,1.5263264218583434,14:25
174,0.43214159806295294,-0.004590605326875491,10325,2.160707990314765,14:30
175,0.4083298789346255,0.0009991283292973172,10325,2.0416493946731276,14:35
176,0.3924488135593218,-0.0027757869249395413,10325,1.962244067796609,14:40
177,0.3956697016660201,7.148392096137989e-05,10324,1.9783485083301007,14:45
178,0.37475811295166134,-0.0032296812941974592,10323,1.8737905647583066,14:50
179,0.35596697336561806,-0.027864116222760565,10325,1.7798348668280903,14:55
180,0.48894711352189085,-0.009561797752808913,10324,2.444735567609454,15:00
181,0.3875974818401926,0.010079031476997935,10325,1.937987409200963,15:05
182,0.37383042635658936,0.004888178294572996,10320,1.869152131782947,15:10
183,0.35893384347152263,0.0006025765207284443,10324,1.794669217357613,15:15
184,0.3514668152310819,0.008747311307043842,10321,1.7573340761554097,15:20
185,0.3371919945725933,-0.002607966660205168,10318,1.6859599728629666,15:25
186,0.35324580788989063,0.0014138800038772492,10317,1.766229039449453,15:30
187,0.33800533152384615,-0.007319212873206746,10316,1.6900266576192307,15:35
188,0.32633850179280877,-0.0016083922860748029,10319,1.631692508964044,15:40
189,0.3253892227175814,-0.00398526846287982,10318,1.626946113587907,15:45
190,0.3148300387596877,0.004653294573643206,10320,1.5741501937984383,15:50
191,0.3259696705426373,0.004759205426357119,10320,1.6298483527131866,15:55
192,0.333908430232558,0.005978972868216457,10320,1.6695421511627901,16:00
193,0.3042735465116265,0.00487393410852724,10320,1.5213677325581325,16:05
194,0.29504970930232644,-0.0007016472868222989,10320,1.475248546511632,16:10
195,0.29047824401589306,0.0014200019381730767,10319,1.4523912200794653,16:15
196,0.2766809108527139,0.004860174418604093,10320,1.3834045542635696,16:20
197,0.27291579457364157,0.0038719961240317627,10320,1.3645789728682078,16:25
198,0.2718984397712964,-0.00043763930613463124,10319,1.359492198856482,16:30
199,0.258438208781623,-0.002652806048269904,10317,1.292191043908115,16:35
200,0.2531841799146957,-0.0026488949205119385,10316,1.2659208995734785,16:40
201,0.24212613922823292,0.004524432809773319,10314,1.2106306961411646,16:45
202,0.23271136319565516,0.004635156098507172,10314,1.1635568159782759,16:50
203,0.23865245202558694,-0.004886605931381969,10318,1.1932622601279346,16:55
204,0.25617490310077584,0.003285562015503604,10320,1.2808745155038792,17:00
205,0.22515300387596945,-0.005043507751938027,10320,1.1257650193798472,17:05
206,0.22479342768514823,-0.002559616130283141,10316,1.1239671384257413,17:10
207,0.22596558076400872,-0.0008500096955593948,10314,1.1298279038200436,17:15
208,0.21778305544784726,-0.004027530050407774,10316,1.0889152772392363,17:20
209,0.2133206669251646,-0.0034145017448617703,10316,1.066603334625823,17:25
210,0.21551933326872658,-0.001931970152146474,10319,1.077596666343633,17:30
211,0.20690655292748902,-0.0006159364094609252,10316,1.0345327646374451,17:35
212,0.2028851521612726,-0.001833010273308914,10318,1.014425760806363,17:40
213,0.21009963171157306,0.00012037216514825882,10318,1.0504981585578652,17:45
214,0.19904342347581722,-0.00036066686052162406,10317,0.995217117379086,17:50
215,0.2073565681047019,0.0001387300048477545,10315,1.0367828405235096,17:55
216,0.2535088447475053,0.0010188753829425013,10119,1.2675442237375265,18:00
217,0.21941360530745566,-0.00013070601049554206,10099,1.0970680265372783,18:05
218,0.21245651743264832,0.0028313193343898384,10096,1.0622825871632415,18:10
219,0.21249667559789595,-0.003328470775032539,10077,1.0624833779894798,18:15
220,0.2314323009728009,-0.003416021441333948,10074,1.1571615048640045,18:20
221,0.2696619047619052,0.0028486111111100452,10080,1.348309523809526,18:25
222,0.24276551792630707,0.00024987585659012694,10069,1.2138275896315354,18:30
223,0.1989488783005754,0.004308417708953993,10074,0.994744391502877,18:35
224,0.19518189046814585,-0.0050594374316672635,10061,0.9759094523407292,18:40
225,0.19172360403556074,-0.001221156727599018,10011,0.9586180201778037,18:45
226,0.18986082525726833,0.0032449795184336183,10009,0.9493041262863416,18:50
227,0.19140413421210364,0.00027271819452704765,10014,0.9570206710605182,18:55
228,0.2672472055888215,0.0006324351297406086,10020,1.3362360279441075,19:00
229,0.2214839612271413,0.0002120515639053643,10007,1.1074198061357066,19:05
230,0.20592203898050976,0.001251374312843281,10005,1.0296101949025487,19:10
231,0.203197502497502,-0.0015321678321677174,10010,1.0159875124875102,19:15
232,0.19894985014985,0.0006919080919084938,10010,0.99474925074925,19:20
233,0.1900901827624086,0.004106161989413741,10013,0.950450913812043,19:25
234,0.20244719752222956,0.0036782895394139622,10009,1.0122359876111477,19:30
235,0.19601420426127775,-0.00431609482844823,9997,0.9800710213063888,19:35
236,0.19626297889366806,0.005002200660198179,9997,0.9813148944683403,19:40
237,0.18789954018392702,-0.0060786685325875485,10004,0.939497700919635,19:45
238,0.18633270000000124,0.0009339000000002216,10000,0.9316635000000062,19:50
239,0.20372886268239007,0.0013183090145916575,10006,1.0186443134119503,19:55
240,0.21329946043165496,-0.005277877697841241,10008,1.0664973021582749,20:00
241,0.17972018394481706,6.368089573018391e-05,10003,0.8986009197240853,20:05
242,0.1715856171234247,0.001573614722944652,9998,0.8579280856171235,20:10
243,0.16956931238114395,-0.0039230307276542,9991,0.8478465619057197,20:15
244,0.16110038030424279,-0.00104593674939959,9992,0.8055019015212139,20:20
245,0.15842630000000169,0.0005800999999997884,10000,0.7921315000000084,20:25
246,0.17273767535070056,-0.0037519038076149302,9980,0.8636883767535029,20:30
247,0.16366696687681395,0.0009724807365155911,9993,0.8183348343840697,20:35
248,0.16670493444099732,0.00812120908817885,9991,0.8335246722049866,20:40
249,0.1729136345461814,-0.003885645741703394,10004,0.8645681727309069,20:45
250,0.17435580000000042,0.0017199999999999364,10000,0.8717790000000021,20:50
251,0.2167551020408148,-0.00019567827130778588,9996,1.083775510204074,20:55
252,0.17947867803837805,-0.0014104477611942257,9380,0.8973933901918902,21:00
253,0.1255299677765851,-0.0014631578947371915,9310,0.6276498388829255,21:05
254,0.12017842590606727,-0.001806347844735247,9326,0.6008921295303363,21:10
255,0.11318286584040085,0.0016366601435095422,9198,0.5659143292020042,21:15
256,0.10315563525703639,-0.00107433974567952,9201,0.515778176285182,21:20
257,0.10217034700315397,-2.654193408024444e-05,9193,0.5108517350157699,21:25
258,0.12745700798021664,-0.00782769472856055,8897,0.6372850399010832,21:30
259,0.11103061447627352,0.0018642029302429976,9146,0.5551530723813676,21:35
260,0.1126414581066376,-0.0016190424374323026,9190,0.563207290533188,21:40
261,0.1304251900108578,-0.005273615635178924,9210,0.6521259500542891,21:45
262,0.13385829606196162,0.0020005454347123267,9167,0.6692914803098081,21:50
263,0.165166777851902,-0.023104514120525617,8994,0.8258338892595101,21:55
264,0.35438755555555607,0.050371555555554046,1125,1.7719377777777803,22:00
265,0.22488012618296613,0.009218717139853082,951,1.1244006309148307,22:05
266,0.1977008547008539,0.0016685660018980984,1053,0.9885042735042695,22:10
267,0.21863226744185632,0.00106831395349054,688,1.0931613372092817,22:15
268,0.2188229166666646,-0.06242708333333201,672,1.094114583333323,22:20
269,0.2499970282317909,0.03658841010401057,673,1.2499851411589544,22:25
270,0.23225811209439362,0.014331858407080797,678,1.161290560471968,22:30
271,0.22265542521993817,-0.023127565982404227,682,1.1132771260996908,22:35
272,0.185867756315006,0.0035468053491809906,673,0.9293387815750299,22:40
273,0.18640178571427987,-0.011910714285714144,672,0.9320089285713994,22:45
274,0.1854133333333303,-0.0010962962962969836,675,0.9270666666666515,22:50
275,0.1797201767304843,-0.028273932253312827,679,0.8986008836524215,22:55
276,0.3665759973623471,0.07220474777448035,9100,1.8328799868117354,23:00
277,0.1799347548393443,0.004381251842390056,10177,0.8996737741967215,23:05
278,0.1577537342767322,0.006224646226414411,10176,0.788768671383661,23:10
279,0.14809994068802076,0.004816231712139658,10116,0.7404997034401039,23:15
280,0.1387628407743993,0.0030927499012248045,10124,0.6938142038719964,23:20
281,0.13136641599050008,0.0015947951711852055,10106,0.6568320799525005,23:25
282,0.1443940944881902,0.003958267716535825,10160,0.721970472440951,23:30
283,0.1380946984627523,-0.00329059913283379,10148,0.6904734923137614,23:35
284,0.13544055462680657,-0.0008048972367003945,10169,0.6772027731340329,23:40
285,0.14009030100334352,-0.0020186897501468285,10166,0.7004515050167176,23:45
286,0.13140228189239633,-0.0004072981213730996,10167,0.6570114094619817,23:50
287,0.1350604152317226,-0.006506641739643734,10163,0.675302076158613,23:55
