n,avg_R,win_rate,PF,t_stat,trades_per_year,maxDD_R,yrs_pos,L_n,L_avg,L_t,S_n,S_avg,S_t,cost_R,params,timing,sl_k,buf_k,target,tp_r,limit_pen
1748.0,-0.3851,0.235,0.542,-12.47,220.2,684.5,0,821,-0.3768,-8.33,927,-0.3924,-9.28,0.341,"{""entry_mode"": 2, ""sl_k"": 0.25, ""tp_r"": 2.0}",T0_asia0-7,0.25,0.0,mid,2.0,0.0
1735.0,-0.4166,0.225,0.511,-13.65,218.5,734.2,0,812,-0.4174,-9.36,923,-0.4158,-9.93,0.341,"{""entry_mode"": 2, ""sl_k"": 0.25, ""tp_r"": 2.0, ""limit_pen"": 0.05}",T0_asia0-7,0.25,0.0,mid,2.0,0.05
1748.0,-0.3632,0.155,0.608,-8.69,220.2,645.3,0,821,-0.3722,-6.11,927,-0.3553,-6.18,0.341,"{""entry_mode"": 2, ""sl_k"": 0.25, ""tp_r"": 4.0}",T0_asia0-7,0.25,0.0,opp,4.0,0.0
1735.0,-0.3913,0.149,0.581,-9.47,218.5,685.3,0,812,-0.4076,-6.8,923,-0.3771,-6.62,0.341,"{""entry_mode"": 2, ""sl_k"": 0.25, ""tp_r"": 4.0, ""limit_pen"": 0.05}",T0_asia0-7,0.25,0.0,opp,4.0,0.05
1567.0,-0.3396,0.223,0.603,-9.4,197.4,546.2,0,740,-0.3781,-7.33,827,-0.3052,-6.04,0.348,"{""entry_mode"": 2, ""buf_k"": 0.1, ""sl_k"": 0.25, ""tp_r"": 2.4}",T0_asia0-7,0.25,0.1,mid,2.4,0.0
1551.0,-0.383,0.211,0.56,-10.77,195.3,606.8,0,733,-0.4183,-8.24,818,-0.3513,-7.06,0.348,"{""entry_mode"": 2, ""buf_k"": 0.1, ""sl_k"": 0.25, ""tp_r"": 2.4, ""limit_pen"": 0.05}",T0_asia0-7,0.25,0.1,mid,2.4,0.05
1567.0,-0.3246,0.157,0.65,-6.91,197.4,544.9,1,740,-0.4137,-6.39,827,-0.2449,-3.63,0.348,"{""entry_mode"": 2, ""buf_k"": 0.1, ""sl_k"": 0.25, ""tp_r"": 4.4}",T0_asia0-7,0.25,0.1,opp,4.4,0.0
1551.0,-0.3532,0.152,0.622,-7.6,195.3,581.8,1,733,-0.4471,-7.02,818,-0.269,-4.01,0.348,"{""entry_mode"": 2, ""buf_k"": 0.1, ""sl_k"": 0.25, ""tp_r"": 4.4, ""limit_pen"": 0.05}",T0_asia0-7,0.25,0.1,opp,4.4,0.05
1337.0,-0.4084,0.182,0.547,-10.12,168.4,555.4,0,635,-0.4613,-8.1,702,-0.3604,-6.32,0.362,"{""entry_mode"": 2, ""buf_k"": 0.2, ""sl_k"": 0.25, ""tp_r"": 2.8}",T0_asia0-7,0.25,0.2,mid,2.8,0.0
1319.0,-0.4594,0.169,0.498,-11.66,166.2,609.9,0,629,-0.5044,-9.06,690,-0.4184,-7.52,0.36,"{""entry_mode"": 2, ""buf_k"": 0.2, ""sl_k"": 0.25, ""tp_r"": 2.8, ""limit_pen"": 0.05}",T0_asia0-7,0.25,0.2,mid,2.8,0.05
1337.0,-0.4326,0.129,0.549,-8.77,168.4,585.4,0,635,-0.503,-7.37,702,-0.3688,-5.22,0.362,"{""entry_mode"": 2, ""buf_k"": 0.2, ""sl_k"": 0.25, ""tp_r"": 4.8}",T0_asia0-7,0.25,0.2,opp,4.8,0.0
1319.0,-0.4923,0.118,0.493,-10.35,166.2,655.4,0,629,-0.5474,-8.25,690,-0.4421,-6.51,0.36,"{""entry_mode"": 2, ""buf_k"": 0.2, ""sl_k"": 0.25, ""tp_r"": 4.8, ""limit_pen"": 0.05}",T0_asia0-7,0.25,0.2,opp,4.8,0.05
1146.0,-0.3719,0.175,0.591,-7.89,144.5,430.8,0,556,-0.4103,-6.16,590,-0.3357,-5.04,0.377,"{""entry_mode"": 2, ""buf_k"": 0.3, ""sl_k"": 0.25, ""tp_r"": 3.2}",T0_asia0-7,0.25,0.3,mid,3.2,0.0
1127.0,-0.4124,0.166,0.552,-8.88,142.1,466.8,0,545,-0.4588,-7.02,582,-0.369,-5.6,0.378,"{""entry_mode"": 2, ""buf_k"": 0.3, ""sl_k"": 0.25, ""tp_r"": 3.2, ""limit_pen"": 0.05}",T0_asia0-7,0.25,0.3,mid,3.2,0.05
1146.0,-0.3481,0.137,0.635,-5.99,144.5,406.7,0,556,-0.3667,-4.38,590,-0.3306,-4.09,0.377,"{""entry_mode"": 2, ""buf_k"": 0.3, ""sl_k"": 0.25, ""tp_r"": 5.2}",T0_asia0-7,0.25,0.3,opp,5.2,0.0
1127.0,-0.3868,0.13,0.597,-6.76,142.1,443.7,0,545,-0.4092,-4.97,582,-0.3658,-4.59,0.378,"{""entry_mode"": 2, ""buf_k"": 0.3, ""sl_k"": 0.25, ""tp_r"": 5.2, ""limit_pen"": 0.05}",T0_asia0-7,0.25,0.3,opp,5.2,0.05
805.0,-0.3361,0.159,0.639,-5.3,101.5,271.3,1,395,-0.24,-2.5,410,-0.4288,-5.15,0.394,"{""entry_mode"": 2, ""buf_k"": 0.5, ""sl_k"": 0.25, ""tp_r"": 4.0}",T0_asia0-7,0.25,0.5,mid,4.0,0.0
788.0,-0.3832,0.15,0.593,-6.14,99.4,302.7,1,385,-0.3088,-3.28,403,-0.4544,-5.5,0.393,"{""entry_mode"": 2, ""buf_k"": 0.5, ""sl_k"": 0.25, ""tp_r"": 4.0, ""limit_pen"": 0.05}",T0_asia0-7,0.25,0.5,mid,4.0,0.05
805.0,-0.3228,0.13,0.665,-4.3,101.5,264.0,1,395,-0.2551,-2.27,410,-0.388,-3.88,0.394,"{""entry_mode"": 2, ""buf_k"": 0.5, ""sl_k"": 0.25, ""tp_r"": 6.0}",T0_asia0-7,0.25,0.5,opp,6.0,0.0
788.0,-0.3738,0.123,0.615,-5.08,99.4,298.7,1,385,-0.3173,-2.87,403,-0.4278,-4.37,0.393,"{""entry_mode"": 2, ""buf_k"": 0.5, ""sl_k"": 0.25, ""tp_r"": 6.0, ""limit_pen"": 0.05}",T0_asia0-7,0.25,0.5,opp,6.0,0.05
1748.0,-0.193,0.423,0.678,-8.12,220.2,346.7,0,821,-0.2178,-6.28,927,-0.171,-5.24,0.17,"{""entry_mode"": 2, ""sl_k"": 0.5, ""tp_r"": 1.0}",T0_asia0-7,0.5,0.0,mid,1.0,0.0
1735.0,-0.2111,0.414,0.653,-8.88,218.5,375.6,0,812,-0.2409,-6.94,923,-0.1848,-5.67,0.17,"{""entry_mode"": 2, ""sl_k"": 0.5, ""tp_r"": 1.0, ""limit_pen"": 0.05}",T0_asia0-7,0.5,0.0,mid,1.0,0.05
1748.0,-0.1924,0.301,0.733,-6.13,220.2,354.4,0,821,-0.233,-5.13,927,-0.1565,-3.61,0.17,"{""entry_mode"": 2, ""sl_k"": 0.5, ""tp_r"": 2.0}",T0_asia0-7,0.5,0.0,opp,2.0,0.0
1735.0,-0.2109,0.295,0.71,-6.74,218.5,384.1,0,812,-0.2562,-5.66,923,-0.1711,-3.96,0.17,"{""entry_mode"": 2, ""sl_k"": 0.5, ""tp_r"": 2.0, ""limit_pen"": 0.05}",T0_asia0-7,0.5,0.0,opp,2.0,0.05
1567.0,-0.1816,0.394,0.713,-6.68,197.4,293.0,0,740,-0.213,-5.4,827,-0.1535,-4.09,0.174,"{""entry_mode"": 2, ""buf_k"": 0.1, ""sl_k"": 0.5, ""tp_r"": 1.2}",T0_asia0-7,0.5,0.1,mid,1.2,0.0
1551.0,-0.2042,0.384,0.682,-7.51,195.3,325.2,0,733,-0.2323,-5.9,818,-0.1791,-4.77,0.174,"{""entry_mode"": 2, ""buf_k"": 0.1, ""sl_k"": 0.5, ""tp_r"": 1.2, ""limit_pen"": 0.05}",T0_asia0-7,0.5,0.1,mid,1.2,0.05
1567.0,-0.191,0.294,0.74,-5.54,197.4,323.7,1,740,-0.2527,-5.13,827,-0.1358,-2.82,0.174,"{""entry_mode"": 2, ""buf_k"": 0.1, ""sl_k"": 0.5, ""tp_r"": 2.2}",T0_asia0-7,0.5,0.1,opp,2.2,0.0
1551.0,-0.2048,0.29,0.723,-5.94,195.3,341.0,1,733,-0.2704,-5.5,818,-0.1459,-3.02,0.174,"{""entry_mode"": 2, ""buf_k"": 0.1, ""sl_k"": 0.5, ""tp_r"": 2.2, ""limit_pen"": 0.05}",T0_asia0-7,0.5,0.1,opp,2.2,0.05
1337.0,-0.1855,0.361,0.721,-5.91,168.4,254.5,0,635,-0.1928,-4.22,702,-0.1789,-4.14,0.181,"{""entry_mode"": 2, ""buf_k"": 0.2, ""sl_k"": 0.5, ""tp_r"": 1.4}",T0_asia0-7,0.5,0.2,mid,1.4,0.0
1319.0,-0.2104,0.35,0.689,-6.7,166.2,281.3,0,629,-0.2156,-4.72,690,-0.2058,-4.75,0.18,"{""entry_mode"": 2, ""buf_k"": 0.2, ""sl_k"": 0.5, ""tp_r"": 1.4, ""limit_pen"": 0.05}",T0_asia0-7,0.5,0.2,mid,1.4,0.05
1337.0,-0.1994,0.279,0.735,-5.16,168.4,272.0,0,635,-0.2312,-4.13,702,-0.1707,-3.2,0.181,"{""entry_mode"": 2, ""buf_k"": 0.2, ""sl_k"": 0.5, ""tp_r"": 2.4}",T0_asia0-7,0.5,0.2,opp,2.4,0.0
1319.0,-0.2243,0.271,0.704,-5.85,166.2,298.6,0,629,-0.2487,-4.48,690,-0.2021,-3.8,0.18,"{""entry_mode"": 2, ""buf_k"": 0.2, ""sl_k"": 0.5, ""tp_r"": 2.4, ""limit_pen"": 0.05}",T0_asia0-7,0.5,0.2,opp,2.4,0.05
1146.0,-0.1954,0.332,0.72,-5.45,144.5,226.5,0,556,-0.2248,-4.37,590,-0.1677,-3.34,0.188,"{""entry_mode"": 2, ""buf_k"": 0.3, ""sl_k"": 0.5, ""tp_r"": 1.6}",T0_asia0-7,0.5,0.3,mid,1.6,0.0
1127.0,-0.2136,0.325,0.697,-5.94,142.1,242.3,0,545,-0.2466,-4.79,582,-0.1827,-3.63,0.189,"{""entry_mode"": 2, ""buf_k"": 0.3, ""sl_k"": 0.5, ""tp_r"": 1.6, ""limit_pen"": 0.05}",T0_asia0-7,0.5,0.3,mid,1.6,0.05
1146.0,-0.1664,0.273,0.78,-3.8,144.5,195.3,1,556,-0.1986,-3.16,590,-0.1361,-2.23,0.188,"{""entry_mode"": 2, ""buf_k"": 0.3, ""sl_k"": 0.5, ""tp_r"": 2.6}",T0_asia0-7,0.5,0.3,opp,2.6,0.0
1127.0,-0.1816,0.269,0.761,-4.15,142.1,209.3,1,545,-0.2146,-3.41,582,-0.1507,-2.47,0.189,"{""entry_mode"": 2, ""buf_k"": 0.3, ""sl_k"": 0.5, ""tp_r"": 2.6, ""limit_pen"": 0.05}",T0_asia0-7,0.5,0.3,opp,2.6,0.05
805.0,-0.1946,0.294,0.736,-4.13,101.5,156.7,0,395,-0.1839,-2.69,410,-0.2049,-3.15,0.197,"{""entry_mode"": 2, ""buf_k"": 0.5, ""sl_k"": 0.5, ""tp_r"": 2.0}",T0_asia0-7,0.5,0.5,mid,2.0,0.0
788.0,-0.2181,0.287,0.707,-4.62,99.4,171.9,0,385,-0.2161,-3.16,403,-0.2201,-3.38,0.196,"{""entry_mode"": 2, ""buf_k"": 0.5, ""sl_k"": 0.5, ""tp_r"": 2.0, ""limit_pen"": 0.05}",T0_asia0-7,0.5,0.5,mid,2.0,0.05
805.0,-0.1567,0.257,0.798,-2.81,101.5,134.2,2,395,-0.1812,-2.26,410,-0.133,-1.71,0.197,"{""entry_mode"": 2, ""buf_k"": 0.5, ""sl_k"": 0.5, ""tp_r"": 3.0}",T0_asia0-7,0.5,0.5,opp,3.0,0.0
788.0,-0.1815,0.251,0.767,-3.26,99.4,144.3,1,385,-0.2072,-2.58,403,-0.1569,-2.02,0.196,"{""entry_mode"": 2, ""buf_k"": 0.5, ""sl_k"": 0.5, ""tp_r"": 3.0, ""limit_pen"": 0.05}",T0_asia0-7,0.5,0.5,opp,3.0,0.05
1748.0,-0.1382,0.527,0.708,-6.98,220.2,253.9,1,821,-0.1369,-4.71,927,-0.1393,-5.15,0.114,"{""entry_mode"": 2, ""sl_k"": 0.75, ""tp_r"": 0.6666666666666666}",T0_asia0-7,0.75,0.0,mid,0.667,0.0
1735.0,-0.1518,0.519,0.685,-7.63,218.5,276.2,0,812,-0.1539,-5.25,923,-0.1501,-5.53,0.114,"{""entry_mode"": 2, ""sl_k"": 0.75, ""tp_r"": 0.6666666666666666, ""limit_pen"": 0.05}",T0_asia0-7,0.75,0.0,mid,0.667,0.05
1748.0,-0.1378,0.399,0.766,-5.35,220.2,264.8,1,821,-0.1531,-4.03,927,-0.1243,-3.55,0.114,"{""entry_mode"": 2, ""sl_k"": 0.75, ""tp_r"": 1.3333333333333333}",T0_asia0-7,0.75,0.0,opp,1.333,0.0
1735.0,-0.1512,0.393,0.746,-5.87,218.5,285.9,1,812,-0.1697,-4.46,923,-0.1348,-3.85,0.114,"{""entry_mode"": 2, ""sl_k"": 0.75, ""tp_r"": 1.3333333333333333, ""limit_pen"": 0.05}",T0_asia0-7,0.75,0.0,opp,1.333,0.05
1567.0,-0.1207,0.502,0.759,-5.35,197.4,196.5,0,740,-0.1462,-4.42,827,-0.0979,-3.17,0.116,"{""entry_mode"": 2, ""buf_k"": 0.1, ""sl_k"": 0.75, ""tp_r"": 0.7999999999999999}",T0_asia0-7,0.75,0.1,mid,0.8,0.0
1551.0,-0.1336,0.495,0.737,-5.89,195.3,214.6,0,733,-0.1575,-4.75,818,-0.1121,-3.61,0.116,"{""entry_mode"": 2, ""buf_k"": 0.1, ""sl_k"": 0.75, ""tp_r"": 0.7999999999999999, ""limit_pen"": 0.05}",T0_asia0-7,0.75,0.1,mid,0.8,0.05
1567.0,-0.1094,0.401,0.816,-3.85,197.4,194.6,1,740,-0.1629,-3.94,827,-0.0615,-1.57,0.116,"{""entry_mode"": 2, ""buf_k"": 0.1, ""sl_k"": 0.75, ""tp_r"": 1.4666666666666668}",T0_asia0-7,0.75,0.1,opp,1.467,0.0
1551.0,-0.1203,0.396,0.799,-4.22,195.3,208.4,1,733,-0.1747,-4.22,818,-0.0715,-1.82,0.116,"{""entry_mode"": 2, ""buf_k"": 0.1, ""sl_k"": 0.75, ""tp_r"": 1.4666666666666668, ""limit_pen"": 0.05}",T0_asia0-7,0.75,0.1,opp,1.467,0.05
1337.0,-0.1301,0.464,0.758,-5.0,168.4,179.1,0,635,-0.1523,-4.01,702,-0.11,-3.08,0.121,"{""entry_mode"": 2, ""buf_k"": 0.2, ""sl_k"": 0.75, ""tp_r"": 0.9333333333333332}",T0_asia0-7,0.75,0.2,mid,0.933,0.0
1319.0,-0.1488,0.454,0.728,-5.69,166.2,198.6,0,629,-0.1719,-4.52,690,-0.1278,-3.55,0.12,"{""entry_mode"": 2, ""buf_k"": 0.2, ""sl_k"": 0.75, ""tp_r"": 0.9333333333333332, ""limit_pen"": 0.05}",T0_asia0-7,0.75,0.2,mid,0.933,0.05
1337.0,-0.1365,0.375,0.78,-4.31,168.4,185.0,1,635,-0.1888,-4.12,702,-0.0891,-2.04,0.121,"{""entry_mode"": 2, ""buf_k"": 0.2, ""sl_k"": 0.75, ""tp_r"": 1.5999999999999999}",T0_asia0-7,0.75,0.2,opp,1.6,0.0
1319.0,-0.1533,0.368,0.756,-4.84,166.2,204.4,0,629,-0.2021,-4.42,690,-0.1088,-2.48,0.12,"{""entry_mode"": 2, ""buf_k"": 0.2, ""sl_k"": 0.75, ""tp_r"": 1.5999999999999999, ""limit_pen"": 0.05}",T0_asia0-7,0.75,0.2,opp,1.6,0.05
1146.0,-0.1571,0.421,0.728,-5.32,144.5,180.1,0,556,-0.162,-3.79,590,-0.1525,-3.72,0.126,"{""entry_mode"": 2, ""buf_k"": 0.3, ""sl_k"": 0.75, ""tp_r"": 1.0666666666666667}",T0_asia0-7,0.75,0.3,mid,1.067,0.0
1127.0,-0.1684,0.415,0.711,-5.66,142.1,189.9,0,545,-0.1754,-4.07,582,-0.1619,-3.93,0.126,"{""entry_mode"": 2, ""buf_k"": 0.3, ""sl_k"": 0.75, ""tp_r"": 1.0666666666666667, ""limit_pen"": 0.05}",T0_asia0-7,0.75,0.3,mid,1.067,0.05
1146.0,-0.1291,0.358,0.795,-3.65,144.5,155.2,1,556,-0.1376,-2.68,590,-0.1212,-2.48,0.126,"{""entry_mode"": 2, ""buf_k"": 0.3, ""sl_k"": 0.75, ""tp_r"": 1.7333333333333334}",T0_asia0-7,0.75,0.3,opp,1.733,0.0
1127.0,-0.1372,0.355,0.784,-3.86,142.1,157.0,1,545,-0.1452,-2.81,582,-0.1296,-2.64,0.126,"{""entry_mode"": 2, ""buf_k"": 0.3, ""sl_k"": 0.75, ""tp_r"": 1.7333333333333334, ""limit_pen"": 0.05}",T0_asia0-7,0.75,0.3,opp,1.733,0.05
805.0,-0.1374,0.395,0.773,-3.54,101.5,110.6,1,395,-0.101,-1.79,410,-0.1724,-3.24,0.131,"{""entry_mode"": 2, ""buf_k"": 0.5, ""sl_k"": 0.75, ""tp_r"": 1.3333333333333333}",T0_asia0-7,0.75,0.5,mid,1.333,0.0
788.0,-0.1537,0.388,0.749,-3.94,99.4,121.1,0,385,-0.1193,-2.1,403,-0.1865,-3.49,0.131,"{""entry_mode"": 2, ""buf_k"": 0.5, ""sl_k"": 0.75, ""tp_r"": 1.3333333333333333, ""limit_pen"": 0.05}",T0_asia0-7,0.75,0.5,mid,1.333,0.05
805.0,-0.1195,0.35,0.815,-2.67,101.5,96.2,1,395,-0.1007,-1.55,410,-0.1375,-2.23,0.131,"{""entry_mode"": 2, ""buf_k"": 0.5, ""sl_k"": 0.75, ""tp_r"": 2.0}",T0_asia0-7,0.75,0.5,opp,2.0,0.0
788.0,-0.1384,0.344,0.788,-3.08,99.4,109.1,0,385,-0.1188,-1.81,403,-0.1571,-2.54,0.131,"{""entry_mode"": 2, ""buf_k"": 0.5, ""sl_k"": 0.75, ""tp_r"": 2.0, ""limit_pen"": 0.05}",T0_asia0-7,0.75,0.5,opp,2.0,0.05
1748.0,-0.1092,0.591,0.721,-6.34,220.2,198.0,0,821,-0.121,-4.76,927,-0.0988,-4.22,0.085,"{""entry_mode"": 2, ""tp_r"": 0.5}",T0_asia0-7,1.0,0.0,mid,0.5,0.0
1735.0,-0.1207,0.583,0.697,-6.96,218.5,216.4,0,812,-0.1351,-5.27,923,-0.1079,-4.59,0.085,"{""entry_mode"": 2, ""tp_r"": 0.5, ""limit_pen"": 0.05}",T0_asia0-7,1.0,0.0,mid,0.5,0.05
1748.0,-0.1087,0.459,0.781,-4.92,220.2,205.9,1,821,-0.1384,-4.24,927,-0.0824,-2.75,0.085,"{""entry_mode"": 2, ""tp_r"": 1.0}",T0_asia0-7,1.0,0.0,opp,1.0,0.0
1735.0,-0.1195,0.454,0.762,-5.39,218.5,222.7,1,812,-0.152,-4.63,923,-0.0908,-3.03,0.085,"{""entry_mode"": 2, ""tp_r"": 1.0, ""limit_pen"": 0.05}",T0_asia0-7,1.0,0.0,opp,1.0,0.05
1567.0,-0.1008,0.561,0.759,-5.16,197.4,162.6,0,740,-0.1085,-3.77,827,-0.0938,-3.53,0.087,"{""entry_mode"": 2, ""buf_k"": 0.1, ""tp_r"": 0.6}",T0_asia0-7,1.0,0.1,mid,0.6,0.0
1551.0,-0.111,0.554,0.739,-5.65,195.3,176.9,0,733,-0.1173,-4.06,818,-0.1053,-3.93,0.087,"{""entry_mode"": 2, ""buf_k"": 0.1, ""tp_r"": 0.6, ""limit_pen"": 0.05}",T0_asia0-7,1.0,0.1,mid,0.6,0.05
1567.0,-0.0923,0.458,0.816,-3.82,197.4,162.5,1,740,-0.1262,-3.54,827,-0.062,-1.88,0.087,"{""entry_mode"": 2, ""buf_k"": 0.1, ""tp_r"": 1.1}",T0_asia0-7,1.0,0.1,opp,1.1,0.0
1551.0,-0.1007,0.453,0.801,-4.14,195.3,173.9,1,733,-0.135,-3.78,818,-0.07,-2.11,0.087,"{""entry_mode"": 2, ""buf_k"": 0.1, ""tp_r"": 1.1, ""limit_pen"": 0.05}",T0_asia0-7,1.0,0.1,opp,1.1,0.05
1337.0,-0.0973,0.528,0.781,-4.35,168.4,133.6,0,635,-0.1071,-3.26,702,-0.0885,-2.89,0.09,"{""entry_mode"": 2, ""buf_k"": 0.2, ""tp_r"": 0.7}",T0_asia0-7,1.0,0.2,mid,0.7,0.0
1319.0,-0.1094,0.521,0.757,-4.84,166.2,145.4,0,629,-0.1174,-3.56,690,-0.1021,-3.3,0.09,"{""entry_mode"": 2, ""buf_k"": 0.2, ""tp_r"": 0.7, ""limit_pen"": 0.05}",T0_asia0-7,1.0,0.2,mid,0.7,0.05
1337.0,-0.1062,0.436,0.795,-3.95,168.4,144.4,0,635,-0.1373,-3.49,702,-0.0781,-2.12,0.09,"{""entry_mode"": 2, ""buf_k"": 0.2, ""tp_r"": 1.2}",T0_asia0-7,1.0,0.2,opp,1.2,0.0
1319.0,-0.1169,0.431,0.777,-4.33,166.2,155.1,0,629,-0.1409,-3.58,690,-0.0949,-2.56,0.09,"{""entry_mode"": 2, ""buf_k"": 0.2, ""tp_r"": 1.2, ""limit_pen"": 0.05}",T0_asia0-7,1.0,0.2,opp,1.2,0.05
1146.0,-0.1163,0.492,0.757,-4.55,144.5,133.3,0,556,-0.1082,-2.92,590,-0.1241,-3.51,0.094,"{""entry_mode"": 2, ""buf_k"": 0.3, ""tp_r"": 0.8}",T0_asia0-7,1.0,0.3,mid,0.8,0.0
1127.0,-0.1253,0.487,0.741,-4.86,142.1,141.2,0,545,-0.1163,-3.11,582,-0.1337,-3.76,0.094,"{""entry_mode"": 2, ""buf_k"": 0.3, ""tp_r"": 0.8, ""limit_pen"": 0.05}",T0_asia0-7,1.0,0.3,mid,0.8,0.05
1146.0,-0.101,0.422,0.809,-3.37,144.5,118.1,1,556,-0.0857,-1.96,590,-0.1155,-2.8,0.094,"{""entry_mode"": 2, ""buf_k"": 0.3, ""tp_r"": 1.3}",T0_asia0-7,1.0,0.3,opp,1.3,0.0
1127.0,-0.1078,0.419,0.798,-3.57,142.1,123.8,0,545,-0.0913,-2.07,582,-0.1231,-2.97,0.094,"{""entry_mode"": 2, ""buf_k"": 0.3, ""tp_r"": 1.3, ""limit_pen"": 0.05}",T0_asia0-7,1.0,0.3,opp,1.3,0.05
805.0,-0.1198,0.456,0.772,-3.57,101.5,96.4,1,395,-0.0903,-1.86,410,-0.1483,-3.2,0.099,"{""entry_mode"": 2, ""buf_k"": 0.5, ""tp_r"": 1.0}",T0_asia0-7,1.0,0.5,mid,1.0,0.0
788.0,-0.1308,0.451,0.753,-3.87,99.4,103.1,1,385,-0.1024,-2.09,403,-0.1579,-3.38,0.098,"{""entry_mode"": 2, ""buf_k"": 0.5, ""tp_r"": 1.0, ""limit_pen"": 0.05}",T0_asia0-7,1.0,0.5,mid,1.0,0.05
805.0,-0.1077,0.406,0.809,-2.81,101.5,89.3,1,395,-0.0746,-1.34,410,-0.1396,-2.65,0.099,"{""entry_mode"": 2, ""buf_k"": 0.5, ""tp_r"": 1.5}",T0_asia0-7,1.0,0.5,opp,1.5,0.0
788.0,-0.1204,0.401,0.788,-3.12,99.4,97.5,1,385,-0.0856,-1.52,403,-0.1537,-2.91,0.098,"{""entry_mode"": 2, ""buf_k"": 0.5, ""tp_r"": 1.5, ""limit_pen"": 0.05}",T0_asia0-7,1.0,0.5,opp,1.5,0.05
1661.0,-0.3262,0.252,0.599,-10.08,209.2,549.6,0,792,-0.2924,-6.14,869,-0.357,-8.09,0.301,"{""range_end"": 8.0, ""entry_end"": 13.0, ""entry_mode"": 2, ""sl_k"": 0.25, ""tp_r"": 2.0}",T1_asia0-8,0.25,0.0,mid,2.0,0.0
1645.0,-0.3725,0.237,0.552,-11.69,207.2,616.0,0,780,-0.3541,-7.58,865,-0.3891,-8.94,0.301,"{""range_end"": 8.0, ""entry_end"": 13.0, ""entry_mode"": 2, ""sl_k"": 0.25, ""tp_r"": 2.0, ""limit_pen"": 0.05}",T1_asia0-8,0.25,0.0,mid,2.0,0.05
1661.0,-0.3042,0.171,0.663,-6.97,209.2,524.8,0,792,-0.2818,-4.41,869,-0.3246,-5.44,0.301,"{""range_end"": 8.0, ""entry_end"": 13.0, ""entry_mode"": 2, ""sl_k"": 0.25, ""tp_r"": 4.0}",T1_asia0-8,0.25,0.0,opp,4.0,0.0
1645.0,-0.361,0.16,0.605,-8.51,207.2,604.5,0,780,-0.3533,-5.71,865,-0.3679,-6.31,0.301,"{""range_end"": 8.0, ""entry_end"": 13.0, ""entry_mode"": 2, ""sl_k"": 0.25, ""tp_r"": 4.0, ""limit_pen"": 0.05}",T1_asia0-8,0.25,0.0,opp,4.0,0.05
1454.0,-0.2756,0.241,0.667,-7.21,183.3,403.6,0,697,-0.2789,-5.03,757,-0.2726,-5.16,0.312,"{""range_end"": 8.0, ""entry_end"": 13.0, ""entry_mode"": 2, ""buf_k"": 0.1, ""sl_k"": 0.25, ""tp_r"": 2.4}",T1_asia0-8,0.25,0.1,mid,2.4,0.0
1433.0,-0.3238,0.227,0.616,-8.59,180.6,466.8,0,687,-0.3272,-5.99,746,-0.3207,-6.15,0.312,"{""range_end"": 8.0, ""entry_end"": 13.0, ""entry_mode"": 2, ""buf_k"": 0.1, ""sl_k"": 0.25, ""tp_r"": 2.4, ""limit_pen"": 0.05}",T1_asia0-8,0.25,0.1,mid,2.4,0.05
1454.0,-0.2879,0.173,0.68,-5.95,183.3,434.2,0,697,-0.3581,-5.32,757,-0.2233,-3.23,0.312,"{""range_end"": 8.0, ""entry_end"": 13.0, ""entry_mode"": 2, ""buf_k"": 0.1, ""sl_k"": 0.25, ""tp_r"": 4.4}",T1_asia0-8,0.25,0.1,opp,4.4,0.0
1433.0,-0.3359,0.163,0.632,-7.07,180.6,496.9,0,687,-0.4019,-6.08,746,-0.2751,-4.05,0.312,"{""range_end"": 8.0, ""entry_end"": 13.0, ""entry_mode"": 2, ""buf_k"": 0.1, ""sl_k"": 0.25, ""tp_r"": 4.4, ""limit_pen"": 0.05}",T1_asia0-8,0.25,0.1,opp,4.4,0.05
1200.0,-0.3897,0.187,0.56,-9.16,151.2,470.4,0,573,-0.4418,-7.36,627,-0.3421,-5.69,0.323,"{""range_end"": 8.0, ""entry_end"": 13.0, ""entry_mode"": 2, ""buf_k"": 0.2, ""sl_k"": 0.25, ""tp_r"": 2.8}",T1_asia0-8,0.25,0.2,mid,2.8,0.0
1180.0,-0.4401,0.174,0.512,-10.56,148.8,519.3,0,564,-0.4924,-8.41,616,-0.3922,-6.64,0.322,"{""range_end"": 8.0, ""entry_end"": 13.0, ""entry_mode"": 2, ""buf_k"": 0.2, ""sl_k"": 0.25, ""tp_r"": 2.8, ""limit_pen"": 0.05}",T1_asia0-8,0.25,0.2,mid,2.8,0.05
1200.0,-0.4187,0.14,0.553,-8.24,151.2,509.1,0,573,-0.5158,-7.55,627,-0.3301,-4.43,0.323,"{""range_end"": 8.0, ""entry_end"": 13.0, ""entry_mode"": 2, ""buf_k"": 0.2, ""sl_k"": 0.25, ""tp_r"": 4.8}",T1_asia0-8,0.25,0.2,opp,4.8,0.0
1180.0,-0.4763,0.13,0.498,-9.7,148.8,567.7,0,564,-0.5617,-8.5,616,-0.3982,-5.53,0.322,"{""range_end"": 8.0, ""entry_end"": 13.0, ""entry_mode"": 2, ""buf_k"": 0.2, ""sl_k"": 0.25, ""tp_r"": 4.8, ""limit_pen"": 0.05}",T1_asia0-8,0.25,0.2,opp,4.8,0.05
993.0,-0.3695,0.177,0.589,-7.4,125.2,366.9,0,482,-0.4218,-6.04,511,-0.3201,-4.5,0.343,"{""range_end"": 8.0, ""entry_end"": 13.0, ""entry_mode"": 2, ""buf_k"": 0.3, ""sl_k"": 0.25, ""tp_r"": 3.2}",T1_asia0-8,0.25,0.3,mid,3.2,0.0
978.0,-0.3887,0.173,0.569,-7.81,123.3,380.1,0,474,-0.4463,-6.43,504,-0.3345,-4.7,0.342,"{""range_end"": 8.0, ""entry_end"": 13.0, ""entry_mode"": 2, ""buf_k"": 0.3, ""sl_k"": 0.25, ""tp_r"": 3.2, ""limit_pen"": 0.05}",T1_asia0-8,0.25,0.3,mid,3.2,0.05
993.0,-0.3479,0.144,0.628,-5.73,125.2,350.3,0,482,-0.3918,-4.59,511,-0.3064,-3.56,0.343,"{""range_end"": 8.0, ""entry_end"": 13.0, ""entry_mode"": 2, ""buf_k"": 0.3, ""sl_k"": 0.25, ""tp_r"": 5.2}",T1_asia0-8,0.25,0.3,opp,5.2,0.0
978.0,-0.3726,0.14,0.603,-6.19,123.3,364.4,0,474,-0.4153,-4.89,504,-0.3326,-3.9,0.342,"{""range_end"": 8.0, ""entry_end"": 13.0, ""entry_mode"": 2, ""buf_k"": 0.3, ""sl_k"": 0.25, ""tp_r"": 5.2, ""limit_pen"": 0.05}",T1_asia0-8,0.25,0.3,opp,5.2,0.05
668.0,-0.3733,0.157,0.6,-5.51,84.2,258.1,0,331,-0.2697,-2.63,337,-0.475,-5.35,0.354,"{""range_end"": 8.0, ""entry_end"": 13.0, ""entry_mode"": 2, ""buf_k"": 0.5, ""sl_k"": 0.25, ""tp_r"": 4.0}",T1_asia0-8,0.25,0.5,mid,4.0,0.0
652.0,-0.4405,0.144,0.535,-6.7,82.2,293.1,0,321,-0.3538,-3.55,331,-0.5245,-6.09,0.354,"{""range_end"": 8.0, ""entry_end"": 13.0, ""entry_mode"": 2, ""buf_k"": 0.5, ""sl_k"": 0.25, ""tp_r"": 4.0, ""limit_pen"": 0.05}",T1_asia0-8,0.25,0.5,mid,4.0,0.05
668.0,-0.3696,0.136,0.613,-4.73,84.2,278.0,1,331,-0.2849,-2.4,337,-0.4529,-4.44,0.354,"{""range_end"": 8.0, ""entry_end"": 13.0, ""entry_mode"": 2, ""buf_k"": 0.5, ""sl_k"": 0.25, ""tp_r"": 6.0}",T1_asia0-8,0.25,0.5,opp,6.0,0.0
652.0,-0.4338,0.126,0.552,-5.72,82.2,303.1,1,321,-0.3606,-3.13,331,-0.5048,-5.08,0.354,"{""range_end"": 8.0, ""entry_end"": 13.0, ""entry_mode"": 2, ""buf_k"": 0.5, ""sl_k"": 0.25, ""tp_r"": 6.0, ""limit_pen"": 0.05}",T1_asia0-8,0.25,0.5,opp,6.0,0.05
1661.0,-0.175,0.43,0.7,-7.23,209.2,300.7,0,792,-0.1813,-5.15,869,-0.1693,-5.07,0.151,"{""range_end"": 8.0, ""entry_end"": 13.0, ""entry_mode"": 2, ""sl_k"": 0.5, ""tp_r"": 1.0}",T1_asia0-8,0.5,0.0,mid,1.0,0.0
1645.0,-0.1986,0.418,0.667,-8.19,207.2,333.8,0,780,-0.212,-6.01,865,-0.1866,-5.59,0.15,"{""range_end"": 8.0, ""entry_end"": 13.0, ""entry_mode"": 2, ""sl_k"": 0.5, ""tp_r"": 1.0, ""limit_pen"": 0.05}",T1_asia0-8,0.5,0.0,mid,1.0,0.05
1661.0,-0.1665,0.321,0.758,-5.27,209.2,292.4,0,792,-0.1902,-4.18,869,-0.1449,-3.29,0.151,"{""range_end"": 8.0, ""entry_end"": 13.0, ""entry_mode"": 2, ""sl_k"": 0.5, ""tp_r"": 2.0}",T1_asia0-8,0.5,0.0,opp,2.0,0.0
1645.0,-0.2016,0.31,0.712,-6.43,207.2,343.5,0,780,-0.2339,-5.2,865,-0.1725,-3.95,0.15,"{""range_end"": 8.0, ""entry_end"": 13.0, ""entry_mode"": 2, ""sl_k"": 0.5, ""tp_r"": 2.0, ""limit_pen"": 0.05}",T1_asia0-8,0.5,0.0,opp,2.0,0.05
1454.0,-0.1607,0.402,0.739,-5.73,183.3,234.9,0,697,-0.1677,-4.12,757,-0.1543,-3.98,0.156,"{""range_end"": 8.0, ""entry_end"": 13.0, ""entry_mode"": 2, ""buf_k"": 0.1, ""sl_k"": 0.5, ""tp_r"": 1.2}",T1_asia0-8,0.5,0.1,mid,1.2,0.0
1433.0,-0.1819,0.393,0.709,-6.46,180.6,261.9,0,687,-0.184,-4.51,746,-0.1799,-4.63,0.156,"{""range_end"": 8.0, ""entry_end"": 13.0, ""entry_mode"": 2, ""buf_k"": 0.1, ""sl_k"": 0.5, ""tp_r"": 1.2, ""limit_pen"": 0.05}",T1_asia0-8,0.5,0.1,mid,1.2,0.05
1454.0,-0.174,0.314,0.753,-4.99,183.3,264.2,0,697,-0.2088,-4.2,757,-0.1419,-2.91,0.156,"{""range_end"": 8.0, ""entry_end"": 13.0, ""entry_mode"": 2, ""buf_k"": 0.1, ""sl_k"": 0.5, ""tp_r"": 2.2}",T1_asia0-8,0.5,0.1,opp,2.2,0.0
1433.0,-0.1983,0.306,0.721,-5.7,180.6,295.4,0,687,-0.2317,-4.67,746,-0.1676,-3.44,0.156,"{""range_end"": 8.0, ""entry_end"": 13.0, ""entry_mode"": 2, ""buf_k"": 0.1, ""sl_k"": 0.5, ""tp_r"": 2.2, ""limit_pen"": 0.05}",T1_asia0-8,0.5,0.1,opp,2.2,0.05
1200.0,-0.1912,0.359,0.71,-5.83,151.2,232.5,0,573,-0.1946,-4.09,627,-0.1881,-4.16,0.161,"{""range_end"": 8.0, ""entry_end"": 13.0, ""entry_mode"": 2, ""buf_k"": 0.2, ""sl_k"": 0.5, ""tp_r"": 1.4}",T1_asia0-8,0.5,0.2,mid,1.4,0.0
1180.0,-0.2126,0.351,0.682,-6.47,148.8,252.5,0,564,-0.2152,-4.52,616,-0.2102,-4.63,0.161,"{""range_end"": 8.0, ""entry_end"": 13.0, ""entry_mode"": 2, ""buf_k"": 0.2, ""sl_k"": 0.5, ""tp_r"": 1.4, ""limit_pen"": 0.05}",T1_asia0-8,0.5,0.2,mid,1.4,0.05
1200.0,-0.1941,0.294,0.733,-4.9,151.2,255.8,1,573,-0.2269,-4.01,627,-0.164,-2.96,0.161,"{""range_end"": 8.0, ""entry_end"": 13.0, ""entry_mode"": 2, ""buf_k"": 0.2, ""sl_k"": 0.5, ""tp_r"": 2.4}",T1_asia0-8,0.5,0.2,opp,2.4,0.0
1180.0,-0.213,0.288,0.708,-5.4,148.8,270.4,1,564,-0.2357,-4.19,616,-0.1923,-3.48,0.161,"{""range_end"": 8.0, ""entry_end"": 13.0, ""entry_mode"": 2, ""buf_k"": 0.2, ""sl_k"": 0.5, ""tp_r"": 2.4, ""limit_pen"": 0.05}",T1_asia0-8,0.5,0.2,opp,2.4,0.05
993.0,-0.2225,0.326,0.68,-5.91,125.2,221.0,0,482,-0.2243,-4.13,511,-0.2209,-4.22,0.172,"{""range_end"": 8.0, ""entry_end"": 13.0, ""entry_mode"": 2, ""buf_k"": 0.3, ""sl_k"": 0.5, ""tp_r"": 1.6}",T1_asia0-8,0.5,0.3,mid,1.6,0.0
978.0,-0.234,0.322,0.666,-6.19,123.3,228.8,0,474,-0.238,-4.37,504,-0.2302,-4.38,0.171,"{""range_end"": 8.0, ""entry_end"": 13.0, ""entry_mode"": 2, ""buf_k"": 0.3, ""sl_k"": 0.5, ""tp_r"": 1.6, ""limit_pen"": 0.05}",T1_asia0-8,0.5,0.3,mid,1.6,0.05
993.0,-0.2038,0.278,0.726,-4.55,125.2,212.4,1,482,-0.221,-3.44,511,-0.1875,-3.0,0.172,"{""range_end"": 8.0, ""entry_end"": 13.0, ""entry_mode"": 2, ""buf_k"": 0.3, ""sl_k"": 0.5, ""tp_r"": 2.6}",T1_asia0-8,0.5,0.3,opp,2.6,0.0
978.0,-0.2157,0.275,0.711,-4.81,123.3,215.9,0,474,-0.2279,-3.53,504,-0.2043,-3.28,0.171,"{""range_end"": 8.0, ""entry_end"": 13.0, ""entry_mode"": 2, ""buf_k"": 0.3, ""sl_k"": 0.5, ""tp_r"": 2.6, ""limit_pen"": 0.05}",T1_asia0-8,0.5,0.3,opp,2.6,0.05
668.0,-0.1986,0.301,0.726,-3.9,84.2,134.9,1,331,-0.1611,-2.17,337,-0.2355,-3.37,0.177,"{""range_end"": 8.0, ""entry_end"": 13.0, ""entry_mode"": 2, ""buf_k"": 0.5, ""sl_k"": 0.5, ""tp_r"": 2.0}",T1_asia0-8,0.5,0.5,mid,2.0,0.0
652.0,-0.2325,0.29,0.684,-4.58,82.2,153.0,1,321,-0.1993,-2.69,331,-0.2647,-3.81,0.177,"{""range_end"": 8.0, ""entry_end"": 13.0, ""entry_mode"": 2, ""buf_k"": 0.5, ""sl_k"": 0.5, ""tp_r"": 2.0, ""limit_pen"": 0.05}",T1_asia0-8,0.5,0.5,mid,2.0,0.05
668.0,-0.1779,0.269,0.764,-3.03,84.2,127.2,0,331,-0.1713,-2.0,337,-0.1844,-2.29,0.177,"{""range_end"": 8.0, ""entry_end"": 13.0, ""entry_mode"": 2, ""buf_k"": 0.5, ""sl_k"": 0.5, ""tp_r"": 3.0}",T1_asia0-8,0.5,0.5,opp,3.0,0.0
652.0,-0.2082,0.261,0.727,-3.55,82.2,142.3,0,321,-0.2022,-2.36,331,-0.2141,-2.66,0.177,"{""range_end"": 8.0, ""entry_end"": 13.0, ""entry_mode"": 2, ""buf_k"": 0.5, ""sl_k"": 0.5, ""tp_r"": 3.0, ""limit_pen"": 0.05}",T1_asia0-8,0.5,0.5,opp,3.0,0.05
1661.0,-0.132,0.524,0.715,-6.59,209.2,223.1,0,792,-0.1352,-4.62,869,-0.1291,-4.7,0.1,"{""range_end"": 8.0, ""entry_end"": 13.0, ""entry_mode"": 2, ""sl_k"": 0.75, ""tp_r"": 0.6666666666666666}",T1_asia0-8,0.75,0.0,mid,0.667,0.0
1645.0,-0.1468,0.515,0.689,-7.29,207.2,245.0,0,780,-0.1516,-5.13,865,-0.1426,-5.17,0.1,"{""range_end"": 8.0, ""entry_end"": 13.0, ""entry_mode"": 2, ""sl_k"": 0.75, ""tp_r"": 0.6666666666666666, ""limit_pen"": 0.05}",T1_asia0-8,0.75,0.0,mid,0.667,0.05
1661.0,-0.1289,0.411,0.77,-5.03,209.2,232.4,1,792,-0.1407,-3.78,869,-0.1182,-3.35,0.1,"{""range_end"": 8.0, ""entry_end"": 13.0, ""entry_mode"": 2, ""sl_k"": 0.75, ""tp_r"": 1.3333333333333333}",T1_asia0-8,0.75,0.0,opp,1.333,0.0
1645.0,-0.1536,0.4,0.731,-6.01,207.2,268.7,1,780,-0.1704,-4.59,865,-0.1385,-3.93,0.1,"{""range_end"": 8.0, ""entry_end"": 13.0, ""entry_mode"": 2, ""sl_k"": 0.75, ""tp_r"": 1.3333333333333333, ""limit_pen"": 0.05}",T1_asia0-8,0.75,0.0,opp,1.333,0.05
1454.0,-0.1227,0.495,0.751,-5.32,183.3,180.4,0,697,-0.1209,-3.6,757,-0.1243,-3.91,0.104,"{""range_end"": 8.0, ""entry_end"": 13.0, ""entry_mode"": 2, ""buf_k"": 0.1, ""sl_k"": 0.75, ""tp_r"": 0.7999999999999999}",T1_asia0-8,0.75,0.1,mid,0.8,0.0
1433.0,-0.1347,0.488,0.73,-5.8,180.6,195.1,0,687,-0.1315,-3.89,746,-0.1377,-4.31,0.104,"{""range_end"": 8.0, ""entry_end"": 13.0, ""entry_mode"": 2, ""buf_k"": 0.1, ""sl_k"": 0.75, ""tp_r"": 0.7999999999999999, ""limit_pen"": 0.05}",T1_asia0-8,0.75,0.1,mid,0.8,0.05
1454.0,-0.1235,0.408,0.784,-4.36,183.3,187.3,1,697,-0.1521,-3.72,757,-0.0971,-2.47,0.104,"{""range_end"": 8.0, ""entry_end"": 13.0, ""entry_mode"": 2, ""buf_k"": 0.1, ""sl_k"": 0.75, ""tp_r"": 1.4666666666666668}",T1_asia0-8,0.75,0.1,opp,1.467,0.0
1433.0,-0.1391,0.401,0.76,-4.89,180.6,206.5,0,687,-0.1666,-4.07,746,-0.1138,-2.88,0.104,"{""range_end"": 8.0, ""entry_end"": 13.0, ""entry_mode"": 2, ""buf_k"": 0.1, ""sl_k"": 0.75, ""tp_r"": 1.4666666666666668, ""limit_pen"": 0.05}",T1_asia0-8,0.75,0.1,opp,1.467,0.05
1200.0,-0.1369,0.456,0.741,-5.08,151.2,166.0,0,573,-0.1439,-3.66,627,-0.1305,-3.53,0.108,"{""range_end"": 8.0, ""entry_end"": 13.0, ""entry_mode"": 2, ""buf_k"": 0.2, ""sl_k"": 0.75, ""tp_r"": 0.9333333333333332}",T1_asia0-8,0.75,0.2,mid,0.933,0.0
1180.0,-0.1527,0.448,0.715,-5.63,148.8,181.0,0,564,-0.1608,-4.07,616,-0.1454,-3.89,0.107,"{""range_end"": 8.0, ""entry_end"": 13.0, ""entry_mode"": 2, ""buf_k"": 0.2, ""sl_k"": 0.75, ""tp_r"": 0.9333333333333332, ""limit_pen"": 0.05}",T1_asia0-8,0.75,0.2,mid,0.933,0.05
1200.0,-0.1352,0.386,0.771,-4.21,151.2,167.5,1,573,-0.1689,-3.63,627,-0.1044,-2.35,0.108,"{""range_end"": 8.0, ""entry_end"": 13.0, ""entry_mode"": 2, ""buf_k"": 0.2, ""sl_k"": 0.75, ""tp_r"": 1.5999999999999999}",T1_asia0-8,0.75,0.2,opp,1.6,0.0
1180.0,-0.1482,0.381,0.752,-4.6,148.8,178.1,0,564,-0.174,-3.73,616,-0.1245,-2.79,0.107,"{""range_end"": 8.0, ""entry_end"": 13.0, ""entry_mode"": 2, ""buf_k"": 0.2, ""sl_k"": 0.75, ""tp_r"": 1.5999999999999999, ""limit_pen"": 0.05}",T1_asia0-8,0.75,0.2,opp,1.6,0.05
993.0,-0.1556,0.422,0.721,-5.02,125.2,154.5,0,482,-0.1759,-3.92,511,-0.1364,-3.18,0.114,"{""range_end"": 8.0, ""entry_end"": 13.0, ""entry_mode"": 2, ""buf_k"": 0.3, ""sl_k"": 0.75, ""tp_r"": 1.0666666666666667}",T1_asia0-8,0.75,0.3,mid,1.067,0.0
978.0,-0.162,0.419,0.711,-5.19,123.3,158.4,0,474,-0.1834,-4.06,504,-0.1419,-3.29,0.114,"{""range_end"": 8.0, ""entry_end"": 13.0, ""entry_mode"": 2, ""buf_k"": 0.3, ""sl_k"": 0.75, ""tp_r"": 1.0666666666666667, ""limit_pen"": 0.05}",T1_asia0-8,0.75,0.3,mid,1.067,0.05
993.0,-0.1378,0.369,0.771,-3.8,125.2,137.9,1,482,-0.1744,-3.33,511,-0.1033,-2.06,0.114,"{""range_end"": 8.0, ""entry_end"": 13.0, ""entry_mode"": 2, ""buf_k"": 0.3, ""sl_k"": 0.75, ""tp_r"": 1.7333333333333334}",T1_asia0-8,0.75,0.3,opp,1.733,0.0
978.0,-0.1446,0.367,0.761,-3.97,123.3,141.4,0,474,-0.1776,-3.36,504,-0.1136,-2.26,0.114,"{""range_end"": 8.0, ""entry_end"": 13.0, ""entry_mode"": 2, ""buf_k"": 0.3, ""sl_k"": 0.75, ""tp_r"": 1.7333333333333334, ""limit_pen"": 0.05}",T1_asia0-8,0.75,0.3,opp,1.733,0.05
668.0,-0.1313,0.401,0.777,-3.15,84.2,93.0,0,331,-0.1115,-1.86,337,-0.1507,-2.59,0.118,"{""range_end"": 8.0, ""entry_end"": 13.0, ""entry_mode"": 2, ""buf_k"": 0.5, ""sl_k"": 0.75, ""tp_r"": 1.3333333333333333}",T1_asia0-8,0.75,0.5,mid,1.333,0.0
652.0,-0.1554,0.391,0.741,-3.7,82.2,106.6,0,321,-0.134,-2.21,331,-0.1761,-3.02,0.118,"{""range_end"": 8.0, ""entry_end"": 13.0, ""entry_mode"": 2, ""buf_k"": 0.5, ""sl_k"": 0.75, ""tp_r"": 1.3333333333333333, ""limit_pen"": 0.05}",T1_asia0-8,0.75,0.5,mid,1.333,0.05
668.0,-0.1108,0.365,0.821,-2.34,84.2,82.6,1,331,-0.0984,-1.43,337,-0.123,-1.87,0.118,"{""range_end"": 8.0, ""entry_end"": 13.0, ""entry_mode"": 2, ""buf_k"": 0.5, ""sl_k"": 0.75, ""tp_r"": 2.0}",T1_asia0-8,0.75,0.5,opp,2.0,0.0
652.0,-0.1383,0.354,0.78,-2.9,82.2,97.9,1,321,-0.1266,-1.83,331,-0.1497,-2.27,0.118,"{""range_end"": 8.0, ""entry_end"": 13.0, ""entry_mode"": 2, ""buf_k"": 0.5, ""sl_k"": 0.75, ""tp_r"": 2.0, ""limit_pen"": 0.05}",T1_asia0-8,0.75,0.5,opp,2.0,0.05
1661.0,-0.1039,0.58,0.725,-6.03,209.2,174.2,0,792,-0.1125,-4.43,869,-0.0961,-4.09,0.075,"{""range_end"": 8.0, ""entry_end"": 13.0, ""entry_mode"": 2, ""tp_r"": 0.5}",T1_asia0-8,1.0,0.0,mid,0.5,0.0
1645.0,-0.1143,0.573,0.703,-6.58,207.2,189.7,0,780,-0.1218,-4.75,865,-0.1076,-4.55,0.075,"{""range_end"": 8.0, ""entry_end"": 13.0, ""entry_mode"": 2, ""tp_r"": 0.5, ""limit_pen"": 0.05}",T1_asia0-8,1.0,0.0,mid,0.5,0.05
1661.0,-0.1034,0.463,0.779,-4.75,209.2,177.1,0,792,-0.1212,-3.81,869,-0.0872,-2.93,0.075,"{""range_end"": 8.0, ""entry_end"": 13.0, ""entry_mode"": 2, ""tp_r"": 1.0}",T1_asia0-8,1.0,0.0,opp,1.0,0.0
1645.0,-0.1209,0.454,0.746,-5.55,207.2,203.3,0,780,-0.1399,-4.38,865,-0.1038,-3.49,0.075,"{""range_end"": 8.0, ""entry_end"": 13.0, ""entry_mode"": 2, ""tp_r"": 1.0, ""limit_pen"": 0.05}",T1_asia0-8,1.0,0.0,opp,1.0,0.05
1454.0,-0.0913,0.554,0.772,-4.64,183.3,133.8,0,697,-0.0928,-3.22,757,-0.0898,-3.34,0.078,"{""range_end"": 8.0, ""entry_end"": 13.0, ""entry_mode"": 2, ""buf_k"": 0.1, ""tp_r"": 0.6}",T1_asia0-8,1.0,0.1,mid,0.6,0.0
1433.0,-0.1001,0.548,0.753,-5.04,180.6,144.5,0,687,-0.1027,-3.53,746,-0.0977,-3.6,0.078,"{""range_end"": 8.0, ""entry_end"": 13.0, ""entry_mode"": 2, ""buf_k"": 0.1, ""tp_r"": 0.6, ""limit_pen"": 0.05}",T1_asia0-8,1.0,0.1,mid,0.6,0.05
1454.0,-0.0932,0.464,0.802,-3.91,183.3,139.1,0,697,-0.1224,-3.51,757,-0.0664,-2.03,0.078,"{""range_end"": 8.0, ""entry_end"": 13.0, ""entry_mode"": 2, ""buf_k"": 0.1, ""tp_r"": 1.1}",T1_asia0-8,1.0,0.1,opp,1.1,0.0
1433.0,-0.1046,0.458,0.78,-4.36,180.6,153.4,0,687,-0.1356,-3.87,746,-0.076,-2.31,0.078,"{""range_end"": 8.0, ""entry_end"": 13.0, ""entry_mode"": 2, ""buf_k"": 0.1, ""tp_r"": 1.1, ""limit_pen"": 0.05}",T1_asia0-8,1.0,0.1,opp,1.1,0.05
1200.0,-0.1035,0.515,0.761,-4.49,151.2,125.2,0,573,-0.1175,-3.48,627,-0.0907,-2.87,0.081,"{""range_end"": 8.0, ""entry_end"": 13.0, ""entry_mode"": 2, ""buf_k"": 0.2, ""tp_r"": 0.7}",T1_asia0-8,1.0,0.2,mid,0.7,0.0
1180.0,-0.1168,0.508,0.735,-5.02,148.8,138.1,0,564,-0.1332,-3.91,616,-0.1017,-3.19,0.08,"{""range_end"": 8.0, ""entry_end"": 13.0, ""entry_mode"": 2, ""buf_k"": 0.2, ""tp_r"": 0.7, ""limit_pen"": 0.05}",T1_asia0-8,1.0,0.2,mid,0.7,0.05
1200.0,-0.107,0.439,0.782,-3.95,151.2,130.0,0,573,-0.1433,-3.64,627,-0.0739,-1.98,0.081,"{""range_end"": 8.0, ""entry_end"": 13.0, ""entry_mode"": 2, ""buf_k"": 0.2, ""tp_r"": 1.2}",T1_asia0-8,1.0,0.2,opp,1.2,0.0
1180.0,-0.1179,0.434,0.762,-4.33,148.8,140.4,0,564,-0.1495,-3.78,616,-0.0889,-2.37,0.08,"{""range_end"": 8.0, ""entry_end"": 13.0, ""entry_mode"": 2, ""buf_k"": 0.2, ""tp_r"": 1.2, ""limit_pen"": 0.05}",T1_asia0-8,1.0,0.2,opp,1.2,0.05
993.0,-0.1201,0.486,0.741,-4.5,125.2,119.3,0,482,-0.1412,-3.64,511,-0.1003,-2.73,0.086,"{""range_end"": 8.0, ""entry_end"": 13.0, ""entry_mode"": 2, ""buf_k"": 0.3, ""tp_r"": 0.8}",T1_asia0-8,1.0,0.3,mid,0.8,0.0
978.0,-0.1256,0.484,0.731,-4.67,123.3,122.8,0,474,-0.1492,-3.82,504,-0.1034,-2.79,0.085,"{""range_end"": 8.0, ""entry_end"": 13.0, ""entry_mode"": 2, ""buf_k"": 0.3, ""tp_r"": 0.8, ""limit_pen"": 0.05}",T1_asia0-8,1.0,0.3,mid,0.8,0.05
993.0,-0.105,0.429,0.791,-3.41,125.2,106.5,1,482,-0.1311,-2.93,511,-0.0805,-1.9,0.086,"{""range_end"": 8.0, ""entry_end"": 13.0, ""entry_mode"": 2, ""buf_k"": 0.3, ""tp_r"": 1.3}",T1_asia0-8,1.0,0.3,opp,1.3,0.0
978.0,-0.1105,0.427,0.781,-3.57,123.3,108.2,0,474,-0.1353,-3.0,504,-0.0873,-2.05,0.085,"{""range_end"": 8.0, ""entry_end"": 13.0, ""entry_mode"": 2, ""buf_k"": 0.3, ""tp_r"": 1.3, ""limit_pen"": 0.05}",T1_asia0-8,1.0,0.3,opp,1.3,0.05
668.0,-0.0858,0.47,0.823,-2.4,84.2,64.5,0,331,-0.0675,-1.31,337,-0.1039,-2.09,0.088,"{""range_end"": 8.0, ""entry_end"": 13.0, ""entry_mode"": 2, ""buf_k"": 0.5, ""tp_r"": 1.0}",T1_asia0-8,1.0,0.5,mid,1.0,0.0
652.0,-0.1035,0.462,0.791,-2.87,82.2,72.8,0,321,-0.0815,-1.56,331,-0.1248,-2.5,0.089,"{""range_end"": 8.0, ""entry_end"": 13.0, ""entry_mode"": 2, ""buf_k"": 0.5, ""tp_r"": 1.0, ""limit_pen"": 0.05}",T1_asia0-8,1.0,0.5,mid,1.0,0.05
668.0,-0.0771,0.427,0.851,-1.92,84.2,60.5,1,331,-0.059,-1.01,337,-0.0948,-1.71,0.088,"{""range_end"": 8.0, ""entry_end"": 13.0, ""entry_mode"": 2, ""buf_k"": 0.5, ""tp_r"": 1.5}",T1_asia0-8,1.0,0.5,opp,1.5,0.0
652.0,-0.0974,0.417,0.815,-2.4,82.2,70.9,0,321,-0.0773,-1.31,331,-0.1168,-2.1,0.089,"{""range_end"": 8.0, ""entry_end"": 13.0, ""entry_mode"": 2, ""buf_k"": 0.5, ""tp_r"": 1.5, ""limit_pen"": 0.05}",T1_asia0-8,1.0,0.5,opp,1.5,0.05
1993.0,-0.6557,0.174,0.337,-24.77,251.0,1308.2,0,914,-0.6353,-16.0,1079,-0.6729,-18.96,0.679,"{""range_start"": 7.0, ""range_end"": 8.0, ""entry_mode"": 2, ""sl_k"": 0.25, ""tp_r"": 2.0}",T2_ldn7-8,0.25,0.0,mid,2.0,0.0
1990.0,-0.7346,0.149,0.28,-29.46,250.6,1463.4,0,916,-0.6983,-18.4,1074,-0.7656,-23.23,0.679,"{""range_start"": 7.0, ""range_end"": 8.0, ""entry_mode"": 2, ""sl_k"": 0.25, ""tp_r"": 2.0, ""limit_pen"": 0.05}",T2_ldn7-8,0.25,0.0,mid,2.0,0.05
1993.0,-0.6509,0.107,0.389,-18.49,251.0,1306.1,0,914,-0.5699,-10.3,1079,-0.7196,-15.98,0.679,"{""range_start"": 7.0, ""range_end"": 8.0, ""entry_mode"": 2, ""sl_k"": 0.25, ""tp_r"": 4.0}",T2_ldn7-8,0.25,0.0,opp,4.0,0.0
1990.0,-0.7326,0.091,0.325,-22.31,250.6,1463.3,0,916,-0.6392,-12.15,1074,-0.8123,-19.84,0.679,"{""range_start"": 7.0, ""range_end"": 8.0, ""entry_mode"": 2, ""sl_k"": 0.25, ""tp_r"": 4.0, ""limit_pen"": 0.05}",T2_ldn7-8,0.25,0.0,opp,4.0,0.05
1930.0,-0.6418,0.159,0.363,-21.97,243.1,1244.4,0,883,-0.6296,-14.43,1047,-0.6521,-16.58,0.691,"{""range_start"": 7.0, ""range_end"": 8.0, ""entry_mode"": 2, ""buf_k"": 0.1, ""sl_k"": 0.25, ""tp_r"": 2.4}",T2_ldn7-8,0.25,0.1,mid,2.4,0.0
1920.0,-0.712,0.139,0.31,-25.64,241.8,1370.4,0,877,-0.7053,-17.04,1043,-0.7176,-19.15,0.691,"{""range_start"": 7.0, ""range_end"": 8.0, ""entry_mode"": 2, ""buf_k"": 0.1, ""sl_k"": 0.25, ""tp_r"": 2.4, ""limit_pen"": 0.05}",T2_ldn7-8,0.25,0.1,mid,2.4,0.05
1930.0,-0.6552,0.1,0.393,-17.48,243.1,1270.8,0,883,-0.5945,-10.25,1047,-0.7065,-14.48,0.691,"{""range_start"": 7.0, ""range_end"": 8.0, ""entry_mode"": 2, ""buf_k"": 0.1, ""sl_k"": 0.25, ""tp_r"": 4.4}",T2_ldn7-8,0.25,0.1,opp,4.4,0.0
1920.0,-0.7435,0.084,0.324,-21.37,241.8,1429.4,0,877,-0.7078,-13.31,1043,-0.7734,-16.88,0.691,"{""range_start"": 7.0, ""range_end"": 8.0, ""entry_mode"": 2, ""buf_k"": 0.1, ""sl_k"": 0.25, ""tp_r"": 4.4, ""limit_pen"": 0.05}",T2_ldn7-8,0.25,0.1,opp,4.4,0.05
1841.0,-0.6967,0.129,0.334,-22.75,231.9,1286.1,0,844,-0.7057,-15.69,997,-0.6891,-16.48,0.703,"{""range_start"": 7.0, ""range_end"": 8.0, ""entry_mode"": 2, ""buf_k"": 0.2, ""sl_k"": 0.25, ""tp_r"": 2.8}",T2_ldn7-8,0.25,0.2,mid,2.8,0.0
1829.0,-0.7656,0.111,0.283,-26.52,230.4,1403.7,0,843,-0.7794,-18.52,986,-0.7538,-18.99,0.701,"{""range_start"": 7.0, ""range_end"": 8.0, ""entry_mode"": 2, ""buf_k"": 0.2, ""sl_k"": 0.25, ""tp_r"": 2.8, ""limit_pen"": 0.05}",T2_ldn7-8,0.25,0.2,mid,2.8,0.05
1841.0,-0.6864,0.087,0.374,-17.63,231.9,1268.4,0,844,-0.7047,-12.5,997,-0.6709,-12.48,0.703,"{""range_start"": 7.0, ""range_end"": 8.0, ""entry_mode"": 2, ""buf_k"": 0.2, ""sl_k"": 0.25, ""tp_r"": 4.8}",T2_ldn7-8,0.25,0.2,opp,4.8,0.0
1829.0,-0.7603,0.075,0.316,-20.86,230.4,1395.3,0,843,-0.7815,-14.94,986,-0.7422,-14.63,0.701,"{""range_start"": 7.0, ""range_end"": 8.0, ""entry_mode"": 2, ""buf_k"": 0.2, ""sl_k"": 0.25, ""tp_r"": 4.8, ""limit_pen"": 0.05}",T2_ldn7-8,0.25,0.2,opp,4.8,0.05
1736.0,-0.7566,0.103,0.297,-24.03,218.6,1316.6,0,807,-0.8122,-18.62,929,-0.7083,-15.75,0.72,"{""range_start"": 7.0, ""range_end"": 8.0, ""entry_mode"": 2, ""buf_k"": 0.3, ""sl_k"": 0.25, ""tp_r"": 3.2}",T2_ldn7-8,0.25,0.3,mid,3.2,0.0
1721.0,-0.8328,0.085,0.242,-28.59,216.8,1436.3,0,802,-0.8745,-21.59,919,-0.7963,-19.18,0.72,"{""range_start"": 7.0, ""range_end"": 8.0, ""entry_mode"": 2, ""buf_k"": 0.3, ""sl_k"": 0.25, ""tp_r"": 3.2, ""limit_pen"": 0.05}",T2_ldn7-8,0.25,0.3,mid,3.2,0.05
1736.0,-0.7158,0.077,0.353,-17.8,218.6,1252.1,0,807,-0.7789,-14.01,929,-0.661,-11.48,0.72,"{""range_start"": 7.0, ""range_end"": 8.0, ""entry_mode"": 2, ""buf_k"": 0.3, ""sl_k"": 0.25, ""tp_r"": 5.2}",T2_ldn7-8,0.25,0.3,opp,5.2,0.0
1721.0,-0.8054,0.063,0.284,-21.86,216.8,1391.3,0,802,-0.8474,-16.48,919,-0.7688,-14.67,0.72,"{""range_start"": 7.0, ""range_end"": 8.0, ""entry_mode"": 2, ""buf_k"": 0.3, ""sl_k"": 0.25, ""tp_r"": 5.2, ""limit_pen"": 0.05}",T2_ldn7-8,0.25,0.3,opp,5.2,0.05
1525.0,-0.7335,0.093,0.329,-19.36,192.1,1122.4,0,731,-0.7678,-14.46,794,-0.7019,-13.02,0.74,"{""range_start"": 7.0, ""range_end"": 8.0, ""entry_mode"": 2, ""buf_k"": 0.5, ""sl_k"": 0.25, ""tp_r"": 4.0}",T2_ldn7-8,0.25,0.5,mid,4.0,0.0
1507.0,-0.7958,0.081,0.282,-22.22,189.9,1203.2,0,719,-0.8394,-16.95,788,-0.756,-14.69,0.743,"{""range_start"": 7.0, ""range_end"": 8.0, ""entry_mode"": 2, ""buf_k"": 0.5, ""sl_k"": 0.25, ""tp_r"": 4.0, ""limit_pen"": 0.05}",T2_ldn7-8,0.25,0.5,mid,4.0,0.05
1525.0,-0.7534,0.066,0.332,-16.98,192.1,1154.9,0,731,-0.806,-13.17,794,-0.7049,-11.03,0.74,"{""range_start"": 7.0, ""range_end"": 8.0, ""entry_mode"": 2, ""buf_k"": 0.5, ""sl_k"": 0.25, ""tp_r"": 6.0}",T2_ldn7-8,0.25,0.5,opp,6.0,0.0
1507.0,-0.8142,0.057,0.285,-19.5,189.9,1233.0,0,719,-0.8794,-15.6,788,-0.7548,-12.36,0.743,"{""range_start"": 7.0, ""range_end"": 8.0, ""entry_mode"": 2, ""buf_k"": 0.5, ""sl_k"": 0.25, ""tp_r"": 6.0, ""limit_pen"": 0.05}",T2_ldn7-8,0.25,0.5,opp,6.0,0.05
1993.0,-0.3592,0.362,0.489,-16.25,251.0,718.5,0,914,-0.3672,-11.26,1079,-0.3523,-11.71,0.339,"{""range_start"": 7.0, ""range_end"": 8.0, ""entry_mode"": 2, ""sl_k"": 0.5, ""tp_r"": 1.0}",T2_ldn7-8,0.5,0.0,mid,1.0,0.0
1990.0,-0.4087,0.338,0.44,-18.75,250.6,816.1,0,916,-0.4071,-12.64,1074,-0.4101,-13.84,0.339,"{""range_start"": 7.0, ""range_end"": 8.0, ""entry_mode"": 2, ""sl_k"": 0.5, ""tp_r"": 1.0, ""limit_pen"": 0.05}",T2_ldn7-8,0.5,0.0,mid,1.0,0.05
1993.0,-0.3648,0.242,0.562,-12.49,251.0,733.4,0,914,-0.3585,-8.28,1079,-0.3701,-9.34,0.339,"{""range_start"": 7.0, ""range_end"": 8.0, ""entry_mode"": 2, ""sl_k"": 0.5, ""tp_r"": 2.0}",T2_ldn7-8,0.5,0.0,opp,2.0,0.0
1990.0,-0.4098,0.228,0.518,-14.32,250.6,820.0,0,916,-0.397,-9.35,1074,-0.4207,-10.86,0.339,"{""range_start"": 7.0, ""range_end"": 8.0, ""entry_mode"": 2, ""sl_k"": 0.5, ""tp_r"": 2.0, ""limit_pen"": 0.05}",T2_ldn7-8,0.5,0.0,opp,2.0,0.05
1930.0,-0.391,0.316,0.481,-16.41,243.1,758.3,0,883,-0.4156,-11.89,1047,-0.3703,-11.37,0.345,"{""range_start"": 7.0, ""range_end"": 8.0, ""entry_mode"": 2, ""buf_k"": 0.1, ""sl_k"": 0.5, ""tp_r"": 1.2}",T2_ldn7-8,0.5,0.1,mid,1.2,0.0
1920.0,-0.4261,0.3,0.447,-18.07,241.8,821.8,0,877,-0.4519,-13.08,1043,-0.4045,-12.54,0.346,"{""range_start"": 7.0, ""range_end"": 8.0, ""entry_mode"": 2, ""buf_k"": 0.1, ""sl_k"": 0.5, ""tp_r"": 1.2, ""limit_pen"": 0.05}",T2_ldn7-8,0.5,0.1,mid,1.2,0.05
1930.0,-0.3947,0.219,0.542,-12.92,243.1,767.2,0,883,-0.394,-8.73,1047,-0.3953,-9.52,0.345,"{""range_start"": 7.0, ""range_end"": 8.0, ""entry_mode"": 2, ""buf_k"": 0.1, ""sl_k"": 0.5, ""tp_r"": 2.2}",T2_ldn7-8,0.5,0.1,opp,2.2,0.0
1920.0,-0.4399,0.205,0.498,-14.7,241.8,846.8,0,877,-0.444,-10.06,1043,-0.4365,-10.71,0.346,"{""range_start"": 7.0, ""range_end"": 8.0, ""entry_mode"": 2, ""buf_k"": 0.1, ""sl_k"": 0.5, ""tp_r"": 2.2, ""limit_pen"": 0.05}",T2_ldn7-8,0.5,0.1,opp,2.2,0.05
1841.0,-0.4302,0.275,0.461,-16.9,231.9,793.4,0,844,-0.4579,-12.31,997,-0.4067,-11.65,0.352,"{""range_start"": 7.0, ""range_end"": 8.0, ""entry_mode"": 2, ""buf_k"": 0.2, ""sl_k"": 0.5, ""tp_r"": 1.4}",T2_ldn7-8,0.5,0.2,mid,1.4,0.0
1829.0,-0.4659,0.26,0.428,-18.55,230.4,853.5,0,843,-0.498,-13.66,986,-0.4384,-12.67,0.351,"{""range_start"": 7.0, ""range_end"": 8.0, ""entry_mode"": 2, ""buf_k"": 0.2, ""sl_k"": 0.5, ""tp_r"": 1.4, ""limit_pen"": 0.05}",T2_ldn7-8,0.5,0.2,mid,1.4,0.05
1841.0,-0.3979,0.206,0.545,-12.32,231.9,734.9,0,844,-0.4278,-9.1,997,-0.3726,-8.39,0.352,"{""range_start"": 7.0, ""range_end"": 8.0, ""entry_mode"": 2, ""buf_k"": 0.2, ""sl_k"": 0.5, ""tp_r"": 2.4}",T2_ldn7-8,0.5,0.2,opp,2.4,0.0
1829.0,-0.4366,0.195,0.507,-13.76,230.4,800.9,0,843,-0.4681,-10.19,986,-0.4097,-9.35,0.351,"{""range_start"": 7.0, ""range_end"": 8.0, ""entry_mode"": 2, ""buf_k"": 0.2, ""sl_k"": 0.5, ""tp_r"": 2.4, ""limit_pen"": 0.05}",T2_ldn7-8,0.5,0.2,opp,2.4,0.05
1736.0,-0.4157,0.26,0.49,-14.92,218.6,724.7,0,807,-0.4722,-11.89,929,-0.3665,-9.42,0.36,"{""range_start"": 7.0, ""range_end"": 8.0, ""entry_mode"": 2, ""buf_k"": 0.3, ""sl_k"": 0.5, ""tp_r"": 1.6}",T2_ldn7-8,0.5,0.3,mid,1.6,0.0
1721.0,-0.4576,0.244,0.451,-16.69,216.8,790.6,0,802,-0.5048,-12.9,919,-0.4163,-10.87,0.36,"{""range_start"": 7.0, ""range_end"": 8.0, ""entry_mode"": 2, ""buf_k"": 0.3, ""sl_k"": 0.5, ""tp_r"": 1.6, ""limit_pen"": 0.05}",T2_ldn7-8,0.5,0.3,mid,1.6,0.05
1736.0,-0.3883,0.199,0.56,-11.22,218.6,679.2,0,807,-0.4671,-9.58,929,-0.3199,-6.56,0.36,"{""range_start"": 7.0, ""range_end"": 8.0, ""entry_mode"": 2, ""buf_k"": 0.3, ""sl_k"": 0.5, ""tp_r"": 2.6}",T2_ldn7-8,0.5,0.3,opp,2.6,0.0
1721.0,-0.4372,0.185,0.513,-12.91,216.8,757.6,0,802,-0.5044,-10.56,919,-0.3786,-7.94,0.36,"{""range_start"": 7.0, ""range_end"": 8.0, ""entry_mode"": 2, ""buf_k"": 0.3, ""sl_k"": 0.5, ""tp_r"": 2.6, ""limit_pen"": 0.05}",T2_ldn7-8,0.5,0.3,opp,2.6,0.05
1525.0,-0.3797,0.24,0.549,-11.41,192.1,581.0,0,731,-0.3507,-7.19,794,-0.4065,-8.94,0.37,"{""range_start"": 7.0, ""range_end"": 8.0, ""entry_mode"": 2, ""buf_k"": 0.5, ""sl_k"": 0.5, ""tp_r"": 2.0}",T2_ldn7-8,0.5,0.5,mid,2.0,0.0
1507.0,-0.4158,0.228,0.514,-12.64,189.9,628.6,0,719,-0.3938,-8.16,788,-0.4359,-9.7,0.372,"{""range_start"": 7.0, ""range_end"": 8.0, ""entry_mode"": 2, ""buf_k"": 0.5, ""sl_k"": 0.5, ""tp_r"": 2.0, ""limit_pen"": 0.05}",T2_ldn7-8,0.5,0.5,mid,2.0,0.05
1525.0,-0.3935,0.182,0.565,-10.04,192.1,603.0,0,731,-0.3897,-6.84,794,-0.397,-7.34,0.37,"{""range_start"": 7.0, ""range_end"": 8.0, ""entry_mode"": 2, ""buf_k"": 0.5, ""sl_k"": 0.5, ""tp_r"": 3.0}",T2_ldn7-8,0.5,0.5,opp,3.0,0.0
1507.0,-0.4282,0.173,0.532,-11.08,189.9,648.3,0,719,-0.4347,-7.76,788,-0.4224,-7.9,0.372,"{""range_start"": 7.0, ""range_end"": 8.0, ""entry_mode"": 2, ""buf_k"": 0.5, ""sl_k"": 0.5, ""tp_r"": 3.0, ""limit_pen"": 0.05}",T2_ldn7-8,0.5,0.5,opp,3.0,0.05
1993.0,-0.2567,0.476,0.54,-13.51,251.0,513.8,0,914,-0.2752,-9.8,1079,-0.241,-9.34,0.226,"{""range_start"": 7.0, ""range_end"": 8.0, ""entry_mode"": 2, ""sl_k"": 0.75, ""tp_r"": 0.6666666666666666}",T2_ldn7-8,0.75,0.0,mid,0.667,0.0
1990.0,-0.2906,0.456,0.498,-15.31,250.6,579.7,0,916,-0.3067,-10.96,1074,-0.2768,-10.71,0.226,"{""range_start"": 7.0, ""range_end"": 8.0, ""entry_mode"": 2, ""sl_k"": 0.75, ""tp_r"": 0.6666666666666666, ""limit_pen"": 0.05}",T2_ldn7-8,0.75,0.0,mid,0.667,0.05
1993.0,-0.2521,0.347,0.637,-10.04,251.0,509.8,0,914,-0.2538,-6.84,1079,-0.2508,-7.34,0.226,"{""range_start"": 7.0, ""range_end"": 8.0, ""entry_mode"": 2, ""sl_k"": 0.75, ""tp_r"": 1.3333333333333333}",T2_ldn7-8,0.75,0.0,opp,1.333,0.0
1990.0,-0.2836,0.334,0.601,-11.39,250.6,570.4,0,916,-0.2851,-7.76,1074,-0.2823,-8.32,0.226,"{""range_start"": 7.0, ""range_end"": 8.0, ""entry_mode"": 2, ""sl_k"": 0.75, ""tp_r"": 1.3333333333333333, ""limit_pen"": 0.05}",T2_ldn7-8,0.75,0.0,opp,1.333,0.05
1930.0,-0.2679,0.436,0.554,-12.96,243.1,519.3,0,883,-0.2917,-9.58,1047,-0.2478,-8.8,0.23,"{""range_start"": 7.0, ""range_end"": 8.0, ""entry_mode"": 2, ""buf_k"": 0.1, ""sl_k"": 0.75, ""tp_r"": 0.7999999999999999}",T2_ldn7-8,0.75,0.1,mid,0.8,0.0
1920.0,-0.2896,0.424,0.528,-14.01,241.8,558.3,0,877,-0.3114,-10.23,1043,-0.2712,-9.64,0.23,"{""range_start"": 7.0, ""range_end"": 8.0, ""entry_mode"": 2, ""buf_k"": 0.1, ""sl_k"": 0.75, ""tp_r"": 0.7999999999999999, ""limit_pen"": 0.05}",T2_ldn7-8,0.75,0.1,mid,0.8,0.05
1930.0,-0.2655,0.325,0.631,-10.05,243.1,519.4,0,883,-0.289,-7.46,1047,-0.2457,-6.8,0.23,"{""range_start"": 7.0, ""range_end"": 8.0, ""entry_mode"": 2, ""buf_k"": 0.1, ""sl_k"": 0.75, ""tp_r"": 1.4666666666666668}",T2_ldn7-8,0.75,0.1,opp,1.467,0.0
1920.0,-0.2964,0.312,0.595,-11.3,241.8,573.5,0,877,-0.3231,-8.41,1043,-0.2739,-7.63,0.23,"{""range_start"": 7.0, ""range_end"": 8.0, ""entry_mode"": 2, ""buf_k"": 0.1, ""sl_k"": 0.75, ""tp_r"": 1.4666666666666668, ""limit_pen"": 0.05}",T2_ldn7-8,0.75,0.1,opp,1.467,0.05
1841.0,-0.2784,0.403,0.563,-12.41,231.9,514.4,0,844,-0.2805,-8.47,997,-0.2767,-9.06,0.234,"{""range_start"": 7.0, ""range_end"": 8.0, ""entry_mode"": 2, ""buf_k"": 0.2, ""sl_k"": 0.75, ""tp_r"": 0.9333333333333332}",T2_ldn7-8,0.75,0.2,mid,0.933,0.0
1829.0,-0.3041,0.39,0.533,-13.58,230.4,558.0,0,843,-0.3094,-9.39,986,-0.2996,-9.81,0.234,"{""range_start"": 7.0, ""range_end"": 8.0, ""entry_mode"": 2, ""buf_k"": 0.2, ""sl_k"": 0.75, ""tp_r"": 0.9333333333333332, ""limit_pen"": 0.05}",T2_ldn7-8,0.75,0.2,mid,0.933,0.05
1841.0,-0.2758,0.307,0.627,-9.88,231.9,510.8,0,844,-0.2943,-7.19,997,-0.2601,-6.81,0.234,"{""range_start"": 7.0, ""range_end"": 8.0, ""entry_mode"": 2, ""buf_k"": 0.2, ""sl_k"": 0.75, ""tp_r"": 1.5999999999999999}",T2_ldn7-8,0.75,0.2,opp,1.6,0.0
1829.0,-0.303,0.296,0.596,-10.92,230.4,557.4,0,843,-0.3234,-7.98,986,-0.2856,-7.51,0.234,"{""range_start"": 7.0, ""range_end"": 8.0, ""entry_mode"": 2, ""buf_k"": 0.2, ""sl_k"": 0.75, ""tp_r"": 1.5999999999999999, ""limit_pen"": 0.05}",T2_ldn7-8,0.75,0.2,opp,1.6,0.05
1736.0,-0.2643,0.385,0.598,-10.81,218.6,460.9,0,807,-0.272,-7.59,929,-0.2576,-7.7,0.24,"{""range_start"": 7.0, ""range_end"": 8.0, ""entry_mode"": 2, ""buf_k"": 0.3, ""sl_k"": 0.75, ""tp_r"": 1.0666666666666667}",T2_ldn7-8,0.75,0.3,mid,1.067,0.0
1721.0,-0.294,0.371,0.563,-12.05,216.8,508.0,0,802,-0.2986,-8.36,919,-0.29,-8.68,0.24,"{""range_start"": 7.0, ""range_end"": 8.0, ""entry_mode"": 2, ""buf_k"": 0.3, ""sl_k"": 0.75, ""tp_r"": 1.0666666666666667, ""limit_pen"": 0.05}",T2_ldn7-8,0.75,0.3,mid,1.067,0.05
1736.0,-0.2513,0.301,0.662,-8.38,218.6,439.6,0,807,-0.2724,-6.22,929,-0.233,-5.65,0.24,"{""range_start"": 7.0, ""range_end"": 8.0, ""entry_mode"": 2, ""buf_k"": 0.3, ""sl_k"": 0.75, ""tp_r"": 1.7333333333333334}",T2_ldn7-8,0.75,0.3,opp,1.733,0.0
1721.0,-0.2845,0.289,0.625,-9.55,216.8,493.1,0,802,-0.2986,-6.87,919,-0.2722,-6.66,0.24,"{""range_start"": 7.0, ""range_end"": 8.0, ""entry_mode"": 2, ""buf_k"": 0.3, ""sl_k"": 0.75, ""tp_r"": 1.7333333333333334, ""limit_pen"": 0.05}",T2_ldn7-8,0.75,0.3,opp,1.733,0.05
1525.0,-0.2438,0.352,0.649,-8.46,192.1,373.1,0,731,-0.247,-5.93,794,-0.2408,-6.02,0.247,"{""range_start"": 7.0, ""range_end"": 8.0, ""entry_mode"": 2, ""buf_k"": 0.5, ""sl_k"": 0.75, ""tp_r"": 1.3333333333333333}",T2_ldn7-8,0.75,0.5,mid,1.333,0.0
1507.0,-0.2686,0.342,0.619,-9.33,189.9,406.1,0,719,-0.2765,-6.64,788,-0.2615,-6.55,0.248,"{""range_start"": 7.0, ""range_end"": 8.0, ""entry_mode"": 2, ""buf_k"": 0.5, ""sl_k"": 0.75, ""tp_r"": 1.3333333333333333, ""limit_pen"": 0.05}",T2_ldn7-8,0.75,0.5,mid,1.333,0.05
1525.0,-0.2671,0.272,0.657,-7.88,192.1,409.4,1,731,-0.2714,-5.55,794,-0.2632,-5.59,0.247,"{""range_start"": 7.0, ""range_end"": 8.0, ""entry_mode"": 2, ""buf_k"": 0.5, ""sl_k"": 0.75, ""tp_r"": 2.0}",T2_ldn7-8,0.75,0.5,opp,2.0,0.0
1507.0,-0.2899,0.265,0.631,-8.58,189.9,438.9,1,719,-0.3007,-6.16,788,-0.2801,-5.97,0.248,"{""range_start"": 7.0, ""range_end"": 8.0, ""entry_mode"": 2, ""buf_k"": 0.5, ""sl_k"": 0.75, ""tp_r"": 2.0, ""limit_pen"": 0.05}",T2_ldn7-8,0.75,0.5,opp,2.0,0.05
1993.0,-0.1884,0.563,0.586,-11.16,251.0,376.4,0,914,-0.1865,-7.48,1079,-0.19,-8.28,0.17,"{""range_start"": 7.0, ""range_end"": 8.0, ""entry_mode"": 2, ""tp_r"": 0.5}",T2_ldn7-8,1.0,0.0,mid,0.5,0.0
1990.0,-0.2155,0.545,0.545,-12.69,250.6,429.8,0,916,-0.2133,-8.52,1074,-0.2173,-9.4,0.17,"{""range_start"": 7.0, ""range_end"": 8.0, ""entry_mode"": 2, ""tp_r"": 0.5, ""limit_pen"": 0.05}",T2_ldn7-8,1.0,0.0,mid,0.5,0.05
1993.0,-0.1868,0.427,0.685,-8.41,251.0,377.0,0,914,-0.1691,-5.15,1079,-0.2017,-6.69,0.17,"{""range_start"": 7.0, ""range_end"": 8.0, ""entry_mode"": 2, ""tp_r"": 1.0}",T2_ldn7-8,1.0,0.0,opp,1.0,0.0
1990.0,-0.2104,0.416,0.653,-9.5,250.6,422.5,0,916,-0.1943,-5.94,1074,-0.2242,-7.45,0.17,"{""range_start"": 7.0, ""range_end"": 8.0, ""entry_mode"": 2, ""tp_r"": 1.0, ""limit_pen"": 0.05}",T2_ldn7-8,1.0,0.0,opp,1.0,0.05
1930.0,-0.1885,0.53,0.616,-10.24,243.1,366.3,0,883,-0.1926,-7.08,1047,-0.1849,-7.4,0.173,"{""range_start"": 7.0, ""range_end"": 8.0, ""entry_mode"": 2, ""buf_k"": 0.1, ""tp_r"": 0.6}",T2_ldn7-8,1.0,0.1,mid,0.6,0.0
1920.0,-0.2052,0.519,0.591,-11.11,241.8,396.6,0,877,-0.209,-7.65,1043,-0.202,-8.05,0.173,"{""range_start"": 7.0, ""range_end"": 8.0, ""entry_mode"": 2, ""buf_k"": 0.1, ""tp_r"": 0.6, ""limit_pen"": 0.05}",T2_ldn7-8,1.0,0.1,mid,0.6,0.05
1930.0,-0.1878,0.41,0.694,-8.0,243.1,369.0,0,883,-0.1717,-4.94,1047,-0.2014,-6.32,0.173,"{""range_start"": 7.0, ""range_end"": 8.0, ""entry_mode"": 2, ""buf_k"": 0.1, ""tp_r"": 1.1}",T2_ldn7-8,1.0,0.1,opp,1.1,0.0
1920.0,-0.2131,0.398,0.66,-9.1,241.8,413.6,0,877,-0.1993,-5.74,1043,-0.2247,-7.08,0.173,"{""range_start"": 7.0, ""range_end"": 8.0, ""entry_mode"": 2, ""buf_k"": 0.1, ""tp_r"": 1.1, ""limit_pen"": 0.05}",T2_ldn7-8,1.0,0.1,opp,1.1,0.05
1841.0,-0.1973,0.496,0.626,-9.85,231.9,364.5,0,844,-0.1932,-6.53,997,-0.2007,-7.37,0.176,"{""range_start"": 7.0, ""range_end"": 8.0, ""entry_mode"": 2, ""buf_k"": 0.2, ""tp_r"": 0.7}",T2_ldn7-8,1.0,0.2,mid,0.7,0.0
1829.0,-0.215,0.486,0.601,-10.7,230.4,394.6,0,843,-0.2164,-7.31,986,-0.2138,-7.81,0.175,"{""range_start"": 7.0, ""range_end"": 8.0, ""entry_mode"": 2, ""buf_k"": 0.2, ""tp_r"": 0.7, ""limit_pen"": 0.05}",T2_ldn7-8,1.0,0.2,mid,0.7,0.05
1841.0,-0.1962,0.39,0.692,-7.88,231.9,363.6,0,844,-0.1988,-5.41,997,-0.194,-5.73,0.176,"{""range_start"": 7.0, ""range_end"": 8.0, ""entry_mode"": 2, ""buf_k"": 0.2, ""tp_r"": 1.2}",T2_ldn7-8,1.0,0.2,opp,1.2,0.0
1829.0,-0.2169,0.381,0.664,-8.72,230.4,399.0,0,843,-0.2233,-6.1,986,-0.2114,-6.23,0.175,"{""range_start"": 7.0, ""range_end"": 8.0, ""entry_mode"": 2, ""buf_k"": 0.2, ""tp_r"": 1.2, ""limit_pen"": 0.05}",T2_ldn7-8,1.0,0.2,opp,1.2,0.05
1736.0,-0.1943,0.47,0.649,-8.92,218.6,338.8,0,807,-0.2161,-6.78,929,-0.1753,-5.88,0.18,"{""range_start"": 7.0, ""range_end"": 8.0, ""entry_mode"": 2, ""buf_k"": 0.3, ""tp_r"": 0.8}",T2_ldn7-8,1.0,0.3,mid,0.8,0.0
1721.0,-0.2176,0.457,0.617,-9.97,216.8,376.1,0,802,-0.2361,-7.39,919,-0.2016,-6.73,0.18,"{""range_start"": 7.0, ""range_end"": 8.0, ""entry_mode"": 2, ""buf_k"": 0.3, ""tp_r"": 0.8, ""limit_pen"": 0.05}",T2_ldn7-8,1.0,0.3,mid,0.8,0.05
1736.0,-0.1967,0.373,0.699,-7.41,218.6,344.0,0,807,-0.2155,-5.55,929,-0.1804,-4.95,0.18,"{""range_start"": 7.0, ""range_end"": 8.0, ""entry_mode"": 2, ""buf_k"": 0.3, ""tp_r"": 1.3}",T2_ldn7-8,1.0,0.3,opp,1.3,0.0
1721.0,-0.2247,0.361,0.663,-8.48,216.8,389.2,0,802,-0.2394,-6.19,919,-0.2118,-5.82,0.18,"{""range_start"": 7.0, ""range_end"": 8.0, ""entry_mode"": 2, ""buf_k"": 0.3, ""tp_r"": 1.3, ""limit_pen"": 0.05}",T2_ldn7-8,1.0,0.3,opp,1.3,0.05
1525.0,-0.1587,0.445,0.728,-6.19,192.1,246.1,0,731,-0.1676,-4.53,794,-0.1505,-4.24,0.185,"{""range_start"": 7.0, ""range_end"": 8.0, ""entry_mode"": 2, ""buf_k"": 0.5, ""tp_r"": 1.0}",T2_ldn7-8,1.0,0.5,mid,1.0,0.0
1507.0,-0.1785,0.435,0.7,-6.94,189.9,273.1,0,719,-0.1914,-5.14,788,-0.1668,-4.68,0.186,"{""range_start"": 7.0, ""range_end"": 8.0, ""entry_mode"": 2, ""buf_k"": 0.5, ""tp_r"": 1.0, ""limit_pen"": 0.05}",T2_ldn7-8,1.0,0.5,mid,1.0,0.05
1525.0,-0.1887,0.352,0.722,-6.25,192.1,294.8,1,731,-0.2009,-4.61,794,-0.1775,-4.24,0.185,"{""range_start"": 7.0, ""range_end"": 8.0, ""entry_mode"": 2, ""buf_k"": 0.5, ""tp_r"": 1.5}",T2_ldn7-8,1.0,0.5,opp,1.5,0.0
1507.0,-0.2061,0.345,0.699,-6.82,189.9,317.6,1,719,-0.2238,-5.13,788,-0.19,-4.54,0.186,"{""range_start"": 7.0, ""range_end"": 8.0, ""entry_mode"": 2, ""buf_k"": 0.5, ""tp_r"": 1.5, ""limit_pen"": 0.05}",T2_ldn7-8,1.0,0.5,opp,1.5,0.05
1920.0,-0.3651,0.248,0.556,-12.36,241.9,701.8,0,913,-0.4018,-9.56,1007,-0.3318,-8.0,0.309,"{""range_start"": 8.0, ""range_end"": 13.0, ""entry_end"": 17.0, ""entry_mode"": 2, ""sl_k"": 0.25, ""tp_r"": 2.0}",T3_ldn8-13,0.25,0.0,mid,2.0,0.0
1915.0,-0.3949,0.237,0.526,-13.58,241.3,756.3,0,922,-0.4265,-10.32,993,-0.3656,-8.94,0.31,"{""range_start"": 8.0, ""range_end"": 13.0, ""entry_end"": 17.0, ""entry_mode"": 2, ""sl_k"": 0.25, ""tp_r"": 2.0, ""limit_pen"": 0.05}",T3_ldn8-13,0.25,0.0,mid,2.0,0.05
1920.0,-0.3481,0.188,0.607,-9.16,241.9,668.3,0,913,-0.4389,-8.53,1007,-0.2657,-4.8,0.309,"{""range_start"": 8.0, ""range_end"": 13.0, ""entry_end"": 17.0, ""entry_mode"": 2, ""sl_k"": 0.25, ""tp_r"": 4.0}",T3_ldn8-13,0.25,0.0,opp,4.0,0.0
1915.0,-0.3867,0.179,0.567,-10.44,241.3,740.6,0,922,-0.4559,-8.99,993,-0.3225,-6.01,0.31,"{""range_start"": 8.0, ""range_end"": 13.0, ""entry_end"": 17.0, ""entry_mode"": 2, ""sl_k"": 0.25, ""tp_r"": 4.0, ""limit_pen"": 0.05}",T3_ldn8-13,0.25,0.0,opp,4.0,0.05
1806.0,-0.2748,0.252,0.664,-8.06,227.5,500.8,0,880,-0.3055,-6.34,926,-0.2457,-5.09,0.315,"{""range_start"": 8.0, ""range_end"": 13.0, ""entry_end"": 17.0, ""entry_mode"": 2, ""buf_k"": 0.1, ""sl_k"": 0.25, ""tp_r"": 2.4}",T3_ldn8-13,0.25,0.1,mid,2.4,0.0
1792.0,-0.3214,0.239,0.614,-9.58,225.8,578.8,0,871,-0.3509,-7.39,921,-0.2935,-6.19,0.316,"{""range_start"": 8.0, ""range_end"": 13.0, ""entry_end"": 17.0, ""entry_mode"": 2, ""buf_k"": 0.1, ""sl_k"": 0.25, ""tp_r"": 2.4, ""limit_pen"": 0.05}",T3_ldn8-13,0.25,0.1,mid,2.4,0.05
1806.0,-0.2704,0.203,0.689,-6.46,227.5,496.9,0,880,-0.2899,-4.84,926,-0.2518,-4.3,0.315,"{""range_start"": 8.0, ""range_end"": 13.0, ""entry_end"": 17.0, ""entry_mode"": 2, ""buf_k"": 0.1, ""sl_k"": 0.25, ""tp_r"": 4.4}",T3_ldn8-13,0.25,0.1,opp,4.4,0.0
1792.0,-0.3151,0.194,0.642,-7.69,225.8,570.2,0,871,-0.3351,-5.71,921,-0.2962,-5.17,0.316,"{""range_start"": 8.0, ""range_end"": 13.0, ""entry_end"": 17.0, ""entry_mode"": 2, ""buf_k"": 0.1, ""sl_k"": 0.25, ""tp_r"": 4.4, ""limit_pen"": 0.05}",T3_ldn8-13,0.25,0.1,opp,4.4,0.05
1652.0,-0.2499,0.239,0.698,-6.58,208.1,430.4,0,814,-0.2192,-4.02,838,-0.2797,-5.29,0.322,"{""range_start"": 8.0, ""range_end"": 13.0, ""entry_end"": 17.0, ""entry_mode"": 2, ""buf_k"": 0.2, ""sl_k"": 0.25, ""tp_r"": 2.8}",T3_ldn8-13,0.25,0.2,mid,2.8,0.0
1641.0,-0.2957,0.226,0.649,-7.92,206.8,496.3,0,807,-0.2749,-5.15,834,-0.3159,-6.05,0.321,"{""range_start"": 8.0, ""range_end"": 13.0, ""entry_end"": 17.0, ""entry_mode"": 2, ""buf_k"": 0.2, ""sl_k"": 0.25, ""tp_r"": 2.8, ""limit_pen"": 0.05}",T3_ldn8-13,0.25,0.2,mid,2.8,0.05
1652.0,-0.2453,0.2,0.718,-5.4,208.1,434.9,0,814,-0.1751,-2.6,838,-0.3136,-5.13,0.322,"{""range_start"": 8.0, ""range_end"": 13.0, ""entry_end"": 17.0, ""entry_mode"": 2, ""buf_k"": 0.2, ""sl_k"": 0.25, ""tp_r"": 4.8}",T3_ldn8-13,0.25,0.2,opp,4.8,0.0
1641.0,-0.2901,0.19,0.67,-6.51,206.8,499.1,0,807,-0.2237,-3.39,834,-0.3545,-5.9,0.321,"{""range_start"": 8.0, ""range_end"": 13.0, ""entry_end"": 17.0, ""entry_mode"": 2, ""buf_k"": 0.2, ""sl_k"": 0.25, ""tp_r"": 4.8, ""limit_pen"": 0.05}",T3_ldn8-13,0.25,0.2,opp,4.8,0.05
1496.0,-0.2757,0.217,0.678,-6.59,188.5,428.6,0,739,-0.2432,-4.03,757,-0.3073,-5.3,0.334,"{""range_start"": 8.0, ""range_end"": 13.0, ""entry_end"": 17.0, ""entry_mode"": 2, ""buf_k"": 0.3, ""sl_k"": 0.25, ""tp_r"": 3.2}",T3_ldn8-13,0.25,0.3,mid,3.2,0.0
1483.0,-0.3157,0.206,0.637,-7.66,186.8,480.9,0,728,-0.2869,-4.81,755,-0.3435,-6.03,0.334,"{""range_start"": 8.0, ""range_end"": 13.0, ""entry_end"": 17.0, ""entry_mode"": 2, ""buf_k"": 0.3, ""sl_k"": 0.25, ""tp_r"": 3.2, ""limit_pen"": 0.05}",T3_ldn8-13,0.25,0.3,mid,3.2,0.05
1496.0,-0.2645,0.189,0.702,-5.37,188.5,418.3,0,739,-0.2314,-3.29,757,-0.2969,-4.31,0.334,"{""range_start"": 8.0, ""range_end"": 13.0, ""entry_end"": 17.0, ""entry_mode"": 2, ""buf_k"": 0.3, ""sl_k"": 0.25, ""tp_r"": 5.2}",T3_ldn8-13,0.25,0.3,opp,5.2,0.0
1483.0,-0.3074,0.179,0.658,-6.36,186.8,478.2,0,728,-0.2855,-4.16,755,-0.3285,-4.82,0.334,"{""range_start"": 8.0, ""range_end"": 13.0, ""entry_end"": 17.0, ""entry_mode"": 2, ""buf_k"": 0.3, ""sl_k"": 0.25, ""tp_r"": 5.2, ""limit_pen"": 0.05}",T3_ldn8-13,0.25,0.3,opp,5.2,0.05
1212.0,-0.3097,0.19,0.652,-6.21,152.7,394.7,0,591,-0.2596,-3.52,621,-0.3573,-5.3,0.349,"{""range_start"": 8.0, ""range_end"": 13.0, ""entry_end"": 17.0, ""entry_mode"": 2, ""buf_k"": 0.5, ""sl_k"": 0.25, ""tp_r"": 4.0}",T3_ldn8-13,0.25,0.5,mid,4.0,0.0
1205.0,-0.3562,0.18,0.604,-7.32,151.8,444.7,0,592,-0.2866,-3.94,613,-0.4236,-6.53,0.349,"{""range_start"": 8.0, ""range_end"": 13.0, ""entry_end"": 17.0, ""entry_mode"": 2, ""buf_k"": 0.5, ""sl_k"": 0.25, ""tp_r"": 4.0, ""limit_pen"": 0.05}",T3_ldn8-13,0.25,0.5,mid,4.0,0.05
1212.0,-0.327,0.172,0.646,-5.54,152.7,398.2,0,591,-0.3139,-3.47,621,-0.3395,-4.42,0.349,"{""range_start"": 8.0, ""range_end"": 13.0, ""entry_end"": 17.0, ""entry_mode"": 2, ""buf_k"": 0.5, ""sl_k"": 0.25, ""tp_r"": 6.0}",T3_ldn8-13,0.25,0.5,opp,6.0,0.0
1205.0,-0.3761,0.165,0.597,-6.56,151.8,456.1,0,592,-0.3271,-3.64,613,-0.4234,-5.88,0.349,"{""range_start"": 8.0, ""range_end"": 13.0, ""entry_end"": 17.0, ""entry_mode"": 2, ""buf_k"": 0.5, ""sl_k"": 0.25, ""tp_r"": 6.0, ""limit_pen"": 0.05}",T3_ldn8-13,0.25,0.5,opp,6.0,0.05
1920.0,-0.1553,0.444,0.723,-6.96,241.9,303.9,0,913,-0.158,-4.89,1007,-0.1528,-4.95,0.155,"{""range_start"": 8.0, ""range_end"": 13.0, ""entry_end"": 17.0, ""entry_mode"": 2, ""sl_k"": 0.5, ""tp_r"": 1.0}",T3_ldn8-13,0.5,0.0,mid,1.0,0.0
1915.0,-0.1711,0.436,0.699,-7.68,241.3,331.5,0,922,-0.1734,-5.41,993,-0.169,-5.46,0.155,"{""range_start"": 8.0, ""range_end"": 13.0, ""entry_end"": 17.0, ""entry_mode"": 2, ""sl_k"": 0.5, ""tp_r"": 1.0, ""limit_pen"": 0.05}",T3_ldn8-13,0.5,0.0,mid,1.0,0.05
1920.0,-0.1438,0.353,0.776,-5.1,241.9,284.5,0,913,-0.1529,-3.77,1007,-0.1354,-3.45,0.155,"{""range_start"": 8.0, ""range_end"": 13.0, ""entry_end"": 17.0, ""entry_mode"": 2, ""sl_k"": 0.5, ""tp_r"": 2.0}",T3_ldn8-13,0.5,0.0,opp,2.0,0.0
1915.0,-0.166,0.345,0.744,-5.94,241.3,324.2,0,922,-0.1687,-4.2,993,-0.1635,-4.2,0.155,"{""range_start"": 8.0, ""range_end"": 13.0, ""entry_end"": 17.0, ""entry_mode"": 2, ""sl_k"": 0.5, ""tp_r"": 2.0, ""limit_pen"": 0.05}",T3_ldn8-13,0.5,0.0,opp,2.0,0.05
1806.0,-0.1248,0.424,0.784,-5.03,227.5,233.7,0,880,-0.1134,-3.16,926,-0.1357,-3.94,0.158,"{""range_start"": 8.0, ""range_end"": 13.0, ""entry_end"": 17.0, ""entry_mode"": 2, ""buf_k"": 0.1, ""sl_k"": 0.5, ""tp_r"": 1.2}",T3_ldn8-13,0.5,0.1,mid,1.2,0.0
1792.0,-0.1496,0.413,0.746,-6.03,225.8,276.4,0,871,-0.1364,-3.8,921,-0.1622,-4.72,0.158,"{""range_start"": 8.0, ""range_end"": 13.0, ""entry_end"": 17.0, ""entry_mode"": 2, ""buf_k"": 0.1, ""sl_k"": 0.5, ""tp_r"": 1.2, ""limit_pen"": 0.05}",T3_ldn8-13,0.5,0.1,mid,1.2,0.05
1806.0,-0.1144,0.355,0.822,-3.77,227.5,222.4,2,880,-0.0958,-2.17,926,-0.1322,-3.16,0.158,"{""range_start"": 8.0, ""range_end"": 13.0, ""entry_end"": 17.0, ""entry_mode"": 2, ""buf_k"": 0.1, ""sl_k"": 0.5, ""tp_r"": 2.2}",T3_ldn8-13,0.5,0.1,opp,2.2,0.0
1792.0,-0.1365,0.348,0.79,-4.52,225.8,259.7,1,871,-0.1163,-2.65,921,-0.1557,-3.74,0.158,"{""range_start"": 8.0, ""range_end"": 13.0, ""entry_end"": 17.0, ""entry_mode"": 2, ""buf_k"": 0.1, ""sl_k"": 0.5, ""tp_r"": 2.2, ""limit_pen"": 0.05}",T3_ldn8-13,0.5,0.1,opp,2.2,0.05
1652.0,-0.1238,0.401,0.793,-4.51,208.1,220.1,1,814,-0.0994,-2.51,838,-0.1476,-3.87,0.161,"{""range_start"": 8.0, ""range_end"": 13.0, ""entry_end"": 17.0, ""entry_mode"": 2, ""buf_k"": 0.2, ""sl_k"": 0.5, ""tp_r"": 1.4}",T3_ldn8-13,0.5,0.2,mid,1.4,0.0
1641.0,-0.1433,0.392,0.764,-5.22,206.8,250.0,0,807,-0.1195,-3.02,834,-0.1664,-4.37,0.161,"{""range_start"": 8.0, ""range_end"": 13.0, ""entry_end"": 17.0, ""entry_mode"": 2, ""buf_k"": 0.2, ""sl_k"": 0.5, ""tp_r"": 1.4, ""limit_pen"": 0.05}",T3_ldn8-13,0.5,0.2,mid,1.4,0.05
1652.0,-0.1144,0.347,0.824,-3.51,208.1,206.2,0,814,-0.0752,-1.59,838,-0.1524,-3.4,0.161,"{""range_start"": 8.0, ""range_end"": 13.0, ""entry_end"": 17.0, ""entry_mode"": 2, ""buf_k"": 0.2, ""sl_k"": 0.5, ""tp_r"": 2.4}",T3_ldn8-13,0.5,0.2,opp,2.4,0.0
1641.0,-0.1332,0.339,0.797,-4.09,206.8,235.9,0,807,-0.0928,-1.96,834,-0.1723,-3.85,0.161,"{""range_start"": 8.0, ""range_end"": 13.0, ""entry_end"": 17.0, ""entry_mode"": 2, ""buf_k"": 0.2, ""sl_k"": 0.5, ""tp_r"": 2.4, ""limit_pen"": 0.05}",T3_ldn8-13,0.5,0.2,opp,2.4,0.05
1496.0,-0.1376,0.372,0.78,-4.55,188.5,214.4,1,739,-0.119,-2.73,757,-0.1558,-3.71,0.167,"{""range_start"": 8.0, ""range_end"": 13.0, ""entry_end"": 17.0, ""entry_mode"": 2, ""buf_k"": 0.3, ""sl_k"": 0.5, ""tp_r"": 1.6}",T3_ldn8-13,0.5,0.3,mid,1.6,0.0
1483.0,-0.1593,0.363,0.749,-5.28,186.8,241.9,0,728,-0.1408,-3.22,755,-0.1772,-4.25,0.167,"{""range_start"": 8.0, ""range_end"": 13.0, ""entry_end"": 17.0, ""entry_mode"": 2, ""buf_k"": 0.3, ""sl_k"": 0.5, ""tp_r"": 1.6, ""limit_pen"": 0.05}",T3_ldn8-13,0.5,0.3,mid,1.6,0.05
1496.0,-0.1427,0.329,0.789,-3.97,188.5,222.4,0,739,-0.1159,-2.18,757,-0.1689,-3.48,0.167,"{""range_start"": 8.0, ""range_end"": 13.0, ""entry_end"": 17.0, ""entry_mode"": 2, ""buf_k"": 0.3, ""sl_k"": 0.5, ""tp_r"": 2.6}",T3_ldn8-13,0.5,0.3,opp,2.6,0.0
1483.0,-0.1653,0.321,0.758,-4.61,186.8,253.8,0,728,-0.1423,-2.68,755,-0.1874,-3.87,0.167,"{""range_start"": 8.0, ""range_end"": 13.0, ""entry_end"": 17.0, ""entry_mode"": 2, ""buf_k"": 0.3, ""sl_k"": 0.5, ""tp_r"": 2.6, ""limit_pen"": 0.05}",T3_ldn8-13,0.5,0.3,opp,2.6,0.05
1212.0,-0.1857,0.33,0.726,-5.17,152.7,237.3,0,591,-0.1828,-3.54,621,-0.1884,-3.77,0.175,"{""range_start"": 8.0, ""range_end"": 13.0, ""entry_end"": 17.0, ""entry_mode"": 2, ""buf_k"": 0.5, ""sl_k"": 0.5, ""tp_r"": 2.0}",T3_ldn8-13,0.5,0.5,mid,2.0,0.0
1205.0,-0.2091,0.322,0.695,-5.86,151.8,262.2,0,592,-0.1944,-3.78,613,-0.2233,-4.5,0.174,"{""range_start"": 8.0, ""range_end"": 13.0, ""entry_end"": 17.0, ""entry_mode"": 2, ""buf_k"": 0.5, ""sl_k"": 0.5, ""tp_r"": 2.0, ""limit_pen"": 0.05}",T3_ldn8-13,0.5,0.5,mid,2.0,0.05
1212.0,-0.1841,0.307,0.74,-4.45,152.7,223.9,1,591,-0.1967,-3.23,621,-0.1722,-3.05,0.175,"{""range_start"": 8.0, ""range_end"": 13.0, ""entry_end"": 17.0, ""entry_mode"": 2, ""buf_k"": 0.5, ""sl_k"": 0.5, ""tp_r"": 3.0}",T3_ldn8-13,0.5,0.5,opp,3.0,0.0
1205.0,-0.21,0.3,0.706,-5.13,151.8,253.8,1,592,-0.2048,-3.38,613,-0.215,-3.89,0.174,"{""range_start"": 8.0, ""range_end"": 13.0, ""entry_end"": 17.0, ""entry_mode"": 2, ""buf_k"": 0.5, ""sl_k"": 0.5, ""tp_r"": 3.0, ""limit_pen"": 0.05}",T3_ldn8-13,0.5,0.5,opp,3.0,0.05
1920.0,-0.1075,0.532,0.75,-5.93,241.9,215.3,0,913,-0.1073,-4.05,1007,-0.1077,-4.33,0.103,"{""range_start"": 8.0, ""range_end"": 13.0, ""entry_end"": 17.0, ""entry_mode"": 2, ""sl_k"": 0.75, ""tp_r"": 0.6666666666666666}",T3_ldn8-13,0.75,0.0,mid,0.667,0.0
1915.0,-0.1164,0.526,0.733,-6.41,241.3,227.3,0,922,-0.1132,-4.29,993,-0.1193,-4.76,0.103,"{""range_start"": 8.0, ""range_end"": 13.0, ""entry_end"": 17.0, ""entry_mode"": 2, ""sl_k"": 0.75, ""tp_r"": 0.6666666666666666, ""limit_pen"": 0.05}",T3_ldn8-13,0.75,0.0,mid,0.667,0.05
1920.0,-0.1074,0.432,0.79,-4.68,241.9,216.4,0,913,-0.1212,-3.58,1007,-0.0948,-3.05,0.103,"{""range_start"": 8.0, ""range_end"": 13.0, ""entry_end"": 17.0, ""entry_mode"": 2, ""sl_k"": 0.75, ""tp_r"": 1.3333333333333333}",T3_ldn8-13,0.75,0.0,opp,1.333,0.0
1915.0,-0.1196,0.427,0.769,-5.23,241.3,236.3,0,922,-0.1257,-3.73,993,-0.1139,-3.67,0.103,"{""range_start"": 8.0, ""range_end"": 13.0, ""entry_end"": 17.0, ""entry_mode"": 2, ""sl_k"": 0.75, ""tp_r"": 1.3333333333333333, ""limit_pen"": 0.05}",T3_ldn8-13,0.75,0.0,opp,1.333,0.05
1806.0,-0.0901,0.504,0.799,-4.52,227.5,168.2,0,880,-0.0873,-3.02,926,-0.0928,-3.37,0.105,"{""range_start"": 8.0, ""range_end"": 13.0, ""entry_end"": 17.0, ""entry_mode"": 2, ""buf_k"": 0.1, ""sl_k"": 0.75, ""tp_r"": 0.7999999999999999}",T3_ldn8-13,0.75,0.1,mid,0.8,0.0
1792.0,-0.1068,0.496,0.767,-5.34,225.8,196.6,0,871,-0.1033,-3.56,921,-0.11,-3.98,0.105,"{""range_start"": 8.0, ""range_end"": 13.0, ""entry_end"": 17.0, ""entry_mode"": 2, ""buf_k"": 0.1, ""sl_k"": 0.75, ""tp_r"": 0.7999999999999999, ""limit_pen"": 0.05}",T3_ldn8-13,0.75,0.1,mid,0.8,0.05
1806.0,-0.0861,0.429,0.832,-3.52,227.5,165.5,2,880,-0.0784,-2.16,926,-0.0934,-2.82,0.105,"{""range_start"": 8.0, ""range_end"": 13.0, ""entry_end"": 17.0, ""entry_mode"": 2, ""buf_k"": 0.1, ""sl_k"": 0.75, ""tp_r"": 1.4666666666666668}",T3_ldn8-13,0.75,0.1,opp,1.467,0.0
1792.0,-0.0996,0.424,0.808,-4.07,225.8,188.1,1,871,-0.0913,-2.52,921,-0.1075,-3.25,0.105,"{""range_start"": 8.0, ""range_end"": 13.0, ""entry_end"": 17.0, ""entry_mode"": 2, ""buf_k"": 0.1, ""sl_k"": 0.75, ""tp_r"": 1.4666666666666668, ""limit_pen"": 0.05}",T3_ldn8-13,0.75,0.1,opp,1.467,0.05
1652.0,-0.0922,0.482,0.805,-4.18,208.1,164.1,1,814,-0.0813,-2.57,838,-0.1027,-3.34,0.107,"{""range_start"": 8.0, ""range_end"": 13.0, ""entry_end"": 17.0, ""entry_mode"": 2, ""buf_k"": 0.2, ""sl_k"": 0.75, ""tp_r"": 0.9333333333333332}",T3_ldn8-13,0.75,0.2,mid,0.933,0.0
1641.0,-0.1057,0.473,0.78,-4.78,206.8,183.9,1,807,-0.0961,-3.03,834,-0.115,-3.74,0.107,"{""range_start"": 8.0, ""range_end"": 13.0, ""entry_end"": 17.0, ""entry_mode"": 2, ""buf_k"": 0.2, ""sl_k"": 0.75, ""tp_r"": 0.9333333333333332, ""limit_pen"": 0.05}",T3_ldn8-13,0.75,0.2,mid,0.933,0.05
1652.0,-0.0865,0.424,0.835,-3.28,208.1,154.3,1,814,-0.07,-1.81,838,-0.1025,-2.85,0.107,"{""range_start"": 8.0, ""range_end"": 13.0, ""entry_end"": 17.0, ""entry_mode"": 2, ""buf_k"": 0.2, ""sl_k"": 0.75, ""tp_r"": 1.5999999999999999}",T3_ldn8-13,0.75,0.2,opp,1.6,0.0
1641.0,-0.0992,0.417,0.813,-3.76,206.8,174.3,1,807,-0.0823,-2.13,834,-0.1156,-3.21,0.107,"{""range_start"": 8.0, ""range_end"": 13.0, ""entry_end"": 17.0, ""entry_mode"": 2, ""buf_k"": 0.2, ""sl_k"": 0.75, ""tp_r"": 1.5999999999999999, ""limit_pen"": 0.05}",T3_ldn8-13,0.75,0.2,opp,1.6,0.05
1496.0,-0.1114,0.451,0.777,-4.6,188.5,173.5,1,739,-0.1129,-3.26,757,-0.1099,-3.24,0.111,"{""range_start"": 8.0, ""range_end"": 13.0, ""entry_end"": 17.0, ""entry_mode"": 2, ""buf_k"": 0.3, ""sl_k"": 0.75, ""tp_r"": 1.0666666666666667}",T3_ldn8-13,0.75,0.3,mid,1.067,0.0
1483.0,-0.1267,0.442,0.75,-5.22,186.8,193.7,0,728,-0.128,-3.67,755,-0.1256,-3.71,0.111,"{""range_start"": 8.0, ""range_end"": 13.0, ""entry_end"": 17.0, ""entry_mode"": 2, ""buf_k"": 0.3, ""sl_k"": 0.75, ""tp_r"": 1.0666666666666667, ""limit_pen"": 0.05}",T3_ldn8-13,0.75,0.3,mid,1.067,0.05
1496.0,-0.1114,0.408,0.794,-3.95,188.5,173.3,1,739,-0.1159,-2.84,757,-0.1071,-2.75,0.111,"{""range_start"": 8.0, ""range_end"": 13.0, ""entry_end"": 17.0, ""entry_mode"": 2, ""buf_k"": 0.3, ""sl_k"": 0.75, ""tp_r"": 1.7333333333333334}",T3_ldn8-13,0.75,0.3,opp,1.733,0.0
1483.0,-0.1269,0.401,0.768,-4.5,186.8,194.7,1,728,-0.1336,-3.27,755,-0.1204,-3.09,0.111,"{""range_start"": 8.0, ""range_end"": 13.0, ""entry_end"": 17.0, ""entry_mode"": 2, ""buf_k"": 0.3, ""sl_k"": 0.75, ""tp_r"": 1.7333333333333334, ""limit_pen"": 0.05}",T3_ldn8-13,0.75,0.3,opp,1.733,0.05
1212.0,-0.1084,0.429,0.793,-3.76,152.7,135.0,0,591,-0.0919,-2.22,621,-0.124,-3.09,0.116,"{""range_start"": 8.0, ""range_end"": 13.0, ""entry_end"": 17.0, ""entry_mode"": 2, ""buf_k"": 0.5, ""sl_k"": 0.75, ""tp_r"": 1.3333333333333333}",T3_ldn8-13,0.75,0.5,mid,1.333,0.0
1205.0,-0.1243,0.422,0.765,-4.32,151.8,152.1,0,592,-0.0994,-2.41,613,-0.1484,-3.7,0.116,"{""range_start"": 8.0, ""range_end"": 13.0, ""entry_end"": 17.0, ""entry_mode"": 2, ""buf_k"": 0.5, ""sl_k"": 0.75, ""tp_r"": 1.3333333333333333, ""limit_pen"": 0.05}",T3_ldn8-13,0.75,0.5,mid,1.333,0.05
1212.0,-0.1127,0.402,0.796,-3.46,152.7,136.6,2,591,-0.1092,-2.3,621,-0.116,-2.59,0.116,"{""range_start"": 8.0, ""range_end"": 13.0, ""entry_end"": 17.0, ""entry_mode"": 2, ""buf_k"": 0.5, ""sl_k"": 0.75, ""tp_r"": 2.0}",T3_ldn8-13,0.75,0.5,opp,2.0,0.0
1205.0,-0.1297,0.397,0.767,-4.01,151.8,156.3,1,592,-0.1138,-2.41,613,-0.1451,-3.28,0.116,"{""range_start"": 8.0, ""range_end"": 13.0, ""entry_end"": 17.0, ""entry_mode"": 2, ""buf_k"": 0.5, ""sl_k"": 0.75, ""tp_r"": 2.0, ""limit_pen"": 0.05}",T3_ldn8-13,0.75,0.5,opp,2.0,0.05
1920.0,-0.0882,0.577,0.749,-5.71,241.9,174.0,0,913,-0.0927,-4.09,1007,-0.084,-3.98,0.077,"{""range_start"": 8.0, ""range_end"": 13.0, ""entry_end"": 17.0, ""entry_mode"": 2, ""tp_r"": 0.5}",T3_ldn8-13,1.0,0.0,mid,0.5,0.0
1915.0,-0.0946,0.571,0.733,-6.11,241.3,182.6,0,922,-0.0961,-4.26,993,-0.0932,-4.38,0.077,"{""range_start"": 8.0, ""range_end"": 13.0, ""entry_end"": 17.0, ""entry_mode"": 2, ""tp_r"": 0.5, ""limit_pen"": 0.05}",T3_ldn8-13,1.0,0.0,mid,0.5,0.05
1920.0,-0.0868,0.475,0.794,-4.51,241.9,170.1,0,913,-0.1001,-3.52,1007,-0.0748,-2.86,0.077,"{""range_start"": 8.0, ""range_end"": 13.0, ""entry_end"": 17.0, ""entry_mode"": 2, ""tp_r"": 1.0}",T3_ldn8-13,1.0,0.0,opp,1.0,0.0
1915.0,-0.0955,0.47,0.776,-4.97,241.3,186.0,0,922,-0.1022,-3.61,993,-0.0894,-3.41,0.077,"{""range_start"": 8.0, ""range_end"": 13.0, ""entry_end"": 17.0, ""entry_mode"": 2, ""tp_r"": 1.0, ""limit_pen"": 0.05}",T3_ldn8-13,1.0,0.0,opp,1.0,0.05
1806.0,-0.0682,0.553,0.811,-4.06,227.5,126.9,0,880,-0.0672,-2.77,926,-0.0692,-2.97,0.079,"{""range_start"": 8.0, ""range_end"": 13.0, ""entry_end"": 17.0, ""entry_mode"": 2, ""buf_k"": 0.1, ""tp_r"": 0.6}",T3_ldn8-13,1.0,0.1,mid,0.6,0.0
1792.0,-0.0821,0.545,0.777,-4.86,225.8,149.7,0,871,-0.0804,-3.28,921,-0.0837,-3.58,0.079,"{""range_start"": 8.0, ""range_end"": 13.0, ""entry_end"": 17.0, ""entry_mode"": 2, ""buf_k"": 0.1, ""tp_r"": 0.6, ""limit_pen"": 0.05}",T3_ldn8-13,1.0,0.1,mid,0.6,0.05
1806.0,-0.0659,0.476,0.842,-3.24,227.5,123.8,2,880,-0.0624,-2.09,926,-0.0692,-2.49,0.079,"{""range_start"": 8.0, ""range_end"": 13.0, ""entry_end"": 17.0, ""entry_mode"": 2, ""buf_k"": 0.1, ""tp_r"": 1.1}",T3_ldn8-13,1.0,0.1,opp,1.1,0.0
1792.0,-0.0765,0.472,0.819,-3.75,225.8,141.5,2,871,-0.0721,-2.41,921,-0.0806,-2.9,0.079,"{""range_start"": 8.0, ""range_end"": 13.0, ""entry_end"": 17.0, ""entry_mode"": 2, ""buf_k"": 0.1, ""tp_r"": 1.1, ""limit_pen"": 0.05}",T3_ldn8-13,1.0,0.1,opp,1.1,0.05
1652.0,-0.0718,0.528,0.811,-3.89,208.1,125.3,0,814,-0.059,-2.24,838,-0.0843,-3.26,0.08,"{""range_start"": 8.0, ""range_end"": 13.0, ""entry_end"": 17.0, ""entry_mode"": 2, ""buf_k"": 0.2, ""tp_r"": 0.7}",T3_ldn8-13,1.0,0.2,mid,0.7,0.0
1641.0,-0.083,0.52,0.786,-4.47,206.8,141.6,0,807,-0.071,-2.68,834,-0.0946,-3.64,0.08,"{""range_start"": 8.0, ""range_end"": 13.0, ""entry_end"": 17.0, ""entry_mode"": 2, ""buf_k"": 0.2, ""tp_r"": 0.7, ""limit_pen"": 0.05}",T3_ldn8-13,1.0,0.2,mid,0.7,0.05
1652.0,-0.0674,0.469,0.841,-3.1,208.1,119.5,2,814,-0.0476,-1.51,838,-0.0867,-2.89,0.08,"{""range_start"": 8.0, ""range_end"": 13.0, ""entry_end"": 17.0, ""entry_mode"": 2, ""buf_k"": 0.2, ""tp_r"": 1.2}",T3_ldn8-13,1.0,0.2,opp,1.2,0.0
1641.0,-0.0777,0.462,0.819,-3.56,206.8,135.0,1,807,-0.0573,-1.81,834,-0.0975,-3.24,0.08,"{""range_start"": 8.0, ""range_end"": 13.0, ""entry_end"": 17.0, ""entry_mode"": 2, ""buf_k"": 0.2, ""tp_r"": 1.2, ""limit_pen"": 0.05}",T3_ldn8-13,1.0,0.2,opp,1.2,0.05
1496.0,-0.0793,0.501,0.803,-3.9,188.5,124.9,0,739,-0.0669,-2.31,757,-0.0915,-3.19,0.083,"{""range_start"": 8.0, ""range_end"": 13.0, ""entry_end"": 17.0, ""entry_mode"": 2, ""buf_k"": 0.3, ""tp_r"": 0.8}",T3_ldn8-13,1.0,0.3,mid,0.8,0.0
1483.0,-0.0909,0.494,0.778,-4.45,186.8,138.9,0,728,-0.0779,-2.67,755,-0.1034,-3.61,0.083,"{""range_start"": 8.0, ""range_end"": 13.0, ""entry_end"": 17.0, ""entry_mode"": 2, ""buf_k"": 0.3, ""tp_r"": 0.8, ""limit_pen"": 0.05}",T3_ldn8-13,1.0,0.3,mid,0.8,0.05
1496.0,-0.0758,0.455,0.826,-3.23,188.5,119.0,1,739,-0.0679,-2.01,757,-0.0836,-2.56,0.083,"{""range_start"": 8.0, ""range_end"": 13.0, ""entry_end"": 17.0, ""entry_mode"": 2, ""buf_k"": 0.3, ""tp_r"": 1.3}",T3_ldn8-13,1.0,0.3,opp,1.3,0.0
1483.0,-0.0877,0.448,0.802,-3.73,186.8,134.3,1,728,-0.0806,-2.37,755,-0.0946,-2.9,0.083,"{""range_start"": 8.0, ""range_end"": 13.0, ""entry_end"": 17.0, ""entry_mode"": 2, ""buf_k"": 0.3, ""tp_r"": 1.3, ""limit_pen"": 0.05}",T3_ldn8-13,1.0,0.3,opp,1.3,0.05
1212.0,-0.1024,0.462,0.767,-4.22,152.7,128.9,0,591,-0.0911,-2.63,621,-0.1132,-3.32,0.087,"{""range_start"": 8.0, ""range_end"": 13.0, ""entry_end"": 17.0, ""entry_mode"": 2, ""buf_k"": 0.5, ""tp_r"": 1.0}",T3_ldn8-13,1.0,0.5,mid,1.0,0.0
1205.0,-0.1146,0.456,0.743,-4.72,151.8,141.9,0,592,-0.0961,-2.79,613,-0.1325,-3.88,0.087,"{""range_start"": 8.0, ""range_end"": 13.0, ""entry_end"": 17.0, ""entry_mode"": 2, ""buf_k"": 0.5, ""tp_r"": 1.0, ""limit_pen"": 0.05}",T3_ldn8-13,1.0,0.5,mid,1.0,0.05
1212.0,-0.1007,0.436,0.783,-3.7,152.7,124.3,0,591,-0.0983,-2.5,621,-0.103,-2.73,0.087,"{""range_start"": 8.0, ""range_end"": 13.0, ""entry_end"": 17.0, ""entry_mode"": 2, ""buf_k"": 0.5, ""tp_r"": 1.5}",T3_ldn8-13,1.0,0.5,opp,1.5,0.0
1205.0,-0.1143,0.43,0.756,-4.21,151.8,139.8,0,592,-0.1007,-2.57,613,-0.1273,-3.39,0.087,"{""range_start"": 8.0, ""range_end"": 13.0, ""entry_end"": 17.0, ""entry_mode"": 2, ""buf_k"": 0.5, ""tp_r"": 1.5, ""limit_pen"": 0.05}",T3_ldn8-13,1.0,0.5,opp,1.5,0.05
