n,avg_R,win_rate,PF,t_stat,trades_per_year,maxDD_R,yrs_pos,L_n,L_avg,L_t,S_n,S_avg,S_t,cost_R,timing,pen,off
1332.0,0.0821,0.406,1.162,2.06,167.8,28.5,5,667,0.0373,0.68,665,0.1271,2.21,0.088,T0_asia0-7,0.1,0.0
799.0,0.0321,0.398,1.059,0.62,100.6,37.4,4,411,-0.0354,-0.5,388,0.1037,1.37,0.095,T0_asia0-7,0.1,-0.25
680.0,0.17,0.407,1.327,2.66,85.7,32.1,6,314,0.1625,1.7,366,0.1763,2.06,0.099,T0_asia0-7,0.3,0.0
361.0,0.104,0.377,1.182,1.17,45.7,27.0,5,167,0.0814,0.6,194,0.1234,1.04,0.108,T0_asia0-7,0.3,-0.25
1231.0,0.0668,0.426,1.148,1.83,155.1,29.3,6,602,0.0101,0.21,629,0.1212,2.23,0.079,T1_asia0-8,0.1,0.0
697.0,0.055,0.432,1.115,1.09,88.2,28.0,3,344,-0.0558,-0.87,353,0.1629,2.1,0.087,T1_asia0-8,0.1,-0.25
560.0,0.1219,0.438,1.264,2.05,70.7,20.8,5,242,0.0123,0.15,318,0.2054,2.44,0.092,T1_asia0-8,0.3,0.0
284.0,0.1062,0.412,1.213,1.17,36.1,22.8,5,127,-0.0182,-0.15,157,0.2068,1.56,0.101,T1_asia0-8,0.3,-0.25
1753.0,0.0826,0.264,1.115,1.46,220.8,74.8,5,869,0.1162,1.44,884,0.0496,0.63,0.173,T2_ldn7-8,0.1,0.0
1412.0,0.1068,0.268,1.15,1.7,177.8,46.7,6,706,0.0863,0.99,706,0.1274,1.4,0.181,T2_ldn7-8,0.1,-0.25
1292.0,0.1166,0.267,1.162,1.75,162.7,41.3,6,660,0.0468,0.53,632,0.1896,1.87,0.188,T2_ldn7-8,0.3,0.0
994.0,0.1016,0.261,1.14,1.33,125.2,42.4,6,510,0.009,0.09,484,0.1992,1.71,0.195,T2_ldn7-8,0.3,-0.25
1587.0,-0.0543,0.408,0.873,-2.02,200.2,115.3,1,790,-0.0484,-1.23,797,-0.0601,-1.64,0.079,T3_ldn8-13,0.1,0.0
1193.0,-0.088,0.405,0.798,-2.99,150.7,138.0,1,587,-0.1114,-2.81,606,-0.0652,-1.5,0.083,T3_ldn8-13,0.1,-0.25
1009.0,-0.1182,0.39,0.741,-3.75,127.3,124.8,0,481,-0.1001,-2.15,528,-0.1346,-3.16,0.089,T3_ldn8-13,0.3,0.0
747.0,-0.1614,0.371,0.659,-4.47,94.3,122.6,0,353,-0.1731,-3.38,394,-0.1509,-2.97,0.093,T3_ldn8-13,0.3,-0.25
