timing,mech,n,gross_R,gross_t,gross_L,gross_S,net_R,net_t,cost_R,stress_R,net_yrs
T0_asia0-7,stop buf0,1828,0.0988,2.88,0.0843,0.1137,0.0078,0.23,0.091,-0.0321,4
T0_asia0-7,stop buf_k0.1,1663,0.1163,3.13,0.0875,0.1459,0.0118,0.33,0.1045,-0.0284,4
T0_asia0-7,stop buf_k0.3,1235,0.096,2.11,0.0755,0.116,-0.0105,-0.25,0.1065,-0.0728,5
T0_asia0-7,stop buf_atr0.1,1294,0.0954,2.24,0.1249,0.0663,-0.0128,-0.32,0.1082,-0.0515,3
T0_asia0-7,stop slOpp,1828,0.0986,2.87,0.0838,0.1137,0.0023,0.07,0.0963,-0.0378,4
T0_asia0-7,confirm M15,1565,0.0757,2.06,0.0624,0.0895,-0.0211,-0.59,0.0968,-0.0612,3
T0_asia0-7,confirm M60,1294,0.073,1.78,0.0635,0.0826,-0.0092,-0.23,0.0822,-0.045,5
T0_asia0-7,stop&reverse,2104,0.0905,2.75,0.0653,0.116,0.0003,0.01,0.0902,-0.0398,3
T0_asia0-7,fade sl1W tp1R,1748,-0.0511,-2.34,-0.0707,-0.0319,-0.1087,-4.92,0.0576,-0.1293,1
T0_asia0-7,fade sl0.5W tp=mid,1748,-0.0569,-2.42,-0.0669,-0.0472,-0.193,-8.12,0.1361,-0.2577,0
T0_asia0-7,fade sl0.25W tp=mid,1748,-0.0755,-2.3,-0.0877,-0.0635,-0.3851,-12.47,0.3096,-0.5015,0
T1_asia0-8,stop buf0,1745,0.0787,2.5,0.0611,0.0965,0.0097,0.31,0.069,-0.0218,4
T1_asia0-8,stop buf_k0.1,1541,0.092,2.68,0.0656,0.1185,0.0006,0.02,0.0914,-0.029,4
T1_asia0-8,stop buf_k0.3,1083,0.0585,1.37,0.0145,0.1008,-0.0254,-0.62,0.0839,-0.0731,2
T1_asia0-8,stop buf_atr0.1,1192,0.0625,1.62,0.0607,0.0641,-0.0246,-0.66,0.0871,-0.0616,1
T1_asia0-8,stop slOpp,1745,0.0785,2.5,0.0607,0.0964,0.0057,0.19,0.0728,-0.0259,4
T1_asia0-8,confirm M15,1444,0.0796,2.3,0.0676,0.0915,0.0002,0.01,0.0794,-0.0376,4
T1_asia0-8,confirm M60,1120,0.0793,1.99,0.0368,0.1226,0.0006,0.02,0.0787,-0.0321,6
T1_asia0-8,stop&reverse,1945,0.0622,2.08,0.0377,0.0865,-0.0074,-0.26,0.0696,-0.0457,4
T1_asia0-8,fade sl1W tp1R,1661,-0.046,-2.15,-0.0578,-0.0343,-0.1034,-4.75,0.0574,-0.1285,0
T1_asia0-8,fade sl0.5W tp=mid,1661,-0.0454,-1.89,-0.0657,-0.0252,-0.175,-7.23,0.1296,-0.231,0
T1_asia0-8,fade sl0.25W tp=mid,1661,-0.0532,-1.57,-0.0666,-0.0399,-0.3262,-10.08,0.273,-0.4301,0
T2_ldn7-8,stop buf0,2013,0.1414,2.62,0.1806,0.104,-0.0396,-0.78,0.181,-0.1647,3
T2_ldn7-8,stop buf_k0.1,1978,0.1126,2.06,0.0913,0.1333,-0.0838,-1.67,0.1964,-0.173,1
T2_ldn7-8,stop buf_k0.3,1819,0.1183,2.08,0.1018,0.1351,-0.1032,-2.04,0.2215,-0.2113,1
T2_ldn7-8,stop buf_atr0.1,1575,0.0627,1.09,0.0596,0.0658,-0.1277,-2.47,0.1904,-0.2299,2
T2_ldn7-8,stop slOpp,2013,0.1412,2.61,0.1804,0.1037,-0.0159,-0.31,0.1571,-0.1215,4
T2_ldn7-8,confirm M15,1887,0.1368,2.48,0.1678,0.1067,-0.0821,-1.62,0.2189,-0.1763,2
T2_ldn7-8,confirm M60,1618,0.1461,2.42,0.1041,0.1897,-0.0534,-0.94,0.1995,-0.1566,2
T2_ldn7-8,stop&reverse,2805,0.133,2.9,0.1142,0.1518,-0.053,-1.25,0.186,-0.1552,2
T2_ldn7-8,fade sl1W tp1R,1993,-0.041,-1.86,-0.0106,-0.0729,-0.1868,-8.41,0.1458,-0.2367,0
T2_ldn7-8,fade sl0.5W tp=mid,1993,-0.053,-2.38,-0.0598,-0.046,-0.3592,-16.25,0.3062,-0.4659,0
T2_ldn7-8,fade sl0.25W tp=mid,1993,-0.0476,-1.52,-0.0316,-0.0643,-0.6557,-24.77,0.6081,-0.8703,0
T3_ldn8-13,stop buf0,1954,0.0449,1.59,0.04,0.0499,-0.0394,-1.42,0.0843,-0.0736,1
T3_ldn8-13,stop buf_k0.1,1850,0.0345,1.19,0.0322,0.0368,-0.0512,-1.79,0.0857,-0.0934,1
T3_ldn8-13,stop buf_k0.3,1556,0.0053,0.17,0.0104,0.0005,-0.0888,-2.91,0.0941,-0.132,1
T3_ldn8-13,stop buf_atr0.1,1665,0.0154,0.52,0.0415,-0.0106,-0.0741,-2.57,0.0895,-0.1112,1
T3_ldn8-13,stop slOpp,1954,0.0448,1.58,0.0398,0.05,-0.0423,-1.55,0.0871,-0.0738,1
T3_ldn8-13,confirm M15,1748,0.0027,0.1,0.0174,-0.0124,-0.076,-2.83,0.0787,-0.1084,1
T3_ldn8-13,confirm M60,1435,0.0128,0.46,0.043,-0.0163,-0.0686,-2.5,0.0814,-0.1056,1
T3_ldn8-13,stop&reverse,2520,0.0371,1.49,0.0422,0.0319,-0.0481,-2.0,0.0852,-0.085,1
T3_ldn8-13,fade sl1W tp1R,1920,-0.0277,-1.44,-0.0514,-0.0049,-0.0868,-4.51,0.0591,-0.1057,0
T3_ldn8-13,fade sl0.5W tp=mid,1920,-0.041,-1.85,-0.0566,-0.026,-0.1553,-6.96,0.1143,-0.2017,0
T3_ldn8-13,fade sl0.25W tp=mid,1920,-0.1115,-3.56,-0.1805,-0.0451,-0.3651,-12.36,0.2536,-0.4628,0
