n,avg_R,win_rate,PF,t_stat,trades_per_year,maxDD_R,yrs_pos,L_n,L_avg,L_t,S_n,S_avg,S_t,cost_R,tg,pen,tf,stop_mode,sbuf,rec,tgt_mode,tp_r
709.0,-0.0361,0.468,0.907,-1.16,89.5,43.5,3,371,0.0018,0.04,338,-0.0778,-1.67,0.101,1R,0.3,30,0,0.05,0.0,3,1.0
610.0,-0.0293,0.47,0.92,-0.91,77.1,26.7,4,314,0.0021,0.05,296,-0.0625,-1.29,0.09,1R,0.3,30,0,0.05,0.1,3,1.0
709.0,-0.0275,0.434,0.934,-0.78,89.5,40.6,4,371,0.0204,0.43,338,-0.0801,-1.52,0.101,1.5R,0.3,30,0,0.05,0.0,3,1.5
610.0,-0.025,0.441,0.936,-0.69,77.1,30.1,4,314,0.0003,0.01,296,-0.0518,-0.95,0.09,1.5R,0.3,30,0,0.05,0.1,3,1.5
709.0,-0.0373,0.422,0.913,-1.01,89.5,46.8,5,371,0.0066,0.13,338,-0.0855,-1.55,0.101,2R,0.3,30,0,0.05,0.0,3,2.0
610.0,-0.0281,0.434,0.929,-0.75,77.1,36.8,3,314,0.002,0.04,296,-0.0601,-1.07,0.09,2R,0.3,30,0,0.05,0.1,3,2.0
701.0,-0.0403,0.508,0.893,-1.26,88.5,40.3,1,364,-0.0037,-0.09,337,-0.0798,-1.65,0.101,opp,0.3,30,0,0.05,0.0,2,0.0
602.0,-0.0417,0.542,0.875,-1.38,76.1,31.9,2,307,-0.015,-0.37,295,-0.0695,-1.53,0.09,opp,0.3,30,0,0.05,0.1,2,0.0
709.0,-0.0379,0.467,0.901,-1.24,89.5,40.2,2,371,0.004,0.1,338,-0.0839,-1.83,0.095,1R,0.3,30,0,0.1,0.0,3,1.0
610.0,-0.0351,0.467,0.902,-1.11,77.1,28.0,1,314,0.0007,0.02,296,-0.0731,-1.54,0.086,1R,0.3,30,0,0.1,0.1,3,1.0
709.0,-0.0155,0.444,0.961,-0.45,89.5,28.1,4,371,0.0321,0.69,338,-0.0678,-1.31,0.095,1.5R,0.3,30,0,0.1,0.0,3,1.5
610.0,-0.0193,0.446,0.949,-0.54,77.1,27.5,4,314,0.0117,0.25,296,-0.0522,-0.98,0.086,1.5R,0.3,30,0,0.1,0.1,3,1.5
709.0,-0.0417,0.426,0.899,-1.16,89.5,48.3,4,371,0.0026,0.06,338,-0.0904,-1.68,0.095,2R,0.3,30,0,0.1,0.0,3,2.0
610.0,-0.0396,0.434,0.897,-1.09,77.1,38.7,4,314,-0.0097,-0.2,296,-0.0712,-1.31,0.086,2R,0.3,30,0,0.1,0.1,3,2.0
701.0,-0.038,0.518,0.894,-1.25,88.5,37.5,2,364,-0.0009,-0.02,337,-0.078,-1.69,0.095,opp,0.3,30,0,0.1,0.0,2,0.0
602.0,-0.0423,0.547,0.868,-1.46,76.1,31.7,2,307,-0.0115,-0.3,295,-0.0744,-1.7,0.086,opp,0.3,30,0,0.1,0.1,2,0.0
709.0,-0.0322,0.468,0.91,-1.09,89.5,36.0,3,371,0.0136,0.35,338,-0.0824,-1.86,0.085,1R,0.3,30,0,0.2,0.0,3,1.0
610.0,-0.0339,0.467,0.901,-1.11,77.1,28.8,3,314,-0.0016,-0.04,296,-0.0683,-1.47,0.078,1R,0.3,30,0,0.2,0.1,3,1.0
709.0,-0.027,0.444,0.928,-0.83,89.5,35.9,4,371,0.0215,0.5,338,-0.0803,-1.65,0.085,1.5R,0.3,30,0,0.2,0.0,3,1.5
610.0,-0.0319,0.444,0.911,-0.95,77.1,34.6,2,314,0.0043,0.1,296,-0.0704,-1.39,0.078,1.5R,0.3,30,0,0.2,0.1,3,1.5
709.0,-0.0363,0.434,0.905,-1.07,89.5,46.5,2,371,0.0124,0.28,338,-0.0898,-1.75,0.085,2R,0.3,30,0,0.2,0.0,3,2.0
610.0,-0.0435,0.438,0.881,-1.26,77.1,43.4,3,314,-0.0054,-0.12,296,-0.084,-1.62,0.078,2R,0.3,30,0,0.2,0.1,3,2.0
701.0,-0.0383,0.528,0.884,-1.38,88.5,36.2,1,364,0.0041,0.11,337,-0.0841,-1.98,0.086,opp,0.3,30,0,0.2,0.0,2,0.0
602.0,-0.0473,0.551,0.843,-1.74,76.1,34.0,2,307,-0.0126,-0.35,295,-0.0835,-2.03,0.078,opp,0.3,30,0,0.2,0.1,2,0.0
559.0,-0.0289,0.478,0.922,-0.85,70.7,29.2,2,301,-0.0244,-0.54,258,-0.0342,-0.65,0.096,1R,0.3,60,0,0.05,0.0,3,1.0
460.0,-0.014,0.491,0.96,-0.38,58.2,20.8,4,247,-0.0361,-0.75,213,0.0117,0.21,0.087,1R,0.3,60,0,0.05,0.1,3,1.0
559.0,0.0073,0.46,1.019,0.19,70.7,19.4,4,301,0.0178,0.35,258,-0.005,-0.08,0.096,1.5R,0.3,60,0,0.05,0.0,3,1.5
460.0,0.0099,0.474,1.027,0.24,58.2,16.9,4,247,-0.0179,-0.33,213,0.0422,0.66,0.087,1.5R,0.3,60,0,0.05,0.1,3,1.5
559.0,0.0024,0.449,1.006,0.06,70.7,22.1,4,301,0.0144,0.27,258,-0.0116,-0.18,0.096,2R,0.3,60,0,0.05,0.0,3,2.0
460.0,0.0061,0.465,1.017,0.14,58.2,23.4,3,247,-0.0117,-0.21,213,0.0267,0.4,0.087,2R,0.3,60,0,0.05,0.1,3,2.0
549.0,-0.0217,0.523,0.938,-0.62,69.4,24.3,3,292,-0.0187,-0.42,257,-0.025,-0.45,0.097,opp,0.3,60,0,0.05,0.0,2,0.0
450.0,-0.0167,0.564,0.946,-0.49,56.9,20.7,2,238,-0.04,-0.89,212,0.0095,0.18,0.089,opp,0.3,60,0,0.05,0.1,2,0.0
559.0,-0.0299,0.481,0.917,-0.9,70.7,27.4,3,301,-0.0213,-0.49,258,-0.04,-0.78,0.091,1R,0.3,60,0,0.1,0.0,3,1.0
460.0,-0.021,0.493,0.938,-0.59,58.2,22.0,3,247,-0.0368,-0.79,213,-0.0026,-0.05,0.083,1R,0.3,60,0,0.1,0.1,3,1.0
559.0,0.0192,0.47,1.052,0.5,70.7,19.4,6,301,0.0221,0.45,258,0.0158,0.27,0.091,1.5R,0.3,60,0,0.1,0.0,3,1.5
460.0,0.0146,0.48,1.042,0.36,58.2,16.7,4,247,-0.0133,-0.25,213,0.047,0.75,0.083,1.5R,0.3,60,0,0.1,0.1,3,1.5
559.0,-0.0064,0.454,0.983,-0.16,70.7,25.6,4,301,0.0098,0.19,258,-0.0253,-0.41,0.091,2R,0.3,60,0,0.1,0.0,3,2.0
460.0,-0.0098,0.467,0.973,-0.24,58.2,26.1,3,247,-0.0231,-0.43,213,0.0055,0.09,0.083,2R,0.3,60,0,0.1,0.1,3,2.0
549.0,-0.0186,0.534,0.944,-0.56,69.4,21.1,3,292,-0.0169,-0.4,257,-0.0206,-0.39,0.091,opp,0.3,60,0,0.1,0.0,2,0.0
450.0,-0.0191,0.571,0.936,-0.58,56.9,21.4,2,238,-0.0392,-0.9,212,0.0034,0.07,0.084,opp,0.3,60,0,0.1,0.1,2,0.0
559.0,-0.013,0.488,0.961,-0.41,70.7,22.1,3,301,0.0007,0.02,258,-0.0291,-0.59,0.083,1R,0.3,60,0,0.2,0.0,3,1.0
460.0,-0.0138,0.498,0.957,-0.4,58.2,19.9,4,247,-0.0313,-0.71,213,0.0066,0.12,0.074,1R,0.3,60,0,0.2,0.1,3,1.0
559.0,0.0141,0.474,1.041,0.39,70.7,16.0,4,301,0.0285,0.61,258,-0.0027,-0.05,0.083,1.5R,0.3,60,0,0.2,0.0,3,1.5
460.0,0.0041,0.48,1.012,0.11,58.2,20.9,4,247,-0.005,-0.1,213,0.0147,0.25,0.074,1.5R,0.3,60,0,0.2,0.1,3,1.5
559.0,0.0094,0.465,1.027,0.25,70.7,19.8,4,301,0.0298,0.61,258,-0.0143,-0.24,0.083,2R,0.3,60,0,0.2,0.0,3,2.0
460.0,-0.0033,0.474,0.99,-0.08,58.2,24.6,3,247,-0.0098,-0.19,213,0.0043,0.07,0.074,2R,0.3,60,0,0.2,0.1,3,2.0
549.0,-0.0164,0.545,0.946,-0.54,69.4,19.4,3,292,-0.0042,-0.11,257,-0.0301,-0.63,0.084,opp,0.3,60,0,0.2,0.0,2,0.0
450.0,-0.0199,0.578,0.928,-0.65,56.9,20.9,3,238,-0.0314,-0.78,212,-0.007,-0.15,0.075,opp,0.3,60,0,0.2,0.1,2,0.0
525.0,-0.0161,0.469,0.955,-0.47,66.3,20.7,4,277,-0.0192,-0.43,248,-0.0126,-0.24,0.089,1R,0.4,30,0,0.05,0.0,3,1.0
447.0,0.0027,0.485,1.008,0.07,56.6,12.8,6,230,-0.0063,-0.13,217,0.0122,0.22,0.077,1R,0.4,30,0,0.05,0.1,3,1.0
525.0,-0.0107,0.44,0.972,-0.28,66.3,21.9,5,277,-0.0095,-0.19,248,-0.0119,-0.2,0.089,1.5R,0.4,30,0,0.05,0.0,3,1.5
447.0,-0.0013,0.459,0.996,-0.03,56.6,18.9,5,230,-0.0192,-0.37,217,0.0176,0.29,0.077,1.5R,0.4,30,0,0.05,0.1,3,1.5
525.0,-0.043,0.425,0.889,-1.1,66.3,32.0,2,277,-0.0442,-0.87,248,-0.0415,-0.69,0.089,2R,0.4,30,0,0.05,0.0,3,2.0
447.0,-0.0224,0.452,0.937,-0.56,56.6,21.4,4,230,-0.0353,-0.68,217,-0.0086,-0.14,0.077,2R,0.4,30,0,0.05,0.1,3,2.0
514.0,-0.0314,0.527,0.906,-0.94,64.9,25.1,3,267,-0.0333,-0.75,247,-0.0293,-0.58,0.09,opp,0.4,30,0,0.05,0.0,2,0.0
434.0,-0.0223,0.574,0.924,-0.69,55.0,14.7,5,220,-0.0448,-1.06,214,0.0008,0.02,0.079,opp,0.4,30,0,0.05,0.1,2,0.0
525.0,-0.0151,0.467,0.956,-0.45,66.3,17.1,4,277,-0.0153,-0.35,248,-0.0148,-0.29,0.084,1R,0.4,30,0,0.1,0.0,3,1.0
447.0,0.0022,0.483,1.007,0.06,56.6,13.5,5,230,-0.0015,-0.03,217,0.006,0.11,0.074,1R,0.4,30,0,0.1,0.1,3,1.0
525.0,-0.0009,0.446,0.998,-0.02,66.3,20.9,5,277,0.0007,0.01,248,-0.0026,-0.04,0.084,1.5R,0.4,30,0,0.1,0.0,3,1.5
447.0,0.005,0.463,1.015,0.13,56.6,17.8,4,230,-0.0069,-0.14,217,0.0177,0.29,0.074,1.5R,0.4,30,0,0.1,0.1,3,1.5
525.0,-0.0383,0.429,0.898,-1.0,66.3,29.3,4,277,-0.0389,-0.79,248,-0.0376,-0.63,0.084,2R,0.4,30,0,0.1,0.0,3,2.0
447.0,-0.0147,0.456,0.957,-0.37,56.6,20.0,4,230,-0.0284,-0.57,217,-0.0001,-0.0,0.074,2R,0.4,30,0,0.1,0.1,3,2.0
514.0,-0.0277,0.533,0.914,-0.86,64.9,20.7,4,267,-0.0303,-0.72,247,-0.0248,-0.51,0.085,opp,0.4,30,0,0.1,0.0,2,0.0
434.0,-0.018,0.578,0.936,-0.57,55.0,15.4,4,220,-0.0353,-0.87,214,-0.0001,-0.0,0.076,opp,0.4,30,0,0.1,0.1,2,0.0
525.0,-0.0055,0.469,0.983,-0.17,66.3,12.5,5,277,0.0054,0.13,248,-0.0177,-0.36,0.077,1R,0.4,30,0,0.2,0.0,3,1.0
447.0,0.0021,0.483,1.007,0.06,56.6,11.5,6,230,0.0006,0.01,217,0.0038,0.07,0.069,1R,0.4,30,0,0.2,0.1,3,1.0
525.0,-0.0188,0.44,0.944,-0.54,66.3,18.9,4,277,-0.0102,-0.22,248,-0.0285,-0.52,0.077,1.5R,0.4,30,0,0.2,0.0,3,1.5
447.0,-0.017,0.459,0.947,-0.47,56.6,19.3,4,230,-0.0228,-0.48,217,-0.0109,-0.19,0.069,1.5R,0.4,30,0,0.2,0.1,3,1.5
525.0,-0.0349,0.432,0.899,-0.97,66.3,27.4,4,277,-0.0174,-0.37,248,-0.0543,-0.98,0.077,2R,0.4,30,0,0.2,0.0,3,2.0
447.0,-0.0277,0.456,0.915,-0.75,56.6,22.0,4,230,-0.0271,-0.57,217,-0.0283,-0.5,0.069,2R,0.4,30,0,0.2,0.1,3,2.0
514.0,-0.0276,0.539,0.907,-0.93,64.9,20.2,4,267,-0.0187,-0.48,247,-0.0372,-0.82,0.078,opp,0.4,30,0,0.2,0.0,2,0.0
434.0,-0.0271,0.581,0.898,-0.92,55.0,14.9,4,220,-0.0364,-0.96,214,-0.0175,-0.39,0.07,opp,0.4,30,0,0.2,0.1,2,0.0
393.0,0.0025,0.481,1.008,0.07,49.8,12.7,2,221,-0.0368,-0.74,172,0.053,0.86,0.084,1R,0.4,60,0,0.05,0.0,3,1.0
326.0,0.0182,0.5,1.059,0.44,41.4,7.5,3,177,-0.041,-0.78,149,0.0885,1.38,0.078,1R,0.4,60,0,0.05,0.1,3,1.0
393.0,0.043,0.468,1.127,0.98,49.8,11.8,5,221,-0.0,-0.0,172,0.0982,1.39,0.084,1.5R,0.4,60,0,0.05,0.0,3,1.5
326.0,0.0477,0.485,1.149,1.02,41.4,9.9,6,177,-0.0235,-0.4,149,0.1324,1.78,0.078,1.5R,0.4,60,0,0.05,0.1,3,1.5
393.0,0.0103,0.453,1.029,0.23,49.8,14.9,4,221,-0.0205,-0.36,172,0.0499,0.69,0.084,2R,0.4,60,0,0.05,0.0,3,2.0
326.0,0.0227,0.475,1.07,0.48,41.4,13.1,3,177,-0.0421,-0.72,149,0.0996,1.31,0.078,2R,0.4,60,0,0.05,0.1,3,2.0
377.0,-0.006,0.552,0.98,-0.16,47.8,11.6,3,209,-0.0471,-0.97,168,0.045,0.77,0.088,opp,0.4,60,0,0.05,0.0,2,0.0
309.0,0.0118,0.599,1.045,0.31,39.2,8.4,5,164,-0.0655,-1.33,145,0.0992,1.71,0.08,opp,0.4,60,0,0.05,0.1,2,0.0
393.0,0.0044,0.483,1.014,0.12,49.8,9.8,5,221,-0.0374,-0.77,172,0.0581,0.98,0.082,1R,0.4,60,0,0.1,0.0,3,1.0
326.0,0.0177,0.503,1.06,0.44,41.4,7.8,4,177,-0.0364,-0.7,149,0.0819,1.31,0.075,1R,0.4,60,0,0.1,0.1,3,1.0
393.0,0.0569,0.476,1.175,1.31,49.8,11.2,6,221,0.0012,0.02,172,0.1285,1.83,0.082,1.5R,0.4,60,0,0.1,0.0,3,1.5
326.0,0.0545,0.491,1.176,1.18,41.4,9.9,6,177,-0.0215,-0.37,149,0.1449,1.97,0.075,1.5R,0.4,60,0,0.1,0.1,3,1.5
393.0,0.0051,0.455,1.015,0.12,49.8,16.3,4,221,-0.0206,-0.37,172,0.038,0.55,0.082,2R,0.4,60,0,0.1,0.0,3,2.0
326.0,0.0185,0.479,1.058,0.4,41.4,13.9,4,177,-0.0408,-0.71,149,0.0889,1.19,0.075,2R,0.4,60,0,0.1,0.1,3,2.0
377.0,-0.0003,0.56,0.999,-0.01,47.8,9.5,4,209,-0.0489,-1.04,168,0.0602,1.07,0.083,opp,0.4,60,0,0.1,0.0,2,0.0
309.0,0.013,0.605,1.051,0.35,39.2,8.8,5,164,-0.0617,-1.29,145,0.0976,1.74,0.076,opp,0.4,60,0,0.1,0.1,2,0.0
393.0,0.0258,0.491,1.089,0.71,49.8,7.6,5,221,-0.001,-0.02,172,0.0603,1.05,0.074,1R,0.4,60,0,0.2,0.0,3,1.0
326.0,0.0277,0.506,1.1,0.72,41.4,6.0,5,177,-0.0226,-0.46,149,0.0875,1.44,0.069,1R,0.4,60,0,0.2,0.1,3,1.0
393.0,0.0373,0.473,1.123,0.93,49.8,9.8,5,221,0.0087,0.17,172,0.0742,1.15,0.074,1.5R,0.4,60,0,0.2,0.0,3,1.5
326.0,0.0322,0.488,1.111,0.76,41.4,9.5,4,177,-0.0228,-0.42,149,0.0976,1.44,0.069,1.5R,0.4,60,0,0.2,0.1,3,1.5
393.0,0.0144,0.463,1.046,0.35,49.8,12.9,4,221,0.004,0.08,172,0.0279,0.43,0.074,2R,0.4,60,0,0.2,0.0,3,2.0
326.0,0.0131,0.482,1.044,0.3,41.4,14.5,5,177,-0.0377,-0.71,149,0.0733,1.06,0.069,2R,0.4,60,0,0.2,0.1,3,2.0
377.0,0.0015,0.568,1.006,0.04,47.8,8.5,5,209,-0.0274,-0.64,168,0.0374,0.71,0.075,opp,0.4,60,0,0.2,0.0,2,0.0
309.0,0.006,0.608,1.025,0.18,39.2,8.3,5,164,-0.0555,-1.25,145,0.0757,1.45,0.07,opp,0.4,60,0,0.2,0.1,2,0.0
407.0,0.0202,0.489,1.065,0.55,51.6,11.7,6,212,0.0108,0.22,195,0.0305,0.54,0.08,1R,0.5,30,0,0.05,0.0,3,1.0
354.0,0.0225,0.492,1.077,0.6,44.8,10.4,5,179,0.0231,0.46,175,0.0219,0.39,0.071,1R,0.5,30,0,0.05,0.1,3,1.0
407.0,0.0184,0.464,1.056,0.45,51.6,10.5,6,212,0.0051,0.1,195,0.0329,0.52,0.08,1.5R,0.5,30,0,0.05,0.0,3,1.5
354.0,0.0212,0.472,1.07,0.51,44.8,9.6,6,179,0.0122,0.23,175,0.0304,0.48,0.071,1.5R,0.5,30,0,0.05,0.1,3,1.5
407.0,-0.0104,0.455,0.969,-0.25,51.6,13.3,4,212,-0.0078,-0.14,195,-0.0133,-0.21,0.08,2R,0.5,30,0,0.05,0.0,3,2.0
354.0,-0.0102,0.463,0.967,-0.25,44.8,10.7,5,179,-0.0115,-0.21,175,-0.0087,-0.14,0.071,2R,0.5,30,0,0.05,0.1,3,2.0
389.0,0.0049,0.571,1.017,0.14,49.3,11.3,6,197,-0.006,-0.13,192,0.016,0.31,0.083,opp,0.5,30,0,0.05,0.0,2,0.0
334.0,-0.0011,0.602,0.996,-0.03,42.3,11.4,5,164,-0.0176,-0.39,170,0.0149,0.3,0.073,opp,0.5,30,0,0.05,0.1,2,0.0
407.0,0.013,0.484,1.042,0.36,51.6,10.6,6,212,0.0101,0.21,195,0.0162,0.29,0.077,1R,0.5,30,0,0.1,0.0,3,1.0
354.0,0.0174,0.489,1.061,0.47,44.8,10.5,6,179,0.0231,0.47,175,0.0115,0.21,0.069,1R,0.5,30,0,0.1,0.1,3,1.0
407.0,0.0113,0.464,1.035,0.28,51.6,9.7,6,212,0.0023,0.04,195,0.0212,0.34,0.077,1.5R,0.5,30,0,0.1,0.0,3,1.5
354.0,0.0129,0.472,1.044,0.32,44.8,9.6,6,179,0.0086,0.17,175,0.0173,0.28,0.069,1.5R,0.5,30,0,0.1,0.1,3,1.5
407.0,-0.0163,0.455,0.95,-0.41,51.6,12.7,4,212,-0.012,-0.23,195,-0.0209,-0.34,0.077,2R,0.5,30,0,0.1,0.0,3,2.0
354.0,-0.0143,0.463,0.952,-0.36,44.8,11.0,5,179,-0.0157,-0.3,175,-0.0129,-0.21,0.069,2R,0.5,30,0,0.1,0.1,3,2.0
389.0,-0.0034,0.571,0.988,-0.1,49.3,12.2,5,197,-0.0109,-0.24,192,0.0043,0.08,0.079,opp,0.5,30,0,0.1,0.0,2,0.0
334.0,-0.0065,0.602,0.973,-0.2,42.3,11.9,5,164,-0.019,-0.43,170,0.0056,0.12,0.07,opp,0.5,30,0,0.1,0.1,2,0.0
407.0,0.0133,0.484,1.046,0.39,51.6,8.3,6,212,0.0263,0.59,195,-0.0009,-0.02,0.071,1R,0.5,30,0,0.2,0.0,3,1.0
354.0,0.0099,0.486,1.037,0.28,44.8,9.4,7,179,0.013,0.28,175,0.0067,0.13,0.063,1R,0.5,30,0,0.2,0.1,3,1.0
407.0,-0.001,0.462,0.997,-0.03,51.6,9.5,5,212,0.0099,0.21,195,-0.0129,-0.22,0.071,1.5R,0.5,30,0,0.2,0.0,3,1.5
354.0,-0.0128,0.463,0.955,-0.34,44.8,8.9,5,179,-0.018,-0.37,175,-0.0075,-0.13,0.063,1.5R,0.5,30,0,0.2,0.1,3,1.5
407.0,-0.0097,0.459,0.968,-0.26,51.6,8.8,4,212,0.0134,0.27,195,-0.0348,-0.61,0.071,2R,0.5,30,0,0.2,0.0,3,2.0
354.0,-0.024,0.463,0.916,-0.65,44.8,11.7,5,179,-0.0208,-0.43,175,-0.0272,-0.48,0.063,2R,0.5,30,0,0.2,0.1,3,2.0
389.0,-0.0039,0.576,0.985,-0.12,49.3,9.8,6,197,0.0042,0.1,192,-0.0122,-0.26,0.073,opp,0.5,30,0,0.2,0.0,2,0.0
334.0,-0.0156,0.602,0.933,-0.51,42.3,11.6,4,164,-0.0247,-0.6,170,-0.0069,-0.15,0.065,opp,0.5,30,0,0.2,0.1,2,0.0
307.0,0.0474,0.508,1.169,1.16,38.9,10.2,5,165,-0.0028,-0.05,142,0.1058,1.66,0.078,1R,0.5,60,0,0.05,0.0,3,1.0
258.0,0.0563,0.516,1.22,1.33,32.7,5.6,5,135,-0.0074,-0.13,123,0.1261,1.93,0.071,1R,0.5,60,0,0.05,0.1,3,1.0
307.0,0.0647,0.495,1.225,1.42,38.9,10.8,5,165,0.0086,0.15,142,0.13,1.8,0.078,1.5R,0.5,60,0,0.05,0.0,3,1.5
258.0,0.0708,0.504,1.268,1.5,32.7,5.0,5,135,-0.0052,-0.09,123,0.1543,2.07,0.071,1.5R,0.5,60,0,0.05,0.1,3,1.5
307.0,0.0296,0.482,1.1,0.64,38.9,11.1,5,165,0.0065,0.11,142,0.0565,0.79,0.078,2R,0.5,60,0,0.05,0.0,3,2.0
258.0,0.0357,0.492,1.132,0.76,32.7,5.7,4,135,-0.0241,-0.41,123,0.1014,1.37,0.071,2R,0.5,60,0,0.05,0.1,3,2.0
284.0,0.0393,0.599,1.16,1.01,36.0,8.4,5,148,-0.0007,-0.01,136,0.0828,1.41,0.08,opp,0.5,60,0,0.05,0.0,2,0.0
234.0,0.0511,0.632,1.246,1.32,29.7,5.6,5,117,-0.0201,-0.39,117,0.1223,2.15,0.073,opp,0.5,60,0,0.05,0.1,2,0.0
307.0,0.0289,0.502,1.104,0.73,38.9,10.8,5,165,-0.0136,-0.26,142,0.0782,1.26,0.075,1R,0.5,60,0,0.1,0.0,3,1.0
258.0,0.0409,0.512,1.162,0.99,32.7,5.6,5,135,-0.0146,-0.27,123,0.1018,1.6,0.068,1R,0.5,60,0,0.1,0.1,3,1.0
307.0,0.0588,0.495,1.207,1.31,38.9,10.5,5,165,-0.0006,-0.01,142,0.1279,1.79,0.075,1.5R,0.5,60,0,0.1,0.0,3,1.5
258.0,0.0637,0.504,1.245,1.37,32.7,5.0,5,135,-0.0163,-0.29,123,0.1515,2.05,0.068,1.5R,0.5,60,0,0.1,0.1,3,1.5
307.0,0.0203,0.482,1.069,0.45,38.9,10.9,4,165,-0.0018,-0.03,142,0.046,0.66,0.075,2R,0.5,60,0,0.1,0.0,3,2.0
258.0,0.0281,0.492,1.105,0.61,32.7,5.6,4,135,-0.0328,-0.58,123,0.0949,1.3,0.068,2R,0.5,60,0,0.1,0.1,3,2.0
284.0,0.0282,0.599,1.116,0.74,36.0,8.3,5,148,-0.0101,-0.2,136,0.0699,1.23,0.077,opp,0.5,60,0,0.1,0.0,2,0.0
234.0,0.0416,0.632,1.203,1.11,29.7,6.0,4,117,-0.0267,-0.53,117,0.1099,1.99,0.07,opp,0.5,60,0,0.1,0.1,2,0.0
307.0,0.0454,0.508,1.18,1.19,38.9,7.7,5,165,0.0198,0.41,142,0.0752,1.26,0.069,1R,0.5,60,0,0.2,0.0,3,1.0
258.0,0.0418,0.512,1.176,1.06,32.7,5.1,5,135,-0.0146,-0.29,123,0.1037,1.7,0.063,1R,0.5,60,0,0.2,0.1,3,1.0
307.0,0.0491,0.495,1.188,1.18,38.9,8.1,5,165,0.0286,0.53,142,0.0729,1.12,0.069,1.5R,0.5,60,0,0.2,0.0,3,1.5
258.0,0.0364,0.496,1.147,0.85,32.7,7.1,4,135,-0.0276,-0.52,123,0.1066,1.59,0.063,1.5R,0.5,60,0,0.2,0.1,3,1.5
307.0,0.0299,0.489,1.112,0.71,38.9,6.7,5,165,0.0307,0.56,142,0.0291,0.45,0.069,2R,0.5,60,0,0.2,0.0,3,2.0
258.0,0.0146,0.492,1.058,0.35,32.7,6.0,3,135,-0.0368,-0.7,123,0.071,1.07,0.063,2R,0.5,60,0,0.2,0.1,3,2.0
284.0,0.0326,0.606,1.148,0.93,36.0,7.6,5,148,0.0154,0.34,136,0.0512,0.96,0.071,opp,0.5,60,0,0.2,0.0,2,0.0
234.0,0.0316,0.632,1.163,0.9,29.7,5.6,4,117,-0.0292,-0.62,117,0.0923,1.79,0.064,opp,0.5,60,0,0.2,0.1,2,0.0
317.0,0.0014,0.486,1.004,0.03,40.2,12.7,3,158,-0.0143,-0.27,159,0.0169,0.28,0.074,1R,0.6,30,0,0.05,0.0,3,1.0
278.0,0.0076,0.493,1.027,0.19,35.2,12.7,5,136,-0.0085,-0.15,142,0.023,0.38,0.065,1R,0.6,30,0,0.05,0.1,3,1.0
317.0,0.0052,0.473,1.016,0.12,40.2,13.5,5,158,-0.0137,-0.24,159,0.0239,0.36,0.074,1.5R,0.6,30,0,0.05,0.0,3,1.5
278.0,0.012,0.482,1.042,0.27,35.2,11.9,5,136,-0.0051,-0.09,142,0.0284,0.43,0.065,1.5R,0.6,30,0,0.05,0.1,3,1.5
317.0,-0.0256,0.467,0.92,-0.59,40.2,14.9,5,158,-0.0341,-0.59,159,-0.0172,-0.27,0.074,2R,0.6,30,0,0.05,0.0,3,2.0
278.0,-0.0133,0.478,0.954,-0.31,35.2,13.3,4,136,-0.0242,-0.42,142,-0.0028,-0.04,0.065,2R,0.6,30,0,0.05,0.1,3,2.0
302.0,-0.0133,0.576,0.95,-0.37,38.3,13.4,6,146,-0.0276,-0.57,156,0.0002,0.0,0.076,opp,0.6,30,0,0.05,0.0,2,0.0
261.0,-0.0079,0.605,0.966,-0.23,33.1,12.3,5,124,-0.0253,-0.53,137,0.0078,0.15,0.068,opp,0.6,30,0,0.05,0.1,2,0.0
317.0,-0.0053,0.483,0.982,-0.13,40.2,12.6,4,158,-0.0196,-0.37,159,0.0089,0.15,0.071,1R,0.6,30,0,0.1,0.0,3,1.0
278.0,-0.0005,0.489,0.998,-0.01,35.2,12.5,5,136,-0.0152,-0.28,142,0.0136,0.23,0.063,1R,0.6,30,0,0.1,0.1,3,1.0
317.0,-0.0032,0.473,0.99,-0.07,40.2,13.4,5,158,-0.0224,-0.4,159,0.0159,0.25,0.071,1.5R,0.6,30,0,0.1,0.0,3,1.5
278.0,0.0025,0.482,1.009,0.06,35.2,11.8,5,136,-0.0152,-0.27,142,0.0194,0.3,0.063,1.5R,0.6,30,0,0.1,0.1,3,1.5
317.0,-0.0337,0.467,0.893,-0.8,40.2,17.0,5,158,-0.0416,-0.75,159,-0.0258,-0.41,0.071,2R,0.6,30,0,0.1,0.0,3,2.0
278.0,-0.0191,0.478,0.933,-0.46,35.2,13.2,4,136,-0.0319,-0.57,142,-0.0068,-0.11,0.063,2R,0.6,30,0,0.1,0.1,3,2.0
302.0,-0.0203,0.576,0.922,-0.58,38.3,13.5,5,146,-0.0332,-0.7,156,-0.0083,-0.16,0.073,opp,0.6,30,0,0.1,0.0,2,0.0
261.0,-0.0136,0.605,0.94,-0.4,33.1,12.3,5,124,-0.0298,-0.64,137,0.0012,0.02,0.066,opp,0.6,30,0,0.1,0.1,2,0.0
317.0,-0.011,0.483,0.961,-0.29,40.2,11.7,3,158,-0.0178,-0.36,159,-0.0042,-0.07,0.066,1R,0.6,30,0,0.2,0.0,3,1.0
278.0,-0.0143,0.486,0.946,-0.38,35.2,11.6,5,136,-0.0313,-0.62,142,0.002,0.03,0.06,1R,0.6,30,0,0.2,0.1,3,1.0
317.0,-0.0172,0.473,0.941,-0.43,40.2,12.6,4,158,-0.0239,-0.46,159,-0.0104,-0.17,0.066,1.5R,0.6,30,0,0.2,0.0,3,1.5
278.0,-0.0207,0.478,0.924,-0.52,35.2,11.0,4,136,-0.0389,-0.74,142,-0.0033,-0.06,0.06,1.5R,0.6,30,0,0.2,0.1,3,1.5
317.0,-0.0313,0.47,0.894,-0.79,40.2,15.0,4,158,-0.0228,-0.43,159,-0.0398,-0.67,0.066,2R,0.6,30,0,0.2,0.0,3,2.0
278.0,-0.0271,0.478,0.9,-0.69,35.2,13.2,4,136,-0.0339,-0.63,142,-0.0206,-0.35,0.06,2R,0.6,30,0,0.2,0.1,3,2.0
302.0,-0.0207,0.579,0.916,-0.63,38.3,12.9,3,146,-0.023,-0.52,156,-0.0185,-0.38,0.068,opp,0.6,30,0,0.2,0.0,2,0.0
261.0,-0.0197,0.605,0.909,-0.61,33.1,11.7,5,124,-0.0347,-0.78,137,-0.0061,-0.13,0.061,opp,0.6,30,0,0.2,0.1,2,0.0
233.0,0.0389,0.502,1.149,0.88,29.5,9.6,6,121,-0.0186,-0.33,112,0.1011,1.48,0.073,1R,0.6,60,0,0.05,0.0,3,1.0
194.0,0.0574,0.515,1.249,1.26,24.6,5.0,6,99,-0.004,-0.07,95,0.1213,1.73,0.065,1R,0.6,60,0,0.05,0.1,3,1.0
233.0,0.05,0.494,1.187,1.03,29.5,9.8,6,121,-0.0216,-0.35,112,0.1274,1.67,0.073,1.5R,0.6,60,0,0.05,0.0,3,1.5
194.0,0.0649,0.505,1.274,1.29,24.6,4.9,6,99,-0.0207,-0.33,95,0.1541,1.97,0.065,1.5R,0.6,60,0,0.05,0.1,3,1.5
233.0,0.0152,0.485,1.055,0.32,29.5,9.2,5,121,-0.0202,-0.32,112,0.0534,0.72,0.073,2R,0.6,60,0,0.05,0.0,3,2.0
194.0,0.0333,0.5,1.138,0.69,24.6,6.1,4,99,-0.0257,-0.41,95,0.0949,1.26,0.065,2R,0.6,60,0,0.05,0.1,3,2.0
212.0,0.0274,0.599,1.122,0.67,26.9,8.3,5,107,-0.015,-0.28,105,0.0707,1.15,0.075,opp,0.6,60,0,0.05,0.0,2,0.0
173.0,0.0596,0.642,1.341,1.49,22.0,4.6,5,85,0.0016,0.03,88,0.1156,1.96,0.066,opp,0.6,60,0,0.05,0.1,2,0.0
233.0,0.029,0.498,1.112,0.67,29.5,9.4,6,121,-0.0262,-0.47,112,0.0886,1.32,0.071,1R,0.6,60,0,0.1,0.0,3,1.0
194.0,0.0447,0.51,1.196,1.0,24.6,4.9,5,99,-0.0136,-0.24,95,0.1053,1.54,0.062,1R,0.6,60,0,0.1,0.1,3,1.0
233.0,0.0435,0.494,1.166,0.91,29.5,9.5,6,121,-0.0324,-0.55,112,0.1255,1.67,0.071,1.5R,0.6,60,0,0.1,0.0,3,1.5
194.0,0.0569,0.505,1.245,1.16,24.6,4.8,6,99,-0.0336,-0.57,95,0.1512,1.95,0.062,1.5R,0.6,60,0,0.1,0.1,3,1.5
233.0,0.0049,0.485,1.018,0.11,29.5,9.0,5,121,-0.029,-0.48,112,0.0415,0.58,0.071,2R,0.6,60,0,0.1,0.0,3,2.0
194.0,0.025,0.5,1.105,0.53,24.6,6.2,4,99,-0.0354,-0.6,95,0.0879,1.2,0.062,2R,0.6,60,0,0.1,0.1,3,2.0
212.0,0.02,0.599,1.091,0.5,26.9,8.4,5,107,-0.0204,-0.39,105,0.0611,1.02,0.073,opp,0.6,60,0,0.1,0.0,2,0.0
173.0,0.0526,0.642,1.306,1.35,22.0,4.7,5,85,-0.0029,-0.06,88,0.1062,1.85,0.064,opp,0.6,60,0,0.1,0.1,2,0.0
233.0,0.0332,0.502,1.139,0.8,29.5,7.2,6,121,-0.0091,-0.17,112,0.079,1.23,0.066,1R,0.6,60,0,0.2,0.0,3,1.0
194.0,0.0392,0.51,1.182,0.92,24.6,4.4,5,99,-0.0196,-0.36,95,0.1004,1.53,0.06,1R,0.6,60,0,0.2,0.1,3,1.0
233.0,0.0382,0.498,1.157,0.86,29.5,7.7,5,121,-0.0072,-0.13,112,0.0873,1.27,0.066,1.5R,0.6,60,0,0.2,0.0,3,1.5
194.0,0.04,0.505,1.181,0.88,24.6,5.0,5,99,-0.0333,-0.59,95,0.1164,1.65,0.06,1.5R,0.6,60,0,0.2,0.1,3,1.5
233.0,0.0095,0.489,1.037,0.22,29.5,7.0,5,121,-0.0051,-0.09,112,0.0251,0.38,0.066,2R,0.6,60,0,0.2,0.0,3,2.0
194.0,0.0155,0.5,1.069,0.35,24.6,6.2,4,99,-0.0366,-0.65,95,0.0698,1.03,0.06,2R,0.6,60,0,0.2,0.1,3,2.0
212.0,0.0226,0.604,1.112,0.61,26.9,6.6,5,107,-0.0032,-0.07,105,0.0489,0.87,0.067,opp,0.6,60,0,0.2,0.0,2,0.0
173.0,0.0451,0.642,1.279,1.24,22.0,4.2,5,85,-0.0064,-0.13,88,0.0949,1.78,0.06,opp,0.6,60,0,0.2,0.1,2,0.0
211.0,0.0172,0.479,1.064,0.37,26.8,8.0,4,107,0.0555,0.94,104,-0.0223,-0.32,0.064,1R,0.75,30,0,0.05,0.0,3,1.0
187.0,0.0253,0.487,1.103,0.55,23.7,6.4,5,92,0.0474,0.8,95,0.0039,0.06,0.058,1R,0.75,30,0,0.05,0.1,3,1.0
211.0,0.0284,0.474,1.103,0.57,26.8,10.2,5,107,0.0612,0.93,104,-0.0053,-0.07,0.064,1.5R,0.75,30,0,0.05,0.0,3,1.5
187.0,0.04,0.487,1.163,0.81,23.7,6.8,6,92,0.0634,0.98,95,0.0173,0.23,0.058,1.5R,0.75,30,0,0.05,0.1,3,1.5
211.0,0.0174,0.474,1.063,0.35,26.8,9.6,5,107,0.0496,0.76,104,-0.0157,-0.21,0.064,2R,0.75,30,0,0.05,0.0,3,2.0
187.0,0.0258,0.487,1.106,0.53,23.7,6.8,6,92,0.0619,0.94,95,-0.0091,-0.13,0.058,2R,0.75,30,0,0.05,0.1,3,2.0
196.0,-0.0126,0.597,0.943,-0.33,24.9,8.7,4,96,0.0077,0.16,100,-0.0321,-0.55,0.066,opp,0.75,30,0,0.05,0.0,2,0.0
171.0,-0.0088,0.632,0.952,-0.25,21.7,6.8,4,81,-0.0109,-0.24,90,-0.0069,-0.13,0.062,opp,0.75,30,0,0.05,0.1,2,0.0
211.0,0.0161,0.479,1.061,0.36,26.8,7.7,4,107,0.0509,0.88,104,-0.0196,-0.28,0.062,1R,0.75,30,0,0.1,0.0,3,1.0
187.0,0.0236,0.487,1.098,0.52,23.7,6.3,5,92,0.0415,0.72,95,0.0063,0.09,0.056,1R,0.75,30,0,0.1,0.1,3,1.0
211.0,0.0222,0.474,1.082,0.45,26.8,10.2,5,107,0.0489,0.78,104,-0.0052,-0.07,0.062,1.5R,0.75,30,0,0.1,0.0,3,1.5
187.0,0.0325,0.487,1.135,0.68,23.7,6.7,6,92,0.0494,0.81,95,0.0162,0.22,0.056,1.5R,0.75,30,0,0.1,0.1,3,1.5
211.0,0.0077,0.474,1.029,0.16,26.8,9.7,4,107,0.0394,0.64,104,-0.0249,-0.34,0.062,2R,0.75,30,0,0.1,0.0,3,2.0
187.0,0.0195,0.487,1.081,0.41,23.7,6.7,6,92,0.052,0.83,95,-0.012,-0.17,0.056,2R,0.75,30,0,0.1,0.1,3,2.0
196.0,-0.0167,0.597,0.923,-0.45,24.9,8.8,4,96,0.004,0.08,100,-0.0367,-0.64,0.064,opp,0.75,30,0,0.1,0.0,2,0.0
171.0,-0.0116,0.632,0.936,-0.33,21.7,6.9,4,81,-0.0127,-0.29,90,-0.0105,-0.2,0.06,opp,0.75,30,0,0.1,0.1,2,0.0
211.0,0.0093,0.479,1.036,0.21,26.8,8.0,4,107,0.0453,0.82,104,-0.0278,-0.41,0.058,1R,0.75,30,0,0.2,0.0,3,1.0
187.0,0.0122,0.487,1.052,0.28,23.7,6.2,5,92,0.031,0.56,95,-0.0061,-0.09,0.053,1R,0.75,30,0,0.2,0.1,3,1.0
211.0,0.0151,0.474,1.059,0.33,26.8,8.8,5,107,0.0489,0.84,104,-0.0197,-0.27,0.058,1.5R,0.75,30,0,0.2,0.0,3,1.5
187.0,0.0214,0.487,1.092,0.47,23.7,6.7,6,92,0.0454,0.77,95,-0.0018,-0.03,0.053,1.5R,0.75,30,0,0.2,0.1,3,1.5
211.0,0.0066,0.474,1.026,0.14,26.8,8.3,4,107,0.043,0.75,104,-0.0308,-0.43,0.058,2R,0.75,30,0,0.2,0.0,3,2.0
187.0,0.0145,0.487,1.062,0.32,23.7,6.7,6,92,0.0473,0.79,95,-0.0173,-0.25,0.053,2R,0.75,30,0,0.2,0.1,3,2.0
196.0,-0.0212,0.597,0.898,-0.59,24.9,9.0,4,96,0.0033,0.07,100,-0.0448,-0.82,0.06,opp,0.75,30,0,0.2,0.0,2,0.0
171.0,-0.0165,0.632,0.905,-0.49,21.7,6.9,4,81,-0.016,-0.38,90,-0.0171,-0.33,0.056,opp,0.75,30,0,0.2,0.1,2,0.0
151.0,0.0487,0.49,1.209,0.94,19.2,7.5,5,77,0.0611,0.94,74,0.0358,0.44,0.062,1R,0.75,60,0,0.05,0.0,3,1.0
127.0,0.0633,0.512,1.316,1.22,16.1,4.6,5,63,0.0369,0.57,64,0.0891,1.1,0.057,1R,0.75,60,0,0.05,0.1,3,1.0
151.0,0.0869,0.49,1.372,1.48,19.2,7.0,5,77,0.1009,1.34,74,0.0723,0.8,0.062,1.5R,0.75,60,0,0.05,0.0,3,1.5
127.0,0.0966,0.512,1.483,1.64,16.1,4.1,5,63,0.0651,0.88,64,0.1276,1.39,0.057,1.5R,0.75,60,0,0.05,0.1,3,1.5
151.0,0.0501,0.483,1.209,0.88,19.2,7.0,4,77,0.0967,1.28,74,0.0017,0.02,0.062,2R,0.75,60,0,0.05,0.0,3,2.0
127.0,0.0422,0.504,1.203,0.78,16.1,4.1,4,63,0.052,0.72,64,0.0325,0.4,0.057,2R,0.75,60,0,0.05,0.1,3,2.0
132.0,0.0243,0.629,1.131,0.55,16.8,7.7,4,66,0.0493,0.89,66,-0.0007,-0.01,0.064,opp,0.75,60,0,0.05,0.0,2,0.0
107.0,0.0521,0.682,1.382,1.26,13.6,4.3,5,51,0.0327,0.64,56,0.0698,1.09,0.061,opp,0.75,60,0,0.05,0.1,2,0.0
151.0,0.0469,0.49,1.205,0.92,19.2,7.2,5,77,0.0541,0.85,74,0.0393,0.49,0.06,1R,0.75,60,0,0.1,0.0,3,1.0
127.0,0.0602,0.512,1.307,1.18,16.1,4.4,5,63,0.0282,0.45,64,0.0918,1.14,0.055,1R,0.75,60,0,0.1,0.1,3,1.0
151.0,0.0784,0.49,1.342,1.38,19.2,6.8,5,77,0.0844,1.18,74,0.0721,0.8,0.06,1.5R,0.75,60,0,0.1,0.0,3,1.5
127.0,0.0863,0.512,1.44,1.52,16.1,4.0,5,63,0.0459,0.67,64,0.1262,1.39,0.055,1.5R,0.75,60,0,0.1,0.1,3,1.5
151.0,0.0375,0.483,1.159,0.69,19.2,6.9,4,77,0.0834,1.17,74,-0.0102,-0.12,0.06,2R,0.75,60,0,0.1,0.0,3,2.0
127.0,0.0336,0.504,1.164,0.65,16.1,4.1,4,63,0.0388,0.59,64,0.0284,0.35,0.055,2R,0.75,60,0,0.1,0.1,3,2.0
132.0,0.0199,0.629,1.109,0.46,16.8,7.7,4,66,0.0449,0.83,66,-0.0051,-0.08,0.062,opp,0.75,60,0,0.1,0.0,2,0.0
107.0,0.0481,0.682,1.36,1.19,13.6,4.3,5,51,0.0302,0.6,56,0.0644,1.03,0.059,opp,0.75,60,0,0.1,0.1,2,0.0
151.0,0.0473,0.49,1.218,0.96,19.2,7.0,5,77,0.0609,1.01,74,0.0332,0.43,0.057,1R,0.75,60,0,0.2,0.0,3,1.0
127.0,0.0548,0.512,1.29,1.11,16.1,4.5,5,63,0.027,0.45,64,0.0822,1.06,0.053,1R,0.75,60,0,0.2,0.1,3,1.0
151.0,0.0625,0.49,1.287,1.18,19.2,6.5,5,77,0.0875,1.29,74,0.0364,0.44,0.057,1.5R,0.75,60,0,0.2,0.0,3,1.5
127.0,0.0626,0.512,1.331,1.2,16.1,3.8,5,63,0.0422,0.64,64,0.0827,1.01,0.053,1.5R,0.75,60,0,0.2,0.1,3,1.5
151.0,0.0314,0.483,1.14,0.61,19.2,6.7,4,77,0.0778,1.19,74,-0.017,-0.21,0.057,2R,0.75,60,0,0.2,0.0,3,2.0
127.0,0.0278,0.504,1.141,0.56,16.1,4.0,4,63,0.0345,0.55,64,0.0213,0.28,0.053,2R,0.75,60,0,0.2,0.1,3,2.0
132.0,0.0164,0.629,1.095,0.41,16.8,7.7,5,66,0.0458,0.92,66,-0.013,-0.2,0.06,opp,0.75,60,0,0.2,0.0,2,0.0
107.0,0.041,0.682,1.317,1.06,13.6,4.3,5,51,0.0258,0.54,56,0.0548,0.92,0.056,opp,0.75,60,0,0.2,0.1,2,0.0
