config,spread_k,comm,slip,n,avg_R,t,PF,avg_R_L,avg_R_S
default,1.0,0.0,0.0,1828.0,0.0368,1.1,1.071,0.020900628315158896,0.05499301534280842
default,1.0,0.0,0.05,1828.0,0.0214,0.64,1.041,0.005400933862043271,0.0398334929321805
default,1.0,0.0,0.15,1828.0,-0.0131,-0.39,0.976,-0.026652799579271136,0.0025203556807634675
default,1.0,0.0,0.3,1828.0,-0.0663,-2.02,0.885,-0.07579959556073458,-0.05531484113121383
default,1.0,0.07,0.0,1828.0,0.0231,0.69,1.044,0.007310325144456853,0.04123719225118702
default,1.0,0.07,0.05,1828.0,0.0078,0.23,1.015,-0.008189369308658758,0.026077669840559092
default,1.0,0.07,0.15,1828.0,-0.0267,-0.81,0.952,-0.04024310274997317,-0.011235467410857939
default,1.0,0.07,0.3,1828.0,-0.0799,-2.43,0.863,-0.08938989873143662,-0.06907066422283524
default,1.0,0.15,0.0,1828.0,0.0075,0.22,1.014,-0.00822144990777403,0.025516251575048277
default,1.0,0.15,0.05,1828.0,-0.0078,-0.24,0.986,-0.023721144360889655,0.010356729164420365
default,1.0,0.15,0.15,1828.0,-0.0423,-1.28,0.925,-0.05577487780220407,-0.026956408086996668
default,1.0,0.15,0.3,1828.0,-0.0955,-2.91,0.839,-0.1049216737836675,-0.08479160489897397
default,1.5,0.0,0.0,1849.0,0.0102,0.31,1.019,-0.010951641081072253,0.03611704805737156
default,1.5,0.0,0.05,1849.0,-0.0056,-0.17,0.99,-0.025234542138347724,0.01837636628711911
default,1.5,0.0,0.15,1849.0,-0.0417,-1.28,0.925,-0.05781261495439983,-0.021910718197063094
default,1.5,0.0,0.3,1849.0,-0.098,-3.04,0.833,-0.1055135914180105,-0.08884836129811845
default,1.5,0.07,0.0,1849.0,-0.0034,-0.1,0.994,-0.024599062075836967,0.02248086952163229
default,1.5,0.07,0.05,1849.0,-0.0193,-0.59,0.965,-0.03888196313311243,0.004740187751379834
default,1.5,0.07,0.15,1849.0,-0.0553,-1.7,0.902,-0.07146003594916454,-0.035546896732802376
default,1.5,0.07,0.3,1849.0,-0.1117,-3.46,0.813,-0.11916101241277521,-0.10248453983385776
default,1.5,0.15,0.0,1849.0,-0.019,-0.58,0.965,-0.04019611464128234,0.006896665480787427
default,1.5,0.15,0.05,1849.0,-0.0349,-1.07,0.937,-0.0544790156985578,-0.010844016289465025
default,1.5,0.15,0.15,1849.0,-0.0709,-2.18,0.877,-0.0870570885146099,-0.05113110077364723
default,1.5,0.15,0.3,1849.0,-0.1273,-3.94,0.79,-0.13475806497822057,-0.11806874387470262
default,2.0,0.0,0.0,1866.0,-0.0105,-0.32,0.98,-0.03856305077299269,0.026210217448949427
default,2.0,0.0,0.05,1866.0,-0.0325,-1.01,0.941,-0.05339316589716128,-0.005246693787552815
default,2.0,0.0,0.15,1866.0,-0.0693,-2.16,0.878,-0.08490257311460475,-0.04895658894355521
default,2.0,0.0,0.3,1866.0,-0.1291,-4.11,0.784,-0.14778988980636745,-0.10468815277913253
default,2.0,0.07,0.0,1866.0,-0.0241,-0.74,0.956,-0.0522826485884188,0.012737483755360556
default,2.0,0.07,0.05,1866.0,-0.0461,-1.43,0.917,-0.06711276371258743,-0.01871942748114169
default,2.0,0.07,0.15,1866.0,-0.0829,-2.58,0.856,-0.0986221709300309,-0.062429322637144076
default,2.0,0.07,0.3,1866.0,-0.1427,-4.54,0.765,-0.1615094876217936,-0.1181608864727214
default,2.0,0.15,0.0,1866.0,-0.0397,-1.23,0.929,-0.06796218894890584,-0.002659926180169571
default,2.0,0.15,0.05,1866.0,-0.0617,-1.91,0.891,-0.08279230407307443,-0.03411683741667181
default,2.0,0.15,0.15,1866.0,-0.0985,-3.07,0.832,-0.11430171129051787,-0.0778267325726742
default,2.0,0.15,0.3,1866.0,-0.1583,-5.04,0.744,-0.1771890279822806,-0.1335582964082515
tight_sl0.5_tp2,1.0,0.0,0.0,1828.0,-0.0359,-1.12,0.945,-0.018649048306958647,-0.05572470076327009
tight_sl0.5_tp2,1.0,0.0,0.05,1828.0,-0.0661,-2.06,0.902,-0.048504391244057136,-0.08619716114197483
tight_sl0.5_tp2,1.0,0.0,0.15,1828.0,-0.1354,-4.22,0.811,-0.11434204158247127,-0.15953509469925967
tight_sl0.5_tp2,1.0,0.0,0.3,1828.0,-0.2422,-7.57,0.69,-0.2117828539997481,-0.27701918618366994
tight_sl0.5_tp2,1.0,0.07,0.0,1828.0,-0.0633,-1.98,0.906,-0.045829654648362715,-0.08323634694651287
tight_sl0.5_tp2,1.0,0.07,0.05,1828.0,-0.0934,-2.92,0.865,-0.0756849975854612,-0.11370880732521761
tight_sl0.5_tp2,1.0,0.07,0.15,1828.0,-0.1627,-5.07,0.779,-0.1415226479238753,-0.1870467408825025
tight_sl0.5_tp2,1.0,0.07,0.3,1828.0,-0.2695,-8.41,0.663,-0.23896346034115218,-0.30453083236691264
tight_sl0.5_tp2,1.0,0.15,0.0,1828.0,-0.0945,-2.95,0.864,-0.07689320475282449,-0.11467822829879035
tight_sl0.5_tp2,1.0,0.15,0.05,1828.0,-0.1246,-3.89,0.826,-0.10674854768992297,-0.14515068867749503
tight_sl0.5_tp2,1.0,0.15,0.15,1828.0,-0.194,-6.04,0.744,-0.1725861980283371,-0.21848862223477994
tight_sl0.5_tp2,1.0,0.15,0.3,1828.0,-0.3008,-9.38,0.635,-0.27002701044561395,-0.3359727137191902
tight_sl0.5_tp2,1.5,0.0,0.0,1849.0,-0.0973,-3.12,0.856,-0.08335167234739582,-0.1144026847962749
tight_sl0.5_tp2,1.5,0.0,0.05,1849.0,-0.1261,-4.03,0.819,-0.11595170955843567,-0.1385647161643503
tight_sl0.5_tp2,1.5,0.0,0.15,1849.0,-0.1981,-6.35,0.732,-0.18145883522948947,-0.218556952058032
tight_sl0.5_tp2,1.5,0.0,0.3,1849.0,-0.3168,-10.24,0.608,-0.3077875578646114,-0.3277889527193068
tight_sl0.5_tp2,1.5,0.07,0.0,1849.0,-0.1246,-3.99,0.821,-0.11064651433692524,-0.1416750418677534
tight_sl0.5_tp2,1.5,0.07,0.05,1849.0,-0.1534,-4.9,0.785,-0.1432465515479651,-0.16583707323582875
tight_sl0.5_tp2,1.5,0.07,0.15,1849.0,-0.2254,-7.21,0.703,-0.20875367721901886,-0.2458293091295105
tight_sl0.5_tp2,1.5,0.07,0.3,1849.0,-0.3441,-11.11,0.585,-0.3350823998541409,-0.35506130979078526
tight_sl0.5_tp2,1.5,0.15,0.0,1849.0,-0.1558,-4.99,0.783,-0.14184061946781595,-0.17284344994944312
tight_sl0.5_tp2,1.5,0.15,0.05,1849.0,-0.1846,-5.9,0.75,-0.17444065667885578,-0.19700548131751855
tight_sl0.5_tp2,1.5,0.15,0.15,1849.0,-0.2566,-8.21,0.671,-0.2399477823499096,-0.2769977172112002
tight_sl0.5_tp2,1.5,0.15,0.3,1849.0,-0.3752,-12.1,0.56,-0.36627650498503167,-0.38622971787247506
tight_sl0.5_tp2,2.0,0.0,0.0,1866.0,-0.1441,-4.71,0.792,-0.12690681699727674,-0.16652680309937304
tight_sl0.5_tp2,2.0,0.0,0.05,1866.0,-0.1797,-5.88,0.749,-0.15928563698959197,-0.20639100471056193
tight_sl0.5_tp2,2.0,0.0,0.15,1866.0,-0.2464,-8.08,0.674,-0.2291367810001216,-0.26901128227507315
tight_sl0.5_tp2,2.0,0.0,0.3,1866.0,-0.3721,-12.38,0.551,-0.3569576960323739,-0.3918123342067469
tight_sl0.5_tp2,2.0,0.07,0.0,1866.0,-0.1713,-5.6,0.76,-0.154346012628129,-0.19347227048655072
tight_sl0.5_tp2,2.0,0.07,0.05,1866.0,-0.2069,-6.77,0.718,-0.1867248326204442,-0.23333647209773964
tight_sl0.5_tp2,2.0,0.07,0.15,1866.0,-0.2736,-8.96,0.647,-0.25657597663097387,-0.29595674966225083
tight_sl0.5_tp2,2.0,0.07,0.3,1866.0,-0.3993,-13.27,0.53,-0.3843968916632261,-0.4187578015939247
tight_sl0.5_tp2,2.0,0.15,0.0,1866.0,-0.2024,-6.61,0.725,-0.185705093349103,-0.22426709035761097
tight_sl0.5_tp2,2.0,0.15,0.05,1866.0,-0.238,-7.78,0.686,-0.21808391334141822,-0.26413129196879986
tight_sl0.5_tp2,2.0,0.15,0.15,1866.0,-0.3048,-9.97,0.619,-0.2879350573519479,-0.3267515695333111
tight_sl0.5_tp2,2.0,0.15,0.3,1866.0,-0.4304,-14.28,0.507,-0.41575597238420003,-0.4495526214649848
fade_tp1,1.0,0.0,0.0,1748.0,-0.089,-4.05,0.816,-0.11827370329118665,-0.06300416823290529
fade_tp1,1.0,0.0,0.05,1748.0,-0.095,-4.3,0.806,-0.1245018148219819,-0.0688562932353753
fade_tp1,1.0,0.0,0.15,1748.0,-0.107,-4.8,0.786,-0.13695803788360067,-0.08056054324034184
fade_tp1,1.0,0.0,0.3,1748.0,-0.1251,-5.53,0.758,-0.1556423724759863,-0.09811691824775182
fade_tp1,1.0,0.07,0.0,1748.0,-0.1027,-4.67,0.791,-0.1321622263841972,-0.0765825745664319
fade_tp1,1.0,0.07,0.05,1748.0,-0.1087,-4.92,0.781,-0.1383903379149924,-0.08243469956890191
fade_tp1,1.0,0.07,0.15,1748.0,-0.1208,-5.41,0.762,-0.15084656097661117,-0.09413894957386845
fade_tp1,1.0,0.07,0.3,1748.0,-0.1389,-6.13,0.735,-0.1695308955689968,-0.11169532458127841
fade_tp1,1.0,0.15,0.0,1748.0,-0.1184,-5.38,0.763,-0.1480348242047806,-0.09210075323331947
fade_tp1,1.0,0.15,0.05,1748.0,-0.1244,-5.63,0.754,-0.15426293573557584,-0.09795287823578946
fade_tp1,1.0,0.15,0.15,1748.0,-0.1365,-6.11,0.736,-0.1667191587971946,-0.10965712824075602
fade_tp1,1.0,0.15,0.3,1748.0,-0.1545,-6.82,0.71,-0.18540349338958026,-0.127213503248166
fade_tp1,1.5,0.0,0.0,1734.0,-0.1107,-5.03,0.776,-0.1495688430733524,-0.07769633342224608
fade_tp1,1.5,0.0,0.05,1734.0,-0.1168,-5.28,0.766,-0.15596436349762527,-0.08364183658130407
fade_tp1,1.5,0.0,0.15,1734.0,-0.1291,-5.78,0.747,-0.16875540434620004,-0.09553284289944702
fade_tp1,1.5,0.0,0.3,1734.0,-0.1476,-6.51,0.72,-0.1879419656190186,-0.11336935237662099
fade_tp1,1.5,0.07,0.0,1734.0,-0.1244,-5.65,0.752,-0.16342295109853888,-0.0913104320939767
fade_tp1,1.5,0.07,0.05,1734.0,-0.1306,-5.9,0.743,-0.16981847152281174,-0.09725593525303469
fade_tp1,1.5,0.07,0.15,1734.0,-0.1429,-6.39,0.725,-0.18260951237138648,-0.10914694157117764
fade_tp1,1.5,0.07,0.3,1734.0,-0.1613,-7.11,0.699,-0.20179607364420502,-0.1269834510483516
fade_tp1,1.5,0.15,0.0,1734.0,-0.1401,-6.36,0.726,-0.1792562174130377,-0.10686940200452595
fade_tp1,1.5,0.15,0.05,1734.0,-0.1463,-6.61,0.717,-0.18565173783731054,-0.11281490516358393
fade_tp1,1.5,0.15,0.15,1734.0,-0.1586,-7.09,0.7,-0.19844277868588533,-0.1247059114817269
fade_tp1,1.5,0.15,0.3,1734.0,-0.177,-7.8,0.675,-0.21762933995870387,-0.14254242095890088
fade_tp1,2.0,0.0,0.0,1713.0,-0.139,-6.31,0.726,-0.1732342958640065,-0.11101478738257178
fade_tp1,2.0,0.0,0.05,1713.0,-0.1453,-6.57,0.717,-0.17976479405510212,-0.1171509432631082
fade_tp1,2.0,0.0,0.15,1713.0,-0.1579,-7.07,0.699,-0.192825790437323,-0.12942325502420887
fade_tp1,2.0,0.0,0.3,1713.0,-0.1769,-7.8,0.674,-0.21241728501060983,-0.14783172266581807
fade_tp1,2.0,0.07,0.0,1713.0,-0.1527,-6.93,0.704,-0.1870381735514068,-0.12466115965487981
fade_tp1,2.0,0.07,0.05,1713.0,-0.159,-7.18,0.695,-0.1935686717425024,-0.1307973155354162
fade_tp1,2.0,0.07,0.15,1713.0,-0.1716,-7.68,0.678,-0.2066296681247233,-0.14306962729651687
fade_tp1,2.0,0.07,0.3,1713.0,-0.1906,-8.4,0.654,-0.22622116269801018,-0.1614780949381261
fade_tp1,2.0,0.15,0.0,1713.0,-0.1684,-7.64,0.679,-0.20281403376557858,-0.1402570136803747
fade_tp1,2.0,0.15,0.05,1713.0,-0.1747,-7.89,0.671,-0.20934453195667416,-0.14639316956091109
fade_tp1,2.0,0.15,0.15,1713.0,-0.1873,-8.37,0.655,-0.22240552833889513,-0.15866548132201175
fade_tp1,2.0,0.15,0.3,1713.0,-0.2063,-9.08,0.631,-0.24199702291218192,-0.17707394896362097
wide_sl2,1.0,0.0,0.0,1828.0,0.0132,0.69,1.044,0.0001646485394760562,0.02804912847857978
wide_sl2,1.0,0.0,0.05,1828.0,0.0037,0.19,1.012,-0.009961274432890004,0.019345630956877486
wide_sl2,1.0,0.0,0.15,1828.0,-0.0158,-0.82,0.95,-0.029213943096856817,-0.0003387551220115015
wide_sl2,1.0,0.0,0.3,1828.0,-0.0466,-2.44,0.86,-0.058030926272044044,-0.033413286322260136
wide_sl2,1.0,0.07,0.0,1828.0,0.0063,0.33,1.021,-0.006630503045874967,0.021171216932769063
wide_sl2,1.0,0.07,0.05,1828.0,-0.0031,-0.16,0.99,-0.016756426018241035,0.01246771941106677
wide_sl2,1.0,0.07,0.15,1828.0,-0.0226,-1.18,0.929,-0.03600909468220784,-0.007216666667822214
wide_sl2,1.0,0.07,0.3,1828.0,-0.0534,-2.8,0.842,-0.06482607785739507,-0.04029119786807084
wide_sl2,1.0,0.15,0.0,1828.0,-0.0015,-0.08,0.995,-0.014396390571990398,0.013310746594699698
wide_sl2,1.0,0.15,0.05,1828.0,-0.0109,-0.57,0.965,-0.024522313544356474,0.004607249072997409
wide_sl2,1.0,0.15,0.15,1828.0,-0.0304,-1.59,0.906,-0.04377498220832328,-0.015077137005891576
wide_sl2,1.0,0.15,0.3,1828.0,-0.0612,-3.21,0.821,-0.0725919653835105,-0.048151668206140204
wide_sl2,1.5,0.0,0.0,1849.0,-0.004,-0.21,0.987,-0.01782612377687296,0.01295295194512938
wide_sl2,1.5,0.0,0.05,1849.0,-0.0143,-0.76,0.954,-0.027491176330260075,0.0017816467297499911
wide_sl2,1.5,0.0,0.15,1849.0,-0.0331,-1.75,0.898,-0.04634834826160577,-0.01693959308370312
wide_sl2,1.5,0.0,0.3,1849.0,-0.0627,-3.33,0.816,-0.07541316089119146,-0.047057824987690615
wide_sl2,1.5,0.07,0.0,1849.0,-0.0108,-0.57,0.965,-0.024649834274255322,0.006134862677259749
wide_sl2,1.5,0.07,0.05,1849.0,-0.0212,-1.12,0.933,-0.03431488682764243,-0.005036442538119655
wide_sl2,1.5,0.07,0.15,1849.0,-0.04,-2.12,0.878,-0.05317205875898812,-0.023757682351572777
wide_sl2,1.5,0.07,0.3,1849.0,-0.0695,-3.69,0.799,-0.08223687138857382,-0.05387591425556025
wide_sl2,1.5,0.15,0.0,1849.0,-0.0186,-0.98,0.941,-0.032448360556978,-0.001657239343162675
wide_sl2,1.5,0.15,0.05,1849.0,-0.029,-1.53,0.91,-0.04211341311036512,-0.012828544558542078
wide_sl2,1.5,0.15,0.15,1849.0,-0.0477,-2.53,0.856,-0.06097058504171081,-0.031549784371995196
wide_sl2,1.5,0.15,0.3,1849.0,-0.0773,-4.1,0.779,-0.09003539767129648,-0.061668016275982694
wide_sl2,2.0,0.0,0.0,1866.0,-0.0162,-0.86,0.949,-0.030351590524327763,0.0022901436637879956
wide_sl2,2.0,0.0,0.05,1866.0,-0.0273,-1.45,0.915,-0.04007128531184191,-0.010626021886042504
wide_sl2,2.0,0.0,0.15,1866.0,-0.0467,-2.49,0.859,-0.05997202333190907,-0.02939841484438651
wide_sl2,2.0,0.0,0.3,1866.0,-0.0785,-4.21,0.775,-0.0950122873160578,-0.05704015922375546
wide_sl2,2.0,0.07,0.0,1866.0,-0.023,-1.22,0.928,-0.037211389432040845,-0.004446223183006448
wide_sl2,2.0,0.07,0.05,1866.0,-0.0341,-1.81,0.895,-0.04693108421955498,-0.01736238873283694
wide_sl2,2.0,0.07,0.15,1866.0,-0.0535,-2.85,0.841,-0.06683182223962215,-0.03613478169118096
wide_sl2,2.0,0.07,0.3,1866.0,-0.0854,-4.57,0.758,-0.10187208622377088,-0.06377652607054989
wide_sl2,2.0,0.15,0.0,1866.0,-0.0308,-1.64,0.905,-0.045051159612284356,-0.0121449281507715
wide_sl2,2.0,0.15,0.05,1866.0,-0.0419,-2.23,0.873,-0.05477085439979849,-0.025061093700602003
wide_sl2,2.0,0.15,0.15,1866.0,-0.0613,-3.26,0.82,-0.07467159241986564,-0.04383348665894601
wide_sl2,2.0,0.15,0.3,1866.0,-0.0931,-4.98,0.74,-0.10971185640401437,-0.07147523103831496
