config,costs,period,side,n,avg_R,win_rate,PF,t_stat,trades_per_year,maxDD_R,yrs_pos
default,frictionless,IS,all,1787.0,0.0988,0.418,1.2,2.88,225.1,27.7,6.0
default,frictionless,IS,long,905.0,0.0843,0.411,1.172,1.75,114.0,32.0,
default,frictionless,IS,short,882.0,0.1137,0.425,1.227,2.31,111.1,32.5,
default,frictionless,VAL,all,470.0,0.0581,0.383,1.11,0.84,236.8,30.9,2.0
default,frictionless,VAL,long,238.0,-0.0349,0.357,0.937,-0.39,120.1,28.0,
default,frictionless,VAL,short,232.0,0.1535,0.409,1.304,1.45,117.0,20.8,
default,default,IS,all,1828.0,0.0078,0.391,1.015,0.23,230.2,43.5,4.0
default,default,IS,long,976.0,-0.0082,0.383,0.985,-0.18,123.0,42.4,
default,default,IS,short,852.0,0.0261,0.399,1.048,0.53,107.3,44.6,
default,default,VAL,all,478.0,-0.0105,0.366,0.981,-0.16,240.8,37.1,1.0
default,default,VAL,long,256.0,-0.0927,0.34,0.841,-1.09,129.1,35.9,
default,default,VAL,short,222.0,0.0844,0.396,1.159,0.81,112.0,22.1,
default,stress,IS,all,1842.0,-0.0321,0.38,0.942,-0.98,232.0,83.6,2.0
default,stress,IS,long,1004.0,-0.0496,0.372,0.911,-1.12,126.5,59.4,
default,stress,IS,short,838.0,-0.0111,0.39,0.98,-0.23,105.6,61.3,
tight_sl0.5_tp2,frictionless,IS,all,1787.0,0.0864,0.375,1.141,2.59,225.1,33.9,7.0
tight_sl0.5_tp2,frictionless,IS,long,905.0,0.0914,0.381,1.151,1.97,114.0,19.9,
tight_sl0.5_tp2,frictionless,IS,short,882.0,0.0813,0.37,1.13,1.7,111.1,36.3,
tight_sl0.5_tp2,frictionless,VAL,all,470.0,0.0053,0.345,1.008,0.08,236.8,35.2,1.0
tight_sl0.5_tp2,frictionless,VAL,long,238.0,-0.0972,0.311,0.856,-1.12,120.1,42.9,
tight_sl0.5_tp2,frictionless,VAL,short,232.0,0.1105,0.379,1.181,1.18,117.0,12.0,
tight_sl0.5_tp2,default,IS,all,1828.0,-0.0934,0.329,0.865,-2.92,230.2,177.2,0.0
tight_sl0.5_tp2,default,IS,long,976.0,-0.0757,0.338,0.889,-1.73,123.0,84.3,
tight_sl0.5_tp2,default,IS,short,852.0,-0.1137,0.319,0.839,-2.42,107.3,112.2,
tight_sl0.5_tp2,default,VAL,all,478.0,-0.1425,0.303,0.799,-2.31,240.8,86.0,0.0
tight_sl0.5_tp2,default,VAL,long,256.0,-0.2605,0.266,0.651,-3.25,129.1,74.4,
tight_sl0.5_tp2,default,VAL,short,222.0,-0.0064,0.347,0.99,-0.07,112.0,23.4,
tight_sl0.5_tp2,stress,IS,all,1842.0,-0.1623,0.312,0.777,-5.14,232.0,300.3,0.0
tight_sl0.5_tp2,stress,IS,long,1004.0,-0.1472,0.32,0.794,-3.44,126.5,156.7,
tight_sl0.5_tp2,stress,IS,short,838.0,-0.1804,0.302,0.756,-3.84,105.6,153.5,
fade_tp1,frictionless,IS,all,1787.0,-0.0511,0.481,0.89,-2.34,225.1,117.8,2.0
fade_tp1,frictionless,IS,long,882.0,-0.0707,0.469,0.854,-2.25,111.1,89.8,
fade_tp1,frictionless,IS,short,905.0,-0.0319,0.493,0.929,-1.06,114.0,55.9,
fade_tp1,frictionless,VAL,all,470.0,-0.0285,0.502,0.938,-0.67,236.8,17.6,0.0
fade_tp1,frictionless,VAL,long,232.0,-0.0969,0.466,0.807,-1.58,117.0,24.5,
fade_tp1,frictionless,VAL,short,238.0,0.0381,0.538,1.091,0.64,120.1,10.9,
fade_tp1,default,IS,all,1748.0,-0.1087,0.459,0.781,-4.92,220.2,205.9,1.0
fade_tp1,default,IS,long,821.0,-0.1384,0.445,0.735,-4.24,103.4,128.1,
fade_tp1,default,IS,short,927.0,-0.0824,0.472,0.826,-2.75,116.8,89.8,
fade_tp1,default,VAL,all,465.0,-0.0879,0.477,0.821,-2.04,234.3,41.9,0.0
fade_tp1,default,VAL,long,219.0,-0.1704,0.434,0.684,-2.71,110.5,37.3,
fade_tp1,default,VAL,short,246.0,-0.0145,0.516,0.968,-0.25,124.1,15.2,
fade_tp1,stress,IS,all,1738.0,-0.1293,0.452,0.746,-5.82,218.9,239.0,1.0
fade_tp1,stress,IS,long,802.0,-0.1675,0.434,0.69,-5.06,101.0,145.5,
fade_tp1,stress,IS,short,936.0,-0.0966,0.467,0.8,-3.23,117.9,104.4,
wide_sl2,frictionless,IS,all,1787.0,0.0454,0.492,1.159,2.32,225.1,20.8,7.0
wide_sl2,frictionless,IS,long,905.0,0.0372,0.482,1.13,1.34,114.0,13.0,
wide_sl2,frictionless,IS,short,882.0,0.0537,0.503,1.189,1.95,111.1,26.3,
wide_sl2,frictionless,VAL,all,470.0,0.0157,0.464,1.048,0.38,236.8,16.6,1.0
wide_sl2,frictionless,VAL,long,238.0,-0.0139,0.445,0.958,-0.26,120.1,13.0,
wide_sl2,frictionless,VAL,short,232.0,0.046,0.483,1.14,0.75,117.0,10.0,
wide_sl2,default,IS,all,1828.0,-0.0031,0.461,0.99,-0.16,230.2,40.1,4.0
wide_sl2,default,IS,long,976.0,-0.0168,0.453,0.947,-0.63,123.0,31.0,
wide_sl2,default,IS,short,852.0,0.0125,0.471,1.041,0.45,107.3,33.7,
wide_sl2,default,VAL,all,478.0,-0.0209,0.452,0.94,-0.52,240.8,22.3,1.0
wide_sl2,default,VAL,long,256.0,-0.0487,0.434,0.862,-0.93,129.1,16.0,
wide_sl2,default,VAL,short,222.0,0.0113,0.473,1.033,0.19,112.0,10.2,
wide_sl2,stress,IS,all,1842.0,-0.0274,0.449,0.915,-1.45,232.0,63.7,3.0
wide_sl2,stress,IS,long,1004.0,-0.0406,0.44,0.876,-1.56,126.5,49.3,
wide_sl2,stress,IS,short,838.0,-0.0117,0.459,0.963,-0.42,105.6,43.9,
