candidate,n,net_avg_R,net_t,net_L,net_S,p_coin,p_shuffle,coin_mean,up_break_diff,down_break_diff,gross_avg_R,gross_p_coin,gross_coin_mean,cost_R,stress_avg_R,m_star,be_rt_cost_usd,nominal_rt_usd
exits F1 trail2,1828,0.0225797596039692,0.7,0.004726979003388898,0.043030832216840495,0.0030996900309969004,0.0027997200279972004,-0.05004585476316842,0.08360118451249536,0.21399643812346839,0.11576955018985936,0.0007999200079992001,0.03009034355958148,0.0897448165674942,-0.01826637069994568,1.2201133435858873,0.5741597758476058,0.47057904814003787
exits F2 ATR0.75 BE1 trail1.5 x21,1828,0.011515320236917969,0.67,-0.0022550788632943984,0.027289861929180027,0.0038996100389961006,0.0027997200279972004,-0.03339656292568545,0.07254954676330433,0.1092155724716943,0.05846143093051091,0.0006999300069993001,0.004570081602134387,0.03866304407465834,-0.008374771334483272,1.2127101080212943,0.5706759683024631,0.47057904814003787
exits F3 ATR1.5 time exit,1828,0.0033601823406556497,0.38,-0.0014926034086397298,0.008919242072242851,0.005099490050994901,0.005699430056994301,-0.01915960537908553,0.036538501910036714,0.0545531974675697,0.026271997880120062,0.0018998100189981002,0.00015620976438426943,0.01933152203732917,-0.0066453277868024786,1.133510541451796,0.5334063116530852,0.47057904814003787
entry B buf0.05,1743,0.0157570022991099,0.46,0.004556197135206094,0.028422949458781044,0.007999200079992,0.008799120087991202,-0.05183431269698729,0.09895542688956599,0.17581463093159158,0.10657314387737794,0.003999600039996,0.03128595786904961,0.09058564428543317,-0.035510734203777546,1.147792736654563,0.5394227460322428,0.4699652897303411
timing F1 asia00-05,1933,0.03738234737576183,1.0,0.00852561533994976,0.07127034315235098,0.00019998000199980003,9.999000099990002e-05,-0.07392445373188912,0.18865540754350896,0.26247391062879283,0.14598118633565701,9.999000099990002e-05,0.021695226975702607,0.1038404327780066,-0.004435659241236381,1.3358360063028039,0.6327861381475366,0.47370046559749507
timing F2 asia00-0530 ee07 ex21,1195,0.07424103270565897,1.48,0.02358582640996604,0.14788350920945895,0.00039996000399960006,0.00029997000299970003,-0.06004129736683235,0.19496289968631864,0.37469504830698125,0.15871559707582203,0.0015998400159984002,0.03293451673326153,0.10817772755559468,0.02635159956627472,1.5626142800213372,0.7423346245279929,0.4750594142259192
timing F3 range02-09,1440,0.047137018495669814,1.36,-0.002843011670116547,0.10425705297085422,0.00029997000299970003,9.999000099990002e-05,-0.0588120376883296,0.12863978638021514,0.3082938159205213,0.12845931022484183,0.00029997000299970003,0.020923570271702836,0.08156502034634862,0.007122242207654286,1.4670750344642067,0.6824135180883988,0.4651524305555539
filters F4 w/atr>=0.35,860,0.07522388377927473,1.86,0.03365686193788932,0.12370129212325821,0.00039996000399960006,0.00039996000399960006,-0.037666557122612014,0.2032110066594219,0.2536630873393225,0.14533095519325528,0.00029997000299970003,0.016139318886450434,0.06264729052495839,0.045503742469626914,2.274021987631388,1.0709956066724198,0.470969767441855
filters F1 w/atr>=0.3 & a20<=1,655,0.1127643184605501,2.12,0.12348599112278846,0.10126227088935134,0.00039996000399960006,0.00039996000399960006,-0.034667945494756686,0.2660052815006569,0.3260588118624306,0.19411090146452317,9.999000099990002e-05,0.02621349694952311,0.07358330570417113,0.07377765710860992,2.440816652188718,1.1527269025136178,0.4722709923664073
filters F2 w/atr>=0.35 & a20<=1,491,0.13858773537643196,2.55,0.15353174559672572,0.1225717919335854,0.00019998000199980003,0.00039996000399960006,-0.02497420309949005,0.3788020731701347,0.27298897601085526,0.21542349748195858,9.999000099990002e-05,0.02427363715454608,0.06639539307762578,0.10254435023274151,2.8480567864395905,1.3444046141821873,0.47204276985742716
