y,gold_avg_close,asian_width_mean,asian_width_median,ATR14_mean,width_over_ATR_median,width_pct_of_price,spread_07_12_mean,spread_00_20_mean,spread_at_entries,rt_cost_usd,cost_over_median_width_R,nominal_cost_R_mean,cost_R_tight_0.5w,cost_over_ATR_pct,gross_avg_R,net_avg_R,net_avg_R_L,net_avg_R_S
2014,1266.034560311284,6.366089494163435,5.2000000000000455,16.31768371546149,0.3322795583872445,0.414324258852425,0.2973013194489316,0.27969921670337666,0.2993513513513151,0.4693513513513151,0.0902598752598675,0.09768644613898961,0.19537289227797922,2.876335634000497,0.09731164997852924,0.031160888448626564,-0.02465677722711457,0.11302679810638024
2015,1159.9303100775194,5.807829457364347,4.940000000000055,15.922755260243639,0.31996507883513986,0.4315127897081385,0.3072001137744341,0.30961682154893305,0.30884347826082853,0.4788434782608285,0.09693187819045004,0.10943400800770882,0.2188680160154176,3.0072903240334146,0.3094034091754855,0.16703354175496357,0.09336330838854336,0.24199623535588238
2016,1249.5531007751938,8.2084496124031,6.870000000000118,18.170977851605755,0.3841294298921423,0.5415102770366944,0.29960001550524223,0.3117775521111756,0.3027089201878227,0.4727089201878227,0.06880770308410691,0.07892406128466997,0.15784812256934,2.6014500928250803,0.07242472753984294,-0.022955653942691633,-0.06103554844825756,0.01848423125454187
2017,1258.6141634241246,4.8409727626459205,4.440000000000055,12.57307531962201,0.35294765233664815,0.35705914524571736,0.24120009857714333,0.24746036321661657,0.24423348017625968,0.41423348017625966,0.0932958288685258,0.10308997156202736,0.20617994312405472,3.2946074818289794,0.12747781545216155,-0.0032670520616757243,0.04796604381602312,-0.05776043585886449
2018,1268.8658372093023,4.89945348837209,4.519999999999982,12.163539036544861,0.3638728282429358,0.3511444924057982,0.22640007235517282,0.234764440693447,0.22833755274260925,0.3983375527426093,0.08812777715544488,0.09627327537583116,0.19254655075166233,3.274849133511392,0.09529308753335634,0.014322774271564115,0.08390572319533893,-0.04697649025652323
2019,1393.742437984496,5.901957364341085,4.933499999999981,15.560527408637874,0.3490485689193009,0.35720771974955023,0.28760024034425535,0.29165543216324163,0.2875608695652387,0.4575608695652387,0.09274569161148079,0.10560018586246224,0.21120037172492448,2.940522885562607,-0.00545250620766741,-0.14746017704013972,-0.11185256624963971,-0.19060016703632243
2020,1772.435413127413,12.654602316602318,10.1099999999999,30.059766685052402,0.363788784153939,0.5701219586396836,0.3715003603974816,0.37146996096812696,0.3803766233766429,0.550376623376643,0.0544388351510038,0.06095954830488955,0.1219190966097791,1.8309411019158863,0.13021941045153834,0.1004484360419142,0.18820063854623154,-0.012499943419088269
2021,1799.0058914728684,9.409899224806205,8.405000000000086,23.90612264673311,0.3567776544228225,0.4659513494273043,0.348299949611073,0.3537084583093144,0.3526407563024445,0.5226407563024446,0.06218212448571555,0.06638066609944515,0.13276133219889028,2.186221345994249,-0.027072351950694747,-0.0763073612661696,-0.2563274421902188,0.15171807457095945
2022,1801.4031937984496,9.603600775193803,8.456999999999994,25.485874861572537,0.3263128396967071,0.4660744222825912,0.3675001098290725,0.3740624065963324,0.3857376033058013,0.5557376033058014,0.06571332662951422,0.07108611752335152,0.14217223504670304,2.1805710273801093,0.10567240373780823,0.016877861674208926,-0.06329704244343176,0.1039643954571635
2023,1943.407120622568,8.498501945525284,7.519999999999982,23.635249305169527,0.31938767660709066,0.39199584763292594,0.3171000376154237,0.32205749525737665,0.32348516949151374,0.4934851694915138,0.06562302785791423,0.07220202127828018,0.1444040425565604,2.087920305471786,0.008944273031949713,-0.038483689882359805,-0.1212469188902396,0.0630183834291909
