stop,tp_r,n,median_risk_usd,gross_avg_R,gross_t,net_avg_R,net_t,net_L,net_S,cost_drag_R,gross_usd_per_trade,net_usd_per_trade,dir_info_R,net_PF,net_maxDD
width x0.25,0.0,1828.0,1.380375000000015,0.1789,2.12,-0.2293,-3.26,-0.13476554271149532,-0.33765618464102143,0.4082,0.26368326804700487,-0.23899015317281486,0.11283859320680036,0.762,464.3
width x0.35,0.0,1828.0,1.932525000000021,0.1875,2.66,-0.0793,-1.27,-0.021713521943742004,-0.14528426357258584,0.2668,0.3352534974818118,-0.1275389770240171,0.121988274611163,0.909,188.9
width x0.5,0.0,1828.0,2.76075000000003,0.1471,2.61,-0.0376,-0.72,-0.02571448155457421,-0.051181588458105845,0.1847,0.375846390598768,-0.10912582056887278,0.10689399866867406,0.952,128.3
width x0.75,0.0,1828.0,4.141125000000045,0.1192,2.8,-0.0184,-0.45,-0.050062734153003816,0.01788862461858369,0.1376,0.49886289871292383,-0.05533588621438526,0.07584583554674369,0.972,60.6
width x1.0,0.0,1828.0,5.52150000000006,0.0988,2.88,0.0078,0.23,-0.008189369308658758,0.026077669840559092,0.091,0.5333307218802424,0.0652210065646131,0.06382010397442094,1.015,43.5
width x1.5,0.0,1828.0,8.28225000000009,0.0528,2.13,-0.0097,-0.4,-0.030679099526865438,0.014371340254186677,0.0625,0.44876832680469747,-0.047712800875206324,0.040649607965783194,0.976,54.4
width x2.0,0.0,1828.0,11.04300000000012,0.0454,2.32,-0.0031,-0.16,-0.016756426018241035,0.01246771941106677,0.0485,0.5080442081701155,0.011845459518673373,0.03146660294741973,0.99,40.1
width x3.0,0.0,1828.0,16.56450000000018,0.0305,2.24,-0.0058,-0.43,-0.01036880041981295,-0.0005160047811526356,0.0363,0.5639171796306631,0.02466466083158688,0.021461012223567916,0.973,36.8
width x0.25,2.0,1828.0,1.380375000000015,0.0778,2.29,-0.3096,-9.92,-0.3150996734150015,-0.3032842072651991,0.38739999999999997,0.11059261331840789,-0.4028384846826793,0.061912974095961734,0.619,567.4
width x0.5,2.0,1828.0,2.76075000000003,0.0864,2.59,-0.0934,-2.92,-0.0756849975854612,-0.11370880732521761,0.17980000000000002,0.18537017347509727,-0.27939168490149546,0.07871509618819278,0.865,177.2
width x1.0,2.0,1828.0,5.52150000000006,0.0704,2.54,-0.018,-0.66,-0.030880827382311613,-0.0033359240064390365,0.0884,0.40335422495803025,-0.06033588621439118,0.05594699881319658,0.965,63.5
width x2.0,2.0,1828.0,11.04300000000012,0.0437,2.35,-0.0035,-0.19,-0.016785236500252414,0.011823519466688638,0.047200000000000006,0.4971124790151077,0.010407275711229572,0.02827024189874457,0.989,39.9
ATR x0.1,0.0,1828.0,1.5758928571428548,0.1717,2.24,-0.1224,-1.74,-0.088979962186675,-0.16069448275771553,0.2941,0.21610730274202505,-0.246355321975567,0.13664541654064993,0.869,291.5
ATR x0.2,0.0,1828.0,3.1517857142857095,0.1589,3.11,0.0014,0.03,-0.014476843273356292,0.019551875395571506,0.1575,0.39902492605324125,-0.10555453266640068,0.0974805234986385,1.002,56.2
ATR x0.35,0.0,1828.0,5.515624999999991,0.0983,2.94,0.0082,0.25,-0.02825998314265742,0.0500190770499745,0.0901,0.44655895355344033,-0.05402305798680798,0.06688529412899512,1.015,37.9
ATR x0.5,0.0,1828.0,7.879464285714274,0.064,2.58,-0.003,-0.12,-0.027887160936320356,0.025562599303245493,0.067,0.42347459828923023,-0.11477817286645092,0.04972518351044792,0.993,43.4
ATR x1.0,0.0,1828.0,15.758928571428548,0.0374,2.79,0.0031,0.23,-0.006998769075160112,0.014678992935731173,0.034300000000000004,0.49634031497321796,-0.04959198186925493,0.03134207323243203,1.015,23.7
